source_revision,schema_version,record_source,feature_source,label_source,is_synthetic,training_readiness,group_split,product_id,product_slug,product_name,model,category_id,category_slug,category_name,variant_id,variant_name,sku,missing_sku,weight_kg,length_cm,width_cm,height_cm,volume_cm3,volumetric_weight_kg,min_price_usd,origin_country_codes,origin_count,supplier_count,max_supplier_rating,image_kind,has_image
20260730_04,2,public_catalog_snapshot,seed_derived,unavailable,1,bootstrap_only,validation,1,iphone-14,iPhone 14,A2649,2,phones,Phones,1,128GB,,1,0.200,14.70,7.10,0.80,83.496,0.0167,19.70,CN|SG|TH,3,6,4.80,owned,1
20260730_04,2,public_catalog_snapshot,seed_derived,unavailable,1,bootstrap_only,train,2,rtx-4070,NVIDIA RTX 4070,4070-12G,3,pc-components,PC Components,2,Founders Edition,,1,1.100,24.20,11.20,4.20,1138.368,0.2277,33.30,CN|SG|TH,3,6,4.80,owned,1
20260730_04,2,public_catalog_snapshot,seed_derived,unavailable,1,bootstrap_only,train,3,xiaomi-powerbank-20k,"Xiaomi Power Bank 20,000mAh",PB200ZM,1,electronics,Electronics,3,Type-C 22.5W,,1,0.430,15.30,7.30,2.70,301.563,0.0603,20.00,CN|SG|TH,3,6,4.80,owned,1
20260730_04,2,public_catalog_snapshot,seed_derived,unavailable,1,bootstrap_only,train,4,Phone,Buttom Phones,Nokia 1100,2,phones,Phones,4,1100 model,Phone,0,120.000,200.00,40.00,20.00,160000.000,32.0000,263.20,CN|SG|TH,3,6,4.80,owned,1
20260730_04,2,public_catalog_snapshot,seed_derived,unavailable,1,bootstrap_only,train,5,Touch_1122,Light,Nokia 1100,1,electronics,Electronics,5,China,,1,0.200,10.00,2.00,2.00,40.000,0.0080,23.70,CN|SG|TH,3,6,4.80,owned,1
20260730_04,2,public_catalog_snapshot,seed_derived,unavailable,1,bootstrap_only,train,6,electronics,Fan,Nova air,1,electronics,Electronics,354,Standard 55W,,1,3.500,40.00,40.00,130.00,208000.000,41.6000,112.80,CN|SG|TH,3,3,4.80,owned,1
20260730_04,2,public_catalog_snapshot,seed_derived,unavailable,1,bootstrap_only,train,7,haircare-sku0,Haircare SKU0,SKU0,5,haircare,Haircare,6,Haircare dataset row,SKU0,0,0.350,12.00,8.00,4.00,384.000,0.0768,7.52,CN|IN|SG|TH,4,4,4.86,fallback,0
20260730_04,2,public_catalog_snapshot,seed_derived,unavailable,1,bootstrap_only,train,8,skincare-sku1,Skincare SKU1,SKU1,6,skincare,Skincare,7,Skincare dataset row,SKU1,0,0.250,12.00,8.00,4.00,384.000,0.0768,11.28,CN|IN|SG|TH,4,4,4.86,fallback,0
20260730_04,2,public_catalog_snapshot,seed_derived,unavailable,1,bootstrap_only,train,9,haircare-sku2,Haircare SKU2,SKU2,5,haircare,Haircare,8,Haircare dataset row,SKU2,0,0.350,12.00,8.00,4.00,384.000,0.0768,7.52,CN|IN|SG|TH,4,4,5.00,fallback,0
20260730_04,2,public_catalog_snapshot,seed_derived,unavailable,1,bootstrap_only,train,10,skincare-sku3,Skincare SKU3,SKU3,6,skincare,Skincare,9,Skincare dataset row,SKU3,0,0.250,12.00,8.00,4.00,384.000,0.0768,11.28,CN|IN|SG|TH,4,4,4.80,fallback,0
20260730_04,2,public_catalog_snapshot,seed_derived,unavailable,1,bootstrap_only,train,11,skincare-sku4,Skincare SKU4,SKU4,6,skincare,Skincare,10,Skincare dataset row,SKU4,0,0.250,12.00,8.00,4.00,384.000,0.0768,4.42,CN|IN|SG|TH,4,4,5.00,fallback,0
20260730_04,2,public_catalog_snapshot,seed_derived,unavailable,1,bootstrap_only,test,12,haircare-sku5,Haircare SKU5,SKU5,5,haircare,Haircare,11,Haircare dataset row,SKU5,0,0.350,12.00,8.00,4.00,384.000,0.0768,1.56,CN|IN|SG|TH,4,4,4.80,fallback,0
20260730_04,2,public_catalog_snapshot,seed_derived,unavailable,1,bootstrap_only,train,13,skincare-sku6,Skincare SKU6,SKU6,6,skincare,Skincare,12,Skincare dataset row,SKU6,0,0.250,12.00,8.00,4.00,384.000,0.0768,3.75,CN|IN|SG|TH,4,4,4.86,fallback,0
20260730_04,2,public_catalog_snapshot,seed_derived,unavailable,1,bootstrap_only,train,14,cosmetics-sku7,Cosmetics SKU7,SKU7,7,cosmetics,Cosmetics,13,Cosmetics dataset row,SKU7,0,0.180,12.00,8.00,4.00,384.000,0.0768,9.40,CN|IN|SG|TH,4,4,4.80,fallback,0
20260730_04,2,public_catalog_snapshot,seed_derived,unavailable,1,bootstrap_only,validation,15,cosmetics-sku8,Cosmetics SKU8,SKU8,7,cosmetics,Cosmetics,14,Cosmetics dataset row,SKU8,0,0.180,12.00,8.00,4.00,384.000,0.0768,9.40,CN|IN|SG|TH,4,4,4.80,fallback,0
20260730_04,2,public_catalog_snapshot,seed_derived,unavailable,1,bootstrap_only,train,16,skincare-sku9,Skincare SKU9,SKU9,6,skincare,Skincare,15,Skincare dataset row,SKU9,0,0.250,12.00,8.00,4.00,384.000,0.0768,11.28,CN|IN|SG|TH,4,4,5.00,fallback,0
20260730_04,2,public_catalog_snapshot,seed_derived,unavailable,1,bootstrap_only,train,17,skincare-sku10,Skincare SKU10,SKU10,6,skincare,Skincare,16,Skincare dataset row,SKU10,0,0.250,12.00,8.00,4.00,384.000,0.0768,11.28,CN|IN|SG|TH,4,4,4.80,fallback,0
20260730_04,2,public_catalog_snapshot,seed_derived,unavailable,1,bootstrap_only,train,18,skincare-sku11,Skincare SKU11,SKU11,6,skincare,Skincare,17,Skincare dataset row,SKU11,0,0.250,12.00,8.00,4.00,384.000,0.0768,11.28,CN|IN|SG|TH,4,4,5.00,fallback,0
20260730_04,2,public_catalog_snapshot,seed_derived,unavailable,1,bootstrap_only,train,19,haircare-sku12,Haircare SKU12,SKU12,5,haircare,Haircare,18,Haircare dataset row,SKU12,0,0.350,12.00,8.00,4.00,384.000,0.0768,7.52,CN|IN|SG|TH,4,4,4.80,fallback,0
20260730_04,2,public_catalog_snapshot,seed_derived,unavailable,1,bootstrap_only,test,20,skincare-sku13,Skincare SKU13,SKU13,6,skincare,Skincare,19,Skincare dataset row,SKU13,0,0.250,12.00,8.00,4.00,384.000,0.0768,11.28,CN|IN|SG|TH,4,4,4.80,fallback,0
20260730_04,2,public_catalog_snapshot,seed_derived,unavailable,1,bootstrap_only,train,21,skincare-sku14,Skincare SKU14,SKU14,6,skincare,Skincare,20,Skincare dataset row,SKU14,0,0.250,12.00,8.00,4.00,384.000,0.0768,11.28,CN|IN|SG|TH,4,4,5.00,fallback,0
20260730_04,2,public_catalog_snapshot,seed_derived,unavailable,1,bootstrap_only,test,22,skincare-sku15,Skincare SKU15,SKU15,6,skincare,Skincare,21,Skincare dataset row,SKU15,0,0.250,12.00,8.00,4.00,384.000,0.0768,11.28,CN|IN|SG|TH,4,4,5.00,fallback,0
20260730_04,2,public_catalog_snapshot,seed_derived,unavailable,1,bootstrap_only,train,23,skincare-sku16,Skincare SKU16,SKU16,6,skincare,Skincare,22,Skincare dataset row,SKU16,0,0.250,12.00,8.00,4.00,384.000,0.0768,6.94,CN|IN|SG|TH,4,4,5.00,fallback,0
20260730_04,2,public_catalog_snapshot,seed_derived,unavailable,1,bootstrap_only,validation,24,cosmetics-sku17,Cosmetics SKU17,SKU17,7,cosmetics,Cosmetics,23,Cosmetics dataset row,SKU17,0,0.180,12.00,8.00,4.00,384.000,0.0768,9.40,CN|IN|SG|TH,4,4,5.00,fallback,0
20260730_04,2,public_catalog_snapshot,seed_derived,unavailable,1,bootstrap_only,validation,25,haircare-sku18,Haircare SKU18,SKU18,5,haircare,Haircare,24,Haircare dataset row,SKU18,0,0.350,12.00,8.00,4.00,384.000,0.0768,7.52,CN|IN|SG|TH,4,4,5.00,fallback,0
20260730_04,2,public_catalog_snapshot,seed_derived,unavailable,1,bootstrap_only,test,26,skincare-sku19,Skincare SKU19,SKU19,6,skincare,Skincare,25,Skincare dataset row,SKU19,0,0.250,12.00,8.00,4.00,384.000,0.0768,11.28,CN|IN|SG|TH,4,4,4.80,fallback,0
20260730_04,2,public_catalog_snapshot,seed_derived,unavailable,1,bootstrap_only,validation,27,skincare-sku20,Skincare SKU20,SKU20,6,skincare,Skincare,26,Skincare dataset row,SKU20,0,0.250,12.00,8.00,4.00,384.000,0.0768,11.28,CN|IN|SG|TH,4,4,5.00,fallback,0
20260730_04,2,public_catalog_snapshot,seed_derived,unavailable,1,bootstrap_only,test,28,cosmetics-sku21,Cosmetics SKU21,SKU21,7,cosmetics,Cosmetics,27,Cosmetics dataset row,SKU21,0,0.180,12.00,8.00,4.00,384.000,0.0768,9.40,CN|IN|SG|TH,4,4,4.80,fallback,0
20260730_04,2,public_catalog_snapshot,seed_derived,unavailable,1,bootstrap_only,test,29,haircare-sku22,Haircare SKU22,SKU22,5,haircare,Haircare,28,Haircare dataset row,SKU22,0,0.350,12.00,8.00,4.00,384.000,0.0768,7.52,CN|IN|SG|TH,4,4,4.80,fallback,0
20260730_04,2,public_catalog_snapshot,seed_derived,unavailable,1,bootstrap_only,train,30,cosmetics-sku23,Cosmetics SKU23,SKU23,7,cosmetics,Cosmetics,29,Cosmetics dataset row,SKU23,0,0.180,12.00,8.00,4.00,384.000,0.0768,3.98,CN|IN|SG|TH,4,4,4.80,fallback,0
20260730_04,2,public_catalog_snapshot,seed_derived,unavailable,1,bootstrap_only,train,31,haircare-sku24,Haircare SKU24,SKU24,5,haircare,Haircare,30,Haircare dataset row,SKU24,0,0.350,12.00,8.00,4.00,384.000,0.0768,3.82,CN|IN|SG|TH,4,4,5.00,fallback,0
20260730_04,2,public_catalog_snapshot,seed_derived,unavailable,1,bootstrap_only,train,32,haircare-sku25,Haircare SKU25,SKU25,5,haircare,Haircare,31,Haircare dataset row,SKU25,0,0.350,12.00,8.00,4.00,384.000,0.0768,7.52,CN|IN|SG|TH,4,4,4.80,fallback,0
20260730_04,2,public_catalog_snapshot,seed_derived,unavailable,1,bootstrap_only,train,33,haircare-sku26,Haircare SKU26,SKU26,5,haircare,Haircare,32,Haircare dataset row,SKU26,0,0.350,12.00,8.00,4.00,384.000,0.0768,7.52,CN|IN|SG|TH,4,4,5.00,fallback,0
20260730_04,2,public_catalog_snapshot,seed_derived,unavailable,1,bootstrap_only,train,34,cosmetics-sku27,Cosmetics SKU27,SKU27,7,cosmetics,Cosmetics,33,Cosmetics dataset row,SKU27,0,0.180,12.00,8.00,4.00,384.000,0.0768,9.40,CN|IN|SG|TH,4,4,4.80,fallback,0
20260730_04,2,public_catalog_snapshot,seed_derived,unavailable,1,bootstrap_only,validation,35,cosmetics-sku28,Cosmetics SKU28,SKU28,7,cosmetics,Cosmetics,34,Cosmetics dataset row,SKU28,0,0.180,12.00,8.00,4.00,384.000,0.0768,2.21,CN|IN|SG|TH,4,4,5.00,fallback,0
20260730_04,2,public_catalog_snapshot,seed_derived,unavailable,1,bootstrap_only,train,36,cosmetics-sku29,Cosmetics SKU29,SKU29,7,cosmetics,Cosmetics,35,Cosmetics dataset row,SKU29,0,0.180,12.00,8.00,4.00,384.000,0.0768,9.40,CN|IN|SG|TH,4,4,5.00,fallback,0
20260730_04,2,public_catalog_snapshot,seed_derived,unavailable,1,bootstrap_only,train,37,haircare-sku30,Haircare SKU30,SKU30,5,haircare,Haircare,36,Haircare dataset row,SKU30,0,0.350,12.00,8.00,4.00,384.000,0.0768,7.38,CN|IN|SG|TH,4,4,4.80,fallback,0
20260730_04,2,public_catalog_snapshot,seed_derived,unavailable,1,bootstrap_only,train,38,skincare-sku31,Skincare SKU31,SKU31,6,skincare,Skincare,37,Skincare dataset row,SKU31,0,0.250,12.00,8.00,4.00,384.000,0.0768,11.28,CN|IN|SG|TH,4,4,4.86,fallback,0
20260730_04,2,public_catalog_snapshot,seed_derived,unavailable,1,bootstrap_only,validation,39,skincare-sku32,Skincare SKU32,SKU32,6,skincare,Skincare,38,Skincare dataset row,SKU32,0,0.250,12.00,8.00,4.00,384.000,0.0768,11.28,CN|IN|SG|TH,4,4,4.86,fallback,0
20260730_04,2,public_catalog_snapshot,seed_derived,unavailable,1,bootstrap_only,train,40,cosmetics-sku33,Cosmetics SKU33,SKU33,7,cosmetics,Cosmetics,39,Cosmetics dataset row,SKU33,0,0.180,12.00,8.00,4.00,384.000,0.0768,9.40,CN|IN|SG|TH,4,4,4.80,fallback,0
20260730_04,2,public_catalog_snapshot,seed_derived,unavailable,1,bootstrap_only,train,41,skincare-sku34,Skincare SKU34,SKU34,6,skincare,Skincare,40,Skincare dataset row,SKU34,0,0.250,12.00,8.00,4.00,384.000,0.0768,11.28,CN|IN|SG|TH,4,4,5.00,fallback,0
20260730_04,2,public_catalog_snapshot,seed_derived,unavailable,1,bootstrap_only,train,42,cosmetics-sku35,Cosmetics SKU35,SKU35,7,cosmetics,Cosmetics,41,Cosmetics dataset row,SKU35,0,0.180,12.00,8.00,4.00,384.000,0.0768,9.40,CN|IN|SG|TH,4,4,5.00,fallback,0
20260730_04,2,public_catalog_snapshot,seed_derived,unavailable,1,bootstrap_only,train,43,skincare-sku36,Skincare SKU36,SKU36,6,skincare,Skincare,42,Skincare dataset row,SKU36,0,0.250,12.00,8.00,4.00,384.000,0.0768,9.03,CN|IN|SG|TH,4,4,5.00,fallback,0
20260730_04,2,public_catalog_snapshot,seed_derived,unavailable,1,bootstrap_only,train,44,skincare-sku37,Skincare SKU37,SKU37,6,skincare,Skincare,43,Skincare dataset row,SKU37,0,0.250,12.00,8.00,4.00,384.000,0.0768,11.28,CN|IN|SG|TH,4,4,4.86,fallback,0
20260730_04,2,public_catalog_snapshot,seed_derived,unavailable,1,bootstrap_only,test,45,cosmetics-sku38,Cosmetics SKU38,SKU38,7,cosmetics,Cosmetics,44,Cosmetics dataset row,SKU38,0,0.180,12.00,8.00,4.00,384.000,0.0768,9.40,CN|IN|SG|TH,4,4,4.80,fallback,0
20260730_04,2,public_catalog_snapshot,seed_derived,unavailable,1,bootstrap_only,test,46,skincare-sku39,Skincare SKU39,SKU39,6,skincare,Skincare,45,Skincare dataset row,SKU39,0,0.250,12.00,8.00,4.00,384.000,0.0768,11.28,CN|IN|SG|TH,4,4,5.00,fallback,0
20260730_04,2,public_catalog_snapshot,seed_derived,unavailable,1,bootstrap_only,train,47,skincare-sku40,Skincare SKU40,SKU40,6,skincare,Skincare,46,Skincare dataset row,SKU40,0,0.250,12.00,8.00,4.00,384.000,0.0768,11.28,CN|IN|SG|TH,4,4,5.00,fallback,0
20260730_04,2,public_catalog_snapshot,seed_derived,unavailable,1,bootstrap_only,train,48,skincare-sku41,Skincare SKU41,SKU41,6,skincare,Skincare,47,Skincare dataset row,SKU41,0,0.250,12.00,8.00,4.00,384.000,0.0768,11.28,CN|IN|SG|TH,4,4,4.80,fallback,0
20260730_04,2,public_catalog_snapshot,seed_derived,unavailable,1,bootstrap_only,test,49,skincare-sku42,Skincare SKU42,SKU42,6,skincare,Skincare,48,Skincare dataset row,SKU42,0,0.250,12.00,8.00,4.00,384.000,0.0768,11.28,CN|IN|SG|TH,4,4,4.80,fallback,0
20260730_04,2,public_catalog_snapshot,seed_derived,unavailable,1,bootstrap_only,train,50,haircare-sku43,Haircare SKU43,SKU43,5,haircare,Haircare,49,Haircare dataset row,SKU43,0,0.350,12.00,8.00,4.00,384.000,0.0768,7.52,CN|IN|SG|TH,4,4,4.80,fallback,0
20260730_04,2,public_catalog_snapshot,seed_derived,unavailable,1,bootstrap_only,test,51,cosmetics-sku44,Cosmetics SKU44,SKU44,7,cosmetics,Cosmetics,50,Cosmetics dataset row,SKU44,0,0.180,12.00,8.00,4.00,384.000,0.0768,9.40,CN|IN|SG|TH,4,4,5.00,fallback,0
20260730_04,2,public_catalog_snapshot,seed_derived,unavailable,1,bootstrap_only,test,52,haircare-sku45,Haircare SKU45,SKU45,5,haircare,Haircare,51,Haircare dataset row,SKU45,0,0.350,12.00,8.00,4.00,384.000,0.0768,7.52,CN|IN|SG|TH,4,4,5.00,fallback,0
20260730_04,2,public_catalog_snapshot,seed_derived,unavailable,1,bootstrap_only,train,53,haircare-sku46,Haircare SKU46,SKU46,5,haircare,Haircare,52,Haircare dataset row,SKU46,0,0.350,12.00,8.00,4.00,384.000,0.0768,7.52,CN|IN|SG|TH,4,4,4.86,fallback,0
20260730_04,2,public_catalog_snapshot,seed_derived,unavailable,1,bootstrap_only,test,54,skincare-sku47,Skincare SKU47,SKU47,6,skincare,Skincare,53,Skincare dataset row,SKU47,0,0.250,12.00,8.00,4.00,384.000,0.0768,11.28,CN|IN|SG|TH,4,4,5.00,fallback,0
20260730_04,2,public_catalog_snapshot,seed_derived,unavailable,1,bootstrap_only,train,55,haircare-sku48,Haircare SKU48,SKU48,5,haircare,Haircare,54,Haircare dataset row,SKU48,0,0.350,12.00,8.00,4.00,384.000,0.0768,7.52,CN|IN|SG|TH,4,4,5.00,fallback,0
20260730_04,2,public_catalog_snapshot,seed_derived,unavailable,1,bootstrap_only,train,56,cosmetics-sku49,Cosmetics SKU49,SKU49,7,cosmetics,Cosmetics,55,Cosmetics dataset row,SKU49,0,0.180,12.00,8.00,4.00,384.000,0.0768,9.40,CN|IN|SG|TH,4,4,4.80,fallback,0
20260730_04,2,public_catalog_snapshot,seed_derived,unavailable,1,bootstrap_only,train,57,cosmetics-sku50,Cosmetics SKU50,SKU50,7,cosmetics,Cosmetics,56,Cosmetics dataset row,SKU50,0,0.180,12.00,8.00,4.00,384.000,0.0768,9.40,CN|IN|SG|TH,4,4,5.00,fallback,0
20260730_04,2,public_catalog_snapshot,seed_derived,unavailable,1,bootstrap_only,train,58,haircare-sku51,Haircare SKU51,SKU51,5,haircare,Haircare,57,Haircare dataset row,SKU51,0,0.350,12.00,8.00,4.00,384.000,0.0768,7.52,CN|IN|SG|TH,4,4,4.80,fallback,0
20260730_04,2,public_catalog_snapshot,seed_derived,unavailable,1,bootstrap_only,train,59,skincare-sku52,Skincare SKU52,SKU52,6,skincare,Skincare,58,Skincare dataset row,SKU52,0,0.250,12.00,8.00,4.00,384.000,0.0768,11.28,CN|IN|SG|TH,4,4,5.00,fallback,0
20260730_04,2,public_catalog_snapshot,seed_derived,unavailable,1,bootstrap_only,train,60,skincare-sku53,Skincare SKU53,SKU53,6,skincare,Skincare,59,Skincare dataset row,SKU53,0,0.250,12.00,8.00,4.00,384.000,0.0768,11.28,CN|IN|SG|TH,4,4,5.00,fallback,0
20260730_04,2,public_catalog_snapshot,seed_derived,unavailable,1,bootstrap_only,train,61,haircare-sku54,Haircare SKU54,SKU54,5,haircare,Haircare,60,Haircare dataset row,SKU54,0,0.350,12.00,8.00,4.00,384.000,0.0768,7.52,CN|IN|SG|TH,4,4,5.00,fallback,0
20260730_04,2,public_catalog_snapshot,seed_derived,unavailable,1,bootstrap_only,validation,62,haircare-sku55,Haircare SKU55,SKU55,5,haircare,Haircare,61,Haircare dataset row,SKU55,0,0.350,12.00,8.00,4.00,384.000,0.0768,7.52,CN|IN|SG|TH,4,4,5.00,fallback,0
20260730_04,2,public_catalog_snapshot,seed_derived,unavailable,1,bootstrap_only,validation,63,skincare-sku56,Skincare SKU56,SKU56,6,skincare,Skincare,62,Skincare dataset row,SKU56,0,0.250,12.00,8.00,4.00,384.000,0.0768,11.28,CN|IN|SG|TH,4,4,5.00,fallback,0
20260730_04,2,public_catalog_snapshot,seed_derived,unavailable,1,bootstrap_only,test,64,haircare-sku57,Haircare SKU57,SKU57,5,haircare,Haircare,63,Haircare dataset row,SKU57,0,0.350,12.00,8.00,4.00,384.000,0.0768,7.52,CN|IN|SG|TH,4,4,5.00,fallback,0
20260730_04,2,public_catalog_snapshot,seed_derived,unavailable,1,bootstrap_only,train,65,skincare-sku58,Skincare SKU58,SKU58,6,skincare,Skincare,64,Skincare dataset row,SKU58,0,0.250,12.00,8.00,4.00,384.000,0.0768,11.28,CN|IN|SG|TH,4,4,4.86,fallback,0
20260730_04,2,public_catalog_snapshot,seed_derived,unavailable,1,bootstrap_only,train,66,cosmetics-sku59,Cosmetics SKU59,SKU59,7,cosmetics,Cosmetics,65,Cosmetics dataset row,SKU59,0,0.180,12.00,8.00,4.00,384.000,0.0768,9.40,CN|IN|SG|TH,4,4,5.00,fallback,0
20260730_04,2,public_catalog_snapshot,seed_derived,unavailable,1,bootstrap_only,train,67,skincare-sku60,Skincare SKU60,SKU60,6,skincare,Skincare,66,Skincare dataset row,SKU60,0,0.250,12.00,8.00,4.00,384.000,0.0768,11.28,CN|IN|SG|TH,4,4,4.80,fallback,0
20260730_04,2,public_catalog_snapshot,seed_derived,unavailable,1,bootstrap_only,train,68,haircare-sku61,Haircare SKU61,SKU61,5,haircare,Haircare,67,Haircare dataset row,SKU61,0,0.350,12.00,8.00,4.00,384.000,0.0768,7.52,CN|IN|SG|TH,4,4,4.80,fallback,0
20260730_04,2,public_catalog_snapshot,seed_derived,unavailable,1,bootstrap_only,test,69,cosmetics-sku62,Cosmetics SKU62,SKU62,7,cosmetics,Cosmetics,68,Cosmetics dataset row,SKU62,0,0.180,12.00,8.00,4.00,384.000,0.0768,9.40,CN|IN|SG|TH,4,4,5.00,fallback,0
20260730_04,2,public_catalog_snapshot,seed_derived,unavailable,1,bootstrap_only,train,70,skincare-sku63,Skincare SKU63,SKU63,6,skincare,Skincare,69,Skincare dataset row,SKU63,0,0.250,12.00,8.00,4.00,384.000,0.0768,11.28,CN|IN|SG|TH,4,4,4.86,fallback,0
20260730_04,2,public_catalog_snapshot,seed_derived,unavailable,1,bootstrap_only,train,71,skincare-sku64,Skincare SKU64,SKU64,6,skincare,Skincare,70,Skincare dataset row,SKU64,0,0.250,12.00,8.00,4.00,384.000,0.0768,11.28,CN|IN|SG|TH,4,4,5.00,fallback,0
20260730_04,2,public_catalog_snapshot,seed_derived,unavailable,1,bootstrap_only,validation,72,skincare-sku65,Skincare SKU65,SKU65,6,skincare,Skincare,71,Skincare dataset row,SKU65,0,0.250,12.00,8.00,4.00,384.000,0.0768,11.28,CN|IN|SG|TH,4,4,4.80,fallback,0
20260730_04,2,public_catalog_snapshot,seed_derived,unavailable,1,bootstrap_only,train,73,skincare-sku66,Skincare SKU66,SKU66,6,skincare,Skincare,72,Skincare dataset row,SKU66,0,0.250,12.00,8.00,4.00,384.000,0.0768,11.28,CN|IN|SG|TH,4,4,4.80,fallback,0
20260730_04,2,public_catalog_snapshot,seed_derived,unavailable,1,bootstrap_only,train,74,skincare-sku67,Skincare SKU67,SKU67,6,skincare,Skincare,73,Skincare dataset row,SKU67,0,0.250,12.00,8.00,4.00,384.000,0.0768,11.28,CN|IN|SG|TH,4,4,5.00,fallback,0
20260730_04,2,public_catalog_snapshot,seed_derived,unavailable,1,bootstrap_only,train,75,haircare-sku68,Haircare SKU68,SKU68,5,haircare,Haircare,74,Haircare dataset row,SKU68,0,0.350,12.00,8.00,4.00,384.000,0.0768,7.52,CN|IN|SG|TH,4,4,5.00,fallback,0
20260730_04,2,public_catalog_snapshot,seed_derived,unavailable,1,bootstrap_only,train,76,skincare-sku69,Skincare SKU69,SKU69,6,skincare,Skincare,75,Skincare dataset row,SKU69,0,0.250,12.00,8.00,4.00,384.000,0.0768,11.28,CN|IN|SG|TH,4,4,4.80,fallback,0
20260730_04,2,public_catalog_snapshot,seed_derived,unavailable,1,bootstrap_only,train,77,haircare-sku70,Haircare SKU70,SKU70,5,haircare,Haircare,76,Haircare dataset row,SKU70,0,0.350,12.00,8.00,4.00,384.000,0.0768,7.52,CN|IN|SG|TH,4,4,5.00,fallback,0
20260730_04,2,public_catalog_snapshot,seed_derived,unavailable,1,bootstrap_only,train,78,cosmetics-sku71,Cosmetics SKU71,SKU71,7,cosmetics,Cosmetics,77,Cosmetics dataset row,SKU71,0,0.180,12.00,8.00,4.00,384.000,0.0768,5.87,CN|IN|SG|TH,4,4,5.00,fallback,0
20260730_04,2,public_catalog_snapshot,seed_derived,unavailable,1,bootstrap_only,test,79,cosmetics-sku72,Cosmetics SKU72,SKU72,7,cosmetics,Cosmetics,78,Cosmetics dataset row,SKU72,0,0.180,12.00,8.00,4.00,384.000,0.0768,9.40,CN|IN|SG|TH,4,4,5.00,fallback,0
20260730_04,2,public_catalog_snapshot,seed_derived,unavailable,1,bootstrap_only,train,80,cosmetics-sku73,Cosmetics SKU73,SKU73,7,cosmetics,Cosmetics,79,Cosmetics dataset row,SKU73,0,0.180,12.00,8.00,4.00,384.000,0.0768,9.40,CN|IN|SG|TH,4,4,4.80,fallback,0
20260730_04,2,public_catalog_snapshot,seed_derived,unavailable,1,bootstrap_only,train,81,haircare-sku74,Haircare SKU74,SKU74,5,haircare,Haircare,80,Haircare dataset row,SKU74,0,0.350,12.00,8.00,4.00,384.000,0.0768,2.92,CN|IN|SG|TH,4,4,4.80,fallback,0
20260730_04,2,public_catalog_snapshot,seed_derived,unavailable,1,bootstrap_only,validation,82,skincare-sku75,Skincare SKU75,SKU75,6,skincare,Skincare,81,Skincare dataset row,SKU75,0,0.250,12.00,8.00,4.00,384.000,0.0768,11.28,CN|IN|SG|TH,4,4,5.00,fallback,0
20260730_04,2,public_catalog_snapshot,seed_derived,unavailable,1,bootstrap_only,validation,83,haircare-sku76,Haircare SKU76,SKU76,5,haircare,Haircare,82,Haircare dataset row,SKU76,0,0.350,12.00,8.00,4.00,384.000,0.0768,7.52,CN|IN|SG|TH,4,4,5.00,fallback,0
20260730_04,2,public_catalog_snapshot,seed_derived,unavailable,1,bootstrap_only,train,84,haircare-sku77,Haircare SKU77,SKU77,5,haircare,Haircare,83,Haircare dataset row,SKU77,0,0.350,12.00,8.00,4.00,384.000,0.0768,7.52,CN|IN|SG|TH,4,4,5.00,fallback,0
20260730_04,2,public_catalog_snapshot,seed_derived,unavailable,1,bootstrap_only,train,85,haircare-sku78,Haircare SKU78,SKU78,5,haircare,Haircare,84,Haircare dataset row,SKU78,0,0.350,12.00,8.00,4.00,384.000,0.0768,5.80,CN|IN|SG|TH,4,4,4.80,fallback,0
20260730_04,2,public_catalog_snapshot,seed_derived,unavailable,1,bootstrap_only,train,86,haircare-sku79,Haircare SKU79,SKU79,5,haircare,Haircare,85,Haircare dataset row,SKU79,0,0.350,12.00,8.00,4.00,384.000,0.0768,7.52,CN|IN|SG|TH,4,4,4.86,fallback,0
20260730_04,2,public_catalog_snapshot,seed_derived,unavailable,1,bootstrap_only,train,87,skincare-sku80,Skincare SKU80,SKU80,6,skincare,Skincare,86,Skincare dataset row,SKU80,0,0.250,12.00,8.00,4.00,384.000,0.0768,11.28,CN|IN|SG|TH,4,4,4.86,fallback,0
20260730_04,2,public_catalog_snapshot,seed_derived,unavailable,1,bootstrap_only,validation,88,haircare-sku81,Haircare SKU81,SKU81,5,haircare,Haircare,87,Haircare dataset row,SKU81,0,0.350,12.00,8.00,4.00,384.000,0.0768,7.52,CN|IN|SG|TH,4,4,4.86,fallback,0
20260730_04,2,public_catalog_snapshot,seed_derived,unavailable,1,bootstrap_only,validation,89,skincare-sku82,Skincare SKU82,SKU82,6,skincare,Skincare,88,Skincare dataset row,SKU82,0,0.250,12.00,8.00,4.00,384.000,0.0768,11.28,CN|IN|SG|TH,4,4,5.00,fallback,0
20260730_04,2,public_catalog_snapshot,seed_derived,unavailable,1,bootstrap_only,train,90,haircare-sku83,Haircare SKU83,SKU83,5,haircare,Haircare,89,Haircare dataset row,SKU83,0,0.350,12.00,8.00,4.00,384.000,0.0768,7.52,CN|IN|SG|TH,4,4,5.00,fallback,0
20260730_04,2,public_catalog_snapshot,seed_derived,unavailable,1,bootstrap_only,test,91,haircare-sku84,Haircare SKU84,SKU84,5,haircare,Haircare,90,Haircare dataset row,SKU84,0,0.350,12.00,8.00,4.00,384.000,0.0768,7.52,CN|IN|SG|TH,4,4,4.80,fallback,0
20260730_04,2,public_catalog_snapshot,seed_derived,unavailable,1,bootstrap_only,train,92,cosmetics-sku85,Cosmetics SKU85,SKU85,7,cosmetics,Cosmetics,91,Cosmetics dataset row,SKU85,0,0.180,12.00,8.00,4.00,384.000,0.0768,9.40,CN|IN|SG|TH,4,4,4.80,fallback,0
20260730_04,2,public_catalog_snapshot,seed_derived,unavailable,1,bootstrap_only,train,93,skincare-sku86,Skincare SKU86,SKU86,6,skincare,Skincare,92,Skincare dataset row,SKU86,0,0.250,12.00,8.00,4.00,384.000,0.0768,11.28,CN|IN|SG|TH,4,4,5.00,fallback,0
20260730_04,2,public_catalog_snapshot,seed_derived,unavailable,1,bootstrap_only,validation,94,haircare-sku87,Haircare SKU87,SKU87,5,haircare,Haircare,93,Haircare dataset row,SKU87,0,0.350,12.00,8.00,4.00,384.000,0.0768,7.52,CN|IN|SG|TH,4,4,4.86,fallback,0
20260730_04,2,public_catalog_snapshot,seed_derived,unavailable,1,bootstrap_only,train,95,cosmetics-sku88,Cosmetics SKU88,SKU88,7,cosmetics,Cosmetics,94,Cosmetics dataset row,SKU88,0,0.180,12.00,8.00,4.00,384.000,0.0768,9.40,CN|IN|SG|TH,4,4,5.00,fallback,0
20260730_04,2,public_catalog_snapshot,seed_derived,unavailable,1,bootstrap_only,train,96,cosmetics-sku89,Cosmetics SKU89,SKU89,7,cosmetics,Cosmetics,95,Cosmetics dataset row,SKU89,0,0.180,12.00,8.00,4.00,384.000,0.0768,9.40,CN|IN|SG|TH,4,4,5.00,fallback,0
20260730_04,2,public_catalog_snapshot,seed_derived,unavailable,1,bootstrap_only,train,97,skincare-sku90,Skincare SKU90,SKU90,6,skincare,Skincare,96,Skincare dataset row,SKU90,0,0.250,12.00,8.00,4.00,384.000,0.0768,11.28,CN|IN|SG|TH,4,4,4.86,fallback,0
20260730_04,2,public_catalog_snapshot,seed_derived,unavailable,1,bootstrap_only,train,98,cosmetics-sku91,Cosmetics SKU91,SKU91,7,cosmetics,Cosmetics,97,Cosmetics dataset row,SKU91,0,0.180,12.00,8.00,4.00,384.000,0.0768,9.40,CN|IN|SG|TH,4,4,4.80,fallback,0
20260730_04,2,public_catalog_snapshot,seed_derived,unavailable,1,bootstrap_only,train,99,cosmetics-sku92,Cosmetics SKU92,SKU92,7,cosmetics,Cosmetics,98,Cosmetics dataset row,SKU92,0,0.180,12.00,8.00,4.00,384.000,0.0768,9.40,CN|IN|SG|TH,4,4,5.00,fallback,0
20260730_04,2,public_catalog_snapshot,seed_derived,unavailable,1,bootstrap_only,train,100,haircare-sku93,Haircare SKU93,SKU93,5,haircare,Haircare,99,Haircare dataset row,SKU93,0,0.350,12.00,8.00,4.00,384.000,0.0768,7.52,CN|IN|SG|TH,4,4,4.80,fallback,0
20260730_04,2,public_catalog_snapshot,seed_derived,unavailable,1,bootstrap_only,train,101,cosmetics-sku94,Cosmetics SKU94,SKU94,7,cosmetics,Cosmetics,100,Cosmetics dataset row,SKU94,0,0.180,12.00,8.00,4.00,384.000,0.0768,2.79,CN|IN|SG|TH,4,4,5.00,fallback,0
20260730_04,2,public_catalog_snapshot,seed_derived,unavailable,1,bootstrap_only,train,102,haircare-sku95,Haircare SKU95,SKU95,5,haircare,Haircare,101,Haircare dataset row,SKU95,0,0.350,12.00,8.00,4.00,384.000,0.0768,7.52,CN|IN|SG|TH,4,4,4.80,fallback,0
20260730_04,2,public_catalog_snapshot,seed_derived,unavailable,1,bootstrap_only,train,103,cosmetics-sku96,Cosmetics SKU96,SKU96,7,cosmetics,Cosmetics,102,Cosmetics dataset row,SKU96,0,0.180,12.00,8.00,4.00,384.000,0.0768,9.40,CN|IN|SG|TH,4,4,4.86,fallback,0
20260730_04,2,public_catalog_snapshot,seed_derived,unavailable,1,bootstrap_only,test,104,haircare-sku97,Haircare SKU97,SKU97,5,haircare,Haircare,103,Haircare dataset row,SKU97,0,0.350,12.00,8.00,4.00,384.000,0.0768,3.24,CN|IN|SG|TH,4,4,4.80,fallback,0
20260730_04,2,public_catalog_snapshot,seed_derived,unavailable,1,bootstrap_only,train,105,skincare-sku98,Skincare SKU98,SKU98,6,skincare,Skincare,104,Skincare dataset row,SKU98,0,0.250,12.00,8.00,4.00,384.000,0.0768,11.28,CN|IN|SG|TH,4,4,4.80,fallback,0
20260730_04,2,public_catalog_snapshot,seed_derived,unavailable,1,bootstrap_only,train,106,haircare-sku99,Haircare SKU99,SKU99,5,haircare,Haircare,105,Haircare dataset row,SKU99,0,0.350,12.00,8.00,4.00,384.000,0.0768,7.52,CN|IN|SG|TH,4,4,5.00,fallback,0
20260730_04,2,public_catalog_snapshot,seed_derived,unavailable,1,bootstrap_only,train,107,samsung-galaxy-s24-ultra,Samsung Galaxy S24 Ultra,SM-S928B,2,phones,Phones,110,12GB/256GB,,1,0.232,16.20,7.90,0.86,110.063,0.0220,1034.00,CN|SG|TH,3,3,4.80,fallback,0
20260730_04,2,public_catalog_snapshot,seed_derived,unavailable,1,bootstrap_only,train,108,samsung-galaxy-a55,Samsung Galaxy A55,SM-A556B,2,phones,Phones,111,8GB/256GB,,1,0.213,16.10,7.70,0.82,101.655,0.0203,329.00,CN|SG|TH,3,3,4.80,fallback,0
20260730_04,2,public_catalog_snapshot,seed_derived,unavailable,1,bootstrap_only,train,109,samsung-galaxy-m14,Samsung Galaxy M14,SM-M146B,2,phones,Phones,112,4GB/64GB,,1,0.192,16.70,7.70,0.91,117.017,0.0234,1034.00,CN|SG|TH,3,3,4.80,fallback,0
20260730_04,2,public_catalog_snapshot,seed_derived,unavailable,1,bootstrap_only,validation,110,xiaomi-14-ultra,Xiaomi 14 Ultra,23116PN5BC,2,phones,Phones,113,16GB/512GB,,1,0.222,16.20,7.50,0.90,109.350,0.0219,1034.00,CN|SG|TH,3,3,4.80,fallback,0
20260730_04,2,public_catalog_snapshot,seed_derived,unavailable,1,bootstrap_only,train,111,xiaomi-redmi-note-13-pro,Xiaomi Redmi Note 13 Pro,23090RA98G,2,phones,Phones,114,12GB/256GB,,1,0.187,16.20,7.50,0.80,97.200,0.0194,169.20,CN|SG|TH,3,3,4.80,fallback,0
20260730_04,2,public_catalog_snapshot,seed_derived,unavailable,1,bootstrap_only,train,112,xiaomi-redmi-13c,Xiaomi Redmi 13C,23100RN82L,2,phones,Phones,115,4GB/128GB,,1,0.192,16.80,7.80,0.88,115.315,0.0231,169.20,CN|SG|TH,3,3,4.80,fallback,0
20260730_04,2,public_catalog_snapshot,seed_derived,unavailable,1,bootstrap_only,validation,113,oppo-reno-11-pro,OPPO Reno 11 Pro,CPH2599,2,phones,Phones,116,12GB/256GB,,1,0.194,16.20,7.40,0.77,92.308,0.0185,263.20,CN|SG|TH,3,3,4.80,fallback,0
20260730_04,2,public_catalog_snapshot,seed_derived,unavailable,1,bootstrap_only,test,114,oppo-a79-5g,OPPO A79 5G,CPH2557,2,phones,Phones,117,8GB/256GB,,1,0.193,16.80,7.70,0.79,102.194,0.0204,263.20,CN|SG|TH,3,3,4.80,fallback,0
20260730_04,2,public_catalog_snapshot,seed_derived,unavailable,1,bootstrap_only,test,115,vivo-v29-pro,Vivo V29 Pro,V2250,2,phones,Phones,118,12GB/256GB,,1,0.186,16.40,7.50,0.79,97.170,0.0194,169.20,CN|SG|TH,3,3,4.80,fallback,0
20260730_04,2,public_catalog_snapshot,seed_derived,unavailable,1,bootstrap_only,test,116,vivo-y100,Vivo Y100,V2321,2,phones,Phones,119,8GB/256GB,,1,0.189,16.70,7.70,0.79,101.586,0.0203,169.20,CN|SG|TH,3,3,4.80,fallback,0
20260730_04,2,public_catalog_snapshot,seed_derived,unavailable,1,bootstrap_only,train,117,realme-12-pro-plus,Realme 12 Pro Plus,RMX3840,2,phones,Phones,120,12GB/512GB,,1,0.196,16.20,7.40,0.79,94.705,0.0189,79.90,CN|SG|TH,3,3,4.80,fallback,0
20260730_04,2,public_catalog_snapshot,seed_derived,unavailable,1,bootstrap_only,train,118,realme-c67,Realme C67,RMX3890,2,phones,Phones,121,8GB/256GB,,1,0.191,16.70,7.70,0.79,101.586,0.0203,141.00,CN|SG|TH,3,3,4.80,fallback,0
20260730_04,2,public_catalog_snapshot,seed_derived,unavailable,1,bootstrap_only,train,119,tecno-spark-20-pro,Tecno Spark 20 Pro,KJ6,2,phones,Phones,122,8GB/256GB,,1,0.195,16.70,7.70,0.80,102.872,0.0206,169.20,CN|SG|TH,3,3,4.80,fallback,0
20260730_04,2,public_catalog_snapshot,seed_derived,unavailable,1,bootstrap_only,train,120,tecno-camon-20,Tecno Camon 20,CK6,2,phones,Phones,123,8GB/256GB,,1,0.189,16.60,7.60,0.79,99.666,0.0199,169.20,CN|SG|TH,3,3,4.80,fallback,0
20260730_04,2,public_catalog_snapshot,seed_derived,unavailable,1,bootstrap_only,train,121,infinix-note-40-pro,Infinix Note 40 Pro,X6850,2,phones,Phones,124,12GB/256GB,,1,0.194,16.40,7.50,0.79,97.170,0.0194,169.20,CN|SG|TH,3,3,4.80,fallback,0
20260730_04,2,public_catalog_snapshot,seed_derived,unavailable,1,bootstrap_only,train,122,infinix-hot-40i,Infinix Hot 40i,X6528B,2,phones,Phones,125,4GB/128GB,,1,0.188,16.80,7.70,0.84,108.662,0.0217,169.20,CN|SG|TH,3,3,4.80,fallback,0
20260730_04,2,public_catalog_snapshot,seed_derived,unavailable,1,bootstrap_only,train,123,motorola-edge-50-pro,Motorola Edge 50 Pro,XT2429-1,2,phones,Phones,126,12GB/512GB,,1,0.186,16.10,7.30,0.82,96.375,0.0193,423.00,CN|SG|TH,3,3,4.80,fallback,0
20260730_04,2,public_catalog_snapshot,seed_derived,unavailable,1,bootstrap_only,test,124,motorola-moto-g85,Motorola Moto G85,XT2357-1,2,phones,Phones,127,12GB/256GB,,1,0.171,16.10,7.40,0.77,91.738,0.0183,611.00,CN|SG|TH,3,3,4.80,fallback,0
20260730_04,2,public_catalog_snapshot,seed_derived,unavailable,1,bootstrap_only,test,125,nokia-g42-5g,Nokia G42 5G,TA-1581,2,phones,Phones,128,6GB/128GB,,1,0.193,16.50,7.60,0.88,110.352,0.0221,169.20,CN|SG|TH,3,3,4.80,fallback,0
20260730_04,2,public_catalog_snapshot,seed_derived,unavailable,1,bootstrap_only,train,126,sony-xperia-10-vi,Sony Xperia 10 VI,XQ-ES54,2,phones,Phones,129,6GB/128GB,,1,0.164,15.50,6.80,0.86,90.644,0.0181,169.20,CN|SG|TH,3,3,4.80,fallback,0
20260730_04,2,public_catalog_snapshot,seed_derived,unavailable,1,bootstrap_only,train,127,google-pixel-8a,Google Pixel 8a,G9GVN,2,phones,Phones,130,8GB/128GB,,1,0.188,15.20,7.20,0.86,94.118,0.0188,169.20,CN|SG|TH,3,3,4.80,fallback,0
20260730_04,2,public_catalog_snapshot,seed_derived,unavailable,1,bootstrap_only,train,128,oneplus-12r,OnePlus 12R,CPH2609,2,phones,Phones,131,16GB/256GB,,1,0.207,16.30,7.50,0.88,107.580,0.0215,79.90,CN|SG|TH,3,3,4.80,fallback,0
20260730_04,2,public_catalog_snapshot,seed_derived,unavailable,1,bootstrap_only,train,129,honor-90-smart,Honor 90 Smart,WDY-LX1,2,phones,Phones,132,4GB/128GB,,1,0.183,16.40,7.60,0.81,100.958,0.0202,357.20,CN|SG|TH,3,3,4.80,fallback,0
20260730_04,2,public_catalog_snapshot,seed_derived,unavailable,1,bootstrap_only,validation,130,apple-ipad-air-m2-11,"Apple iPad Air M2 11""",MUWD3LL/A,1,electronics,Electronics,133,128GB Wi-Fi,,1,0.462,24.80,17.90,0.61,270.791,0.0542,112.80,CN|SG|TH,3,3,4.80,fallback,0
20260730_04,2,public_catalog_snapshot,seed_derived,unavailable,1,bootstrap_only,train,131,samsung-galaxy-tab-s9-fe,Samsung Galaxy Tab S9 FE,SM-X510,1,electronics,Electronics,134,6GB/128GB,,1,0.523,25.60,16.50,0.63,266.112,0.0532,1034.00,CN|SG|TH,3,3,4.80,fallback,0
20260730_04,2,public_catalog_snapshot,seed_derived,unavailable,1,bootstrap_only,train,132,sony-wh-1000xm5-headphones,Sony WH-1000XM5 Headphones,WH1000XM5/B,1,electronics,Electronics,135,Black,,1,0.250,26.20,19.30,8.50,4298.110,0.8596,263.20,CN|SG|TH,3,3,4.80,fallback,0
20260730_04,2,public_catalog_snapshot,seed_derived,unavailable,1,bootstrap_only,train,133,jbl-charge-5-speaker,JBL Charge 5 Speaker,JBLCHARGE5BLK,1,electronics,Electronics,136,Black,,1,0.960,22.10,9.60,9.30,1973.088,0.3946,61.10,CN|SG|TH,3,3,4.80,fallback,0
20260730_04,2,public_catalog_snapshot,seed_derived,unavailable,1,bootstrap_only,train,134,apple-watch-series-9-45mm,Apple Watch Series 9 45mm,MR993LL/A,1,electronics,Electronics,137,GPS,,1,0.039,4.50,3.80,1.08,18.468,0.0037,169.20,CN|SG|TH,3,3,4.80,fallback,0
20260730_04,2,public_catalog_snapshot,seed_derived,unavailable,1,bootstrap_only,test,135,samsung-galaxy-watch-6,Samsung Galaxy Watch 6,SM-R930NZAAXFE,1,electronics,Electronics,138,44mm Black,,1,0.033,4.40,4.50,0.90,17.820,0.0036,1034.00,CN|SG|TH,3,3,4.80,fallback,0
20260730_04,2,public_catalog_snapshot,seed_derived,unavailable,1,bootstrap_only,test,136,garmin-forerunner-265,Garmin Forerunner 265,010-02810-01,1,electronics,Electronics,139,46mm,,1,0.047,4.60,4.60,1.30,27.508,0.0055,112.80,CN|SG|TH,3,3,4.80,fallback,0
20260730_04,2,public_catalog_snapshot,seed_derived,unavailable,1,bootstrap_only,test,137,anker-737-power-bank-24k,Anker 737 Power Bank 24K,A1289,1,electronics,Electronics,140,24000mAh,,1,0.634,16.30,7.10,3.00,347.190,0.0694,357.20,CN|SG|TH,3,3,4.80,fallback,0
20260730_04,2,public_catalog_snapshot,seed_derived,unavailable,1,bootstrap_only,test,138,baseus-65w-gan-charger,Baseus 65W GaN Charger,CCGP140201,1,electronics,Electronics,141,3-Port,,1,0.128,6.20,6.20,3.10,119.164,0.0238,1692.00,CN|SG|TH,3,3,4.80,fallback,0
20260730_04,2,public_catalog_snapshot,seed_derived,unavailable,1,bootstrap_only,train,139,xiaomi-smart-tv-a2-43,"Xiaomi Smart TV A2 43""",L43M8-A2EU,1,electronics,Electronics,142,43 inch,,1,6.200,97.00,56.00,6.30,34221.600,6.8443,357.20,CN|SG|TH,3,3,4.80,fallback,0
20260730_04,2,public_catalog_snapshot,seed_derived,unavailable,1,bootstrap_only,test,140,philips-27-4k-monitor,"Philips 27"" 4K Monitor",27E1N5500,1,electronics,Electronics,143,IPS 4K,,1,6.200,61.30,42.50,22.00,57315.500,11.4631,3572.00,CN|SG|TH,3,3,4.80,fallback,0
20260730_04,2,public_catalog_snapshot,seed_derived,unavailable,1,bootstrap_only,train,141,logitech-mx-master-3s-mouse,Logitech MX Master 3S Mouse,910-006556,1,electronics,Electronics,144,Graphite,,1,0.141,12.40,8.40,5.10,531.216,0.1062,263.20,CN|SG|TH,3,3,4.80,fallback,0
20260730_04,2,public_catalog_snapshot,seed_derived,unavailable,1,bootstrap_only,validation,142,keychron-k2-pro-keyboard,Keychron K2 Pro Keyboard,K2P-B2,1,electronics,Electronics,145,RGB Aluminium,,1,0.720,31.30,12.40,3.80,1474.856,0.2950,112.80,CN|SG|TH,3,3,4.80,fallback,0
20260730_04,2,public_catalog_snapshot,seed_derived,unavailable,1,bootstrap_only,train,143,jbl-earbuds-live-pro-2,JBL Earbuds Live Pro 2,JBLLIVEPRO2TWS,1,electronics,Electronics,146,Black,,1,0.060,6.60,5.50,3.00,108.900,0.0218,112.80,CN|SG|TH,3,3,4.80,fallback,0
20260730_04,2,public_catalog_snapshot,seed_derived,unavailable,1,bootstrap_only,train,144,xiaomi-smart-band-8-pro,Xiaomi Smart Band 8 Pro,BHR7208GL,1,electronics,Electronics,147,Black,,1,0.036,4.80,3.60,1.04,17.971,0.0036,357.20,CN|SG|TH,3,3,4.80,fallback,0
20260730_04,2,public_catalog_snapshot,seed_derived,unavailable,1,bootstrap_only,train,145,tp-link-deco-xe75-mesh-wifi,TP-Link Deco XE75 Mesh WiFi,DECO XE75,1,electronics,Electronics,148,2-Pack,,1,0.840,16.00,16.00,13.00,3328.000,0.6656,112.80,CN|SG|TH,3,3,4.80,fallback,0
20260730_04,2,public_catalog_snapshot,seed_derived,unavailable,1,bootstrap_only,train,146,canon-eos-r50-camera,Canon EOS R50 Camera,5811C002,1,electronics,Electronics,149,Body Only,,1,0.375,11.60,8.50,6.80,670.480,0.1341,357.20,CN|SG|TH,3,3,4.80,fallback,0
20260730_04,2,public_catalog_snapshot,seed_derived,unavailable,1,bootstrap_only,train,147,dji-mini-4-pro-drone,DJI Mini 4 Pro Drone,CP.MA.00000731.01,1,electronics,Electronics,150,Standard,,1,0.249,21.00,9.60,6.20,1249.920,0.2500,11280.00,CN|SG|TH,3,3,4.80,fallback,0
20260730_04,2,public_catalog_snapshot,seed_derived,unavailable,1,bootstrap_only,train,148,nintendo-switch-oled,Nintendo Switch OLED,HEG-001,1,electronics,Electronics,151,White,,1,0.420,24.20,10.20,1.36,335.702,0.0671,112.80,CN|SG|TH,3,3,4.80,fallback,0
20260730_04,2,public_catalog_snapshot,seed_derived,unavailable,1,bootstrap_only,validation,149,xiaomi-portable-laser-projector,Xiaomi Portable Laser Projector,BHR5594GL,1,electronics,Electronics,152,White,,1,1.380,19.50,12.60,6.70,1646.190,0.3292,451.20,CN|SG|TH,3,3,4.80,fallback,0
20260730_04,2,public_catalog_snapshot,seed_derived,unavailable,1,bootstrap_only,train,150,anker-soundcore-liberty-4-nc,Anker Soundcore Liberty 4 NC,A3947,1,electronics,Electronics,153,Black,,1,0.056,6.40,5.70,2.80,102.144,0.0204,112.80,CN|SG|TH,3,3,4.80,fallback,0
20260730_04,2,public_catalog_snapshot,seed_derived,unavailable,1,bootstrap_only,train,151,belkin-boostcharge-pro-3-in-1,Belkin BoostCharge Pro 3-in-1,WIZ017dqWH,1,electronics,Electronics,154,White,,1,0.198,24.00,12.00,5.00,1440.000,0.2880,61.10,CN|SG|TH,3,3,4.80,fallback,0
20260730_04,2,public_catalog_snapshot,seed_derived,unavailable,1,bootstrap_only,train,152,nvidia-geforce-rtx-4060-ti,NVIDIA GeForce RTX 4060 Ti,RTX 4060 Ti 8GB,3,pc-components,PC Components,155,8GB GDDR6,,1,0.652,24.00,12.00,4.00,1152.000,0.2304,1034.00,CN|SG|TH,3,3,4.80,fallback,0
20260730_04,2,public_catalog_snapshot,seed_derived,unavailable,1,bootstrap_only,train,153,amd-radeon-rx-7600-xt,AMD Radeon RX 7600 XT,RX 7600 XT 16GB,3,pc-components,PC Components,156,16GB GDDR6,,1,0.750,24.00,12.00,4.00,1152.000,0.2304,206.80,CN|SG|TH,3,3,4.80,fallback,0
20260730_04,2,public_catalog_snapshot,seed_derived,unavailable,1,bootstrap_only,test,154,intel-core-i9-14900k,Intel Core i9-14900K,BX8071514900K,3,pc-components,PC Components,157,LGA1700 125W,,1,0.034,3.70,3.70,0.40,5.476,0.0011,451.20,CN|SG|TH,3,3,4.80,fallback,0
20260730_04,2,public_catalog_snapshot,seed_derived,unavailable,1,bootstrap_only,validation,155,amd-ryzen-9-7950x,AMD Ryzen 9 7950X,100-100000514WOF,3,pc-components,PC Components,158,AM5 170W,,1,0.068,4.00,4.00,0.35,5.600,0.0011,206.80,CN|SG|TH,3,3,4.80,fallback,0
20260730_04,2,public_catalog_snapshot,seed_derived,unavailable,1,bootstrap_only,test,156,intel-core-i5-14600k,Intel Core i5-14600K,BX8071514600K,3,pc-components,PC Components,159,LGA1700 125W,,1,0.034,3.70,3.70,0.40,5.476,0.0011,451.20,CN|SG|TH,3,3,4.80,fallback,0
20260730_04,2,public_catalog_snapshot,seed_derived,unavailable,1,bootstrap_only,train,157,amd-ryzen-5-7600x,AMD Ryzen 5 7600X,100-100000593WOF,3,pc-components,PC Components,160,AM5 105W,,1,0.034,4.00,4.00,0.35,5.600,0.0011,206.80,CN|SG|TH,3,3,4.80,fallback,0
20260730_04,2,public_catalog_snapshot,seed_derived,unavailable,1,bootstrap_only,validation,158,kingston-fury-beast-32gb-ddr5,Kingston Fury Beast 32GB DDR5,KF556C40BBK2-32,3,pc-components,PC Components,161,2x16GB 5600MHz,,1,0.048,13.50,3.30,0.30,13.365,0.0027,61.10,CN|SG|TH,3,3,4.80,fallback,0
20260730_04,2,public_catalog_snapshot,seed_derived,unavailable,1,bootstrap_only,train,159,corsair-vengeance-16gb-ddr5,Corsair Vengeance 16GB DDR5,CMK16GX5M1B5200C40,3,pc-components,PC Components,162,1x16GB 5200MHz,,1,0.034,13.50,3.00,0.30,12.150,0.0024,61.10,CN|SG|TH,3,3,4.80,fallback,0
20260730_04,2,public_catalog_snapshot,seed_derived,unavailable,1,bootstrap_only,train,160,samsung-980-pro-2tb-nvme-ssd,Samsung 980 Pro 2TB NVMe SSD,MZ-V8P2T0B/AM,3,pc-components,PC Components,163,PCIe 4.0 M.2,,1,0.009,8.00,2.20,0.23,4.048,0.0008,79.90,CN|SG|TH,3,3,4.80,fallback,0
20260730_04,2,public_catalog_snapshot,seed_derived,unavailable,1,bootstrap_only,test,161,wd-black-sn850x-1tb-ssd,WD Black SN850X 1TB SSD,WDS100T2X0E,3,pc-components,PC Components,164,PCIe 4.0 M.2,,1,0.008,8.00,2.20,0.23,4.048,0.0008,206.80,CN|SG|TH,3,3,4.80,fallback,0
20260730_04,2,public_catalog_snapshot,seed_derived,unavailable,1,bootstrap_only,train,162,seagate-barracuda-4tb-hdd,Seagate Barracuda 4TB HDD,ST4000DM004,3,pc-components,PC Components,165,"3.5"" SATA 6Gb/s",,1,0.400,14.70,10.20,2.60,389.844,0.0780,206.80,CN|SG|TH,3,3,4.80,fallback,0
20260730_04,2,public_catalog_snapshot,seed_derived,unavailable,1,bootstrap_only,test,163,asus-rog-strix-b650-f-gaming,ASUS ROG Strix B650-F Gaming,90MB1BN0-M0EAY0,3,pc-components,PC Components,166,ATX AM5,,1,1.400,30.50,24.40,5.50,4093.100,0.8186,263.20,CN|SG|TH,3,3,4.80,fallback,0
20260730_04,2,public_catalog_snapshot,seed_derived,unavailable,1,bootstrap_only,train,164,msi-mag-b760-tomahawk-wifi,MSI MAG B760 Tomahawk WiFi,MAG B760 TOMAHAWK WIFI,3,pc-components,PC Components,167,ATX LGA1700,,1,1.300,30.50,24.40,5.50,4093.100,0.8186,206.80,CN|SG|TH,3,3,4.80,fallback,0
20260730_04,2,public_catalog_snapshot,seed_derived,unavailable,1,bootstrap_only,train,165,corsair-rm1000x-1000w-psu,Corsair RM1000x 1000W PSU,CP-9020201-EU,3,pc-components,PC Components,168,80+ Gold Full Mod,,1,1.680,18.00,15.00,8.60,2322.000,0.4644,112.80,CN|SG|TH,3,3,4.80,fallback,0
20260730_04,2,public_catalog_snapshot,seed_derived,unavailable,1,bootstrap_only,train,166,seasonic-focus-gx-850,Seasonic Focus GX-850,SSR-850FX,3,pc-components,PC Components,169,850W 80+ Gold,,1,1.500,14.00,15.00,8.60,1806.000,0.3612,206.80,CN|SG|TH,3,3,4.80,fallback,0
20260730_04,2,public_catalog_snapshot,seed_derived,unavailable,1,bootstrap_only,train,167,noctua-nh-d15-cpu-cooler,Noctua NH-D15 CPU Cooler,NH-D15,3,pc-components,PC Components,170,Dual Tower 140mm,,1,0.990,16.50,15.00,16.80,4158.000,0.8316,206.80,CN|SG|TH,3,3,4.80,fallback,0
20260730_04,2,public_catalog_snapshot,seed_derived,unavailable,1,bootstrap_only,train,168,corsair-icue-h150i-elite-lcd,Corsair iCUE H150i Elite LCD,CW-9060060-WW,3,pc-components,PC Components,171,360mm AIO,,1,0.985,39.50,12.00,2.70,1279.800,0.2560,141.00,CN|SG|TH,3,3,4.80,fallback,0
20260730_04,2,public_catalog_snapshot,seed_derived,unavailable,1,bootstrap_only,train,169,fractal-design-torrent-case,Fractal Design Torrent Case,FD-C-TOR1A-01,3,pc-components,PC Components,172,Full Tower ATX,,1,5.300,53.00,24.00,53.00,67416.000,13.4832,206.80,CN|SG|TH,3,3,4.80,fallback,0
20260730_04,2,public_catalog_snapshot,seed_derived,unavailable,1,bootstrap_only,train,170,lian-li-o11-dynamic-evo,Lian Li O11 Dynamic EVO,PC-O11DEX-3,3,pc-components,PC Components,173,Mid Tower ATX,,1,4.200,46.50,23.40,47.40,51575.940,10.3152,206.80,CN|SG|TH,3,3,4.80,fallback,0
20260730_04,2,public_catalog_snapshot,seed_derived,unavailable,1,bootstrap_only,train,171,crucial-t700-2tb-pcie-50-ssd,Crucial T700 2TB PCIe 5.0 SSD,CT2000T700SSD3,3,pc-components,PC Components,174,PCIe 5.0 M.2,,1,0.014,8.00,2.20,0.35,6.160,0.0012,206.80,CN|SG|TH,3,3,4.80,fallback,0
20260730_04,2,public_catalog_snapshot,seed_derived,unavailable,1,bootstrap_only,train,172,gskill-trident-z5-rgb-64gb,G.Skill Trident Z5 RGB 64GB,F5-6400J3239G32GX2-TZ5RK,3,pc-components,PC Components,175,2x32GB DDR5 6400,,1,0.096,13.50,4.40,0.30,17.820,0.0036,206.80,CN|SG|TH,3,3,4.80,fallback,0
20260730_04,2,public_catalog_snapshot,seed_derived,unavailable,1,bootstrap_only,validation,173,asus-proart-pa329crv-4k-monitor,ASUS ProArt PA329CRV 4K Monitor,PA329CRV,3,pc-components,PC Components,176,"32"" 4K IPS",,1,9.200,73.00,48.00,22.00,77088.000,15.4176,3572.00,CN|SG|TH,3,3,4.80,fallback,0
20260730_04,2,public_catalog_snapshot,seed_derived,unavailable,1,bootstrap_only,test,174,razer-blade-16-rtx-4090,Razer Blade 16 RTX 4090,RZ09-0483,3,pc-components,PC Components,177,32GB/1TB,,1,2.950,35.50,25.00,1.99,1766.125,0.3532,206.80,CN|SG|TH,3,3,4.80,fallback,0
20260730_04,2,public_catalog_snapshot,seed_derived,unavailable,1,bootstrap_only,train,175,elgato-4k60-pro-mk2-capture,Elgato 4K60 Pro MK.2 Capture,10GAS9901,3,pc-components,PC Components,178,PCIe 4K60,,1,0.160,16.80,6.80,1.90,217.056,0.0434,206.80,CN|SG|TH,3,3,4.80,fallback,0
20260730_04,2,public_catalog_snapshot,seed_derived,unavailable,1,bootstrap_only,train,176,xiaomi-mi-smart-tower-fan,Xiaomi Mi Smart Tower Fan,ZLBPLDS05ZM,4,electronic,Fan,179,White 40W,,1,3.200,20.00,20.00,87.00,34800.000,6.9600,61.10,CN|SG|TH,3,3,4.80,fallback,0
20260730_04,2,public_catalog_snapshot,seed_derived,unavailable,1,bootstrap_only,validation,177,dyson-cool-am07-tower-fan,Dyson Cool AM07 Tower Fan,300172-01,4,electronic,Fan,180,White/Silver,,1,2.400,21.50,21.50,105.00,48536.250,9.7073,61.10,CN|SG|TH,3,3,4.80,fallback,0
20260730_04,2,public_catalog_snapshot,seed_derived,unavailable,1,bootstrap_only,train,178,tp-link-tapo-smart-ceiling-fan,TP-Link Tapo Smart Ceiling Fan,TF10,4,electronic,Fan,181,White 40W,,1,3.600,132.00,18.00,40.00,95040.000,19.0080,42.30,CN|SG|TH,3,3,4.80,fallback,0
20260730_04,2,public_catalog_snapshot,seed_derived,unavailable,1,bootstrap_only,train,179,orient-airmax-ceiling-fan-56,"Orient Airmax Ceiling Fan 56""",AIRMAX-56-WH,4,electronic,Fan,182,White 70W,,1,4.500,142.00,18.00,40.00,102240.000,20.4480,42.30,CN|SG|TH,3,3,4.80,fallback,0
20260730_04,2,public_catalog_snapshot,seed_derived,unavailable,1,bootstrap_only,validation,180,panasonic-f-m15h5-desk-fan-6,"Panasonic F-M15H5 Desk Fan 6""",F-M15H5,4,electronic,Fan,183,White 30W,,1,0.880,22.00,22.00,28.00,13552.000,2.7104,23.50,CN|SG|TH,3,3,4.80,fallback,0
20260730_04,2,public_catalog_snapshot,seed_derived,unavailable,1,bootstrap_only,train,181,midea-maf14-14-stand-fan,"Midea MAF14 14"" Stand Fan",MAF14,4,electronic,Fan,184,White 50W,,1,3.800,38.00,38.00,130.00,187720.000,37.5440,75.20,CN|SG|TH,3,3,4.80,fallback,0
20260730_04,2,public_catalog_snapshot,seed_derived,unavailable,1,bootstrap_only,train,182,walton-wpf-16e-pedestal-fan,Walton WPF-16E Pedestal Fan,WPF-16E,4,electronic,Fan,185,White 55W,,1,4.200,40.00,40.00,135.00,216000.000,43.2000,75.20,CN|SG|TH,3,3,4.80,fallback,0
20260730_04,2,public_catalog_snapshot,seed_derived,unavailable,1,bootstrap_only,train,183,vision-rechargeable-fan-12,"Vision Rechargeable Fan 12""",VRF-1200,4,electronic,Fan,186,White Rechargeable,,1,1.800,32.00,32.00,38.00,38912.000,7.7824,2632.00,CN|SG|TH,3,3,4.80,fallback,0
20260730_04,2,public_catalog_snapshot,seed_derived,unavailable,1,bootstrap_only,train,184,haier-hf-14blw-stand-fan,Haier HF-14BLW Stand Fan,HF-14BLW,4,electronic,Fan,187,White 45W,,1,3.900,38.00,38.00,130.00,187720.000,37.5440,75.20,CN|SG|TH,3,3,4.80,fallback,0
20260730_04,2,public_catalog_snapshot,seed_derived,unavailable,1,bootstrap_only,test,185,samsung-windfree-15-ton-ac,Samsung WindFree 1.5 Ton AC,AR18BYHYBWKNFE,4,electronic,Fan,188,Split Inverter,,1,9.500,95.00,35.00,22.00,73150.000,14.6300,451.20,CN|SG|TH,3,3,4.80,fallback,0
20260730_04,2,public_catalog_snapshot,seed_derived,unavailable,1,bootstrap_only,test,186,general-15-ton-split-ac,General 1.5 Ton Split AC,ASGA18FMTA,4,electronic,Fan,189,18000 BTU,,1,9.200,84.00,28.50,20.00,47880.000,9.5760,394.80,CN|SG|TH,3,3,4.80,fallback,0
20260730_04,2,public_catalog_snapshot,seed_derived,unavailable,1,bootstrap_only,train,187,gree-1-ton-inverter-ac,Gree 1 Ton Inverter AC,GS-12XPUV32,4,electronic,Fan,190,12000 BTU,,1,8.400,80.00,25.00,19.00,38000.000,7.6000,451.20,CN|SG|TH,3,3,4.80,fallback,0
20260730_04,2,public_catalog_snapshot,seed_derived,unavailable,1,bootstrap_only,validation,188,xiaomi-mijia-dc-inverter-fan,Xiaomi Mijia DC Inverter Fan,BPLDS05DM,4,electronic,Fan,191,Desk 35dB,,1,0.950,22.00,22.00,38.00,18392.000,3.6784,451.20,CN|SG|TH,3,3,4.80,fallback,0
20260730_04,2,public_catalog_snapshot,seed_derived,unavailable,1,bootstrap_only,train,189,rowenta-vu5670-turbo-silence,Rowenta VU5670 Turbo Silence,VU5670,4,electronic,Fan,192,36cm Stand,,1,5.200,46.00,46.00,138.00,292008.000,58.4016,75.20,CN|SG|TH,3,3,4.80,fallback,0
20260730_04,2,public_catalog_snapshot,seed_derived,unavailable,1,bootstrap_only,train,190,honeywell-ht-900-turboforce-fan,Honeywell HT-900 TurboForce Fan,HT-900,4,electronic,Fan,193,Compact Black,,1,0.816,20.30,15.90,26.00,8392.020,1.6784,75.20,CN|SG|TH,3,3,4.80,fallback,0
20260730_04,2,public_catalog_snapshot,seed_derived,unavailable,1,bootstrap_only,test,191,vornado-630-whole-room-fan,Vornado 630 Whole Room Fan,CR1-0121-06,4,electronic,Fan,194,Mid Size,,1,3.600,28.60,35.10,34.90,35034.714,7.0069,75.20,CN|SG|TH,3,3,4.80,fallback,0
20260730_04,2,public_catalog_snapshot,seed_derived,unavailable,1,bootstrap_only,train,192,kdk-56-industrial-ceiling-fan,"KDK 56"" Industrial Ceiling Fan",K14X9-BK,4,electronic,Fan,195,Bronze 60W,,1,6.200,143.00,20.00,44.00,125840.000,25.1680,42.30,CN|SG|TH,3,3,4.80,fallback,0
20260730_04,2,public_catalog_snapshot,seed_derived,unavailable,1,bootstrap_only,train,193,bajaj-esteem-1200mm-ceiling-fan,Bajaj Esteem 1200mm Ceiling Fan,252241,4,electronic,Fan,196,White 75W,,1,3.900,122.00,18.00,38.00,83448.000,16.6896,42.30,CN|SG|TH,3,3,4.80,fallback,0
20260730_04,2,public_catalog_snapshot,seed_derived,unavailable,1,bootstrap_only,train,194,crompton-energion-ceiling-fan,Crompton Energion Ceiling Fan,ENERGION-1200,4,electronic,Fan,197,White 28W BLDC,,1,3.500,122.00,18.00,38.00,83448.000,16.6896,42.30,CN|SG|TH,3,3,4.80,fallback,0
20260730_04,2,public_catalog_snapshot,seed_derived,unavailable,1,bootstrap_only,train,195,polar-windmill-900mm-table-fan,Polar Windmill 900mm Table Fan,WM-900,4,electronic,Fan,198,White 55W,,1,2.100,30.00,30.00,45.00,40500.000,8.1000,451.20,CN|SG|TH,3,3,4.80,fallback,0
20260730_04,2,public_catalog_snapshot,seed_derived,unavailable,1,bootstrap_only,train,196,usha-striker-marvel-exhaust-fan,Usha Striker Marvel Exhaust Fan,STRIKER-MARVEL,4,electronic,Fan,199,"6"" White",,1,0.420,19.00,19.00,6.00,2166.000,0.4332,75.20,CN|SG|TH,3,3,4.80,fallback,0
20260730_04,2,public_catalog_snapshot,seed_derived,unavailable,1,bootstrap_only,train,197,havells-stealth-air-ceiling-fan,Havells Stealth Air Ceiling Fan,FHCSSTWOWH48,4,electronic,Fan,200,1200mm White BLDC,,1,3.700,122.00,18.00,40.00,87840.000,17.5680,42.30,CN|SG|TH,3,3,4.80,fallback,0
20260730_04,2,public_catalog_snapshot,seed_derived,unavailable,1,bootstrap_only,train,198,mistral-16-rechargeable-fan,"Mistral 16"" Rechargeable Fan",MRF1613RB,4,electronic,Fan,201,White USB-C,,1,1.950,38.00,38.00,42.00,60648.000,12.1296,61.10,CN|SG|TH,3,3,4.80,fallback,0
20260730_04,2,public_catalog_snapshot,seed_derived,unavailable,1,bootstrap_only,test,199,midea-maf20-20-industrial-fan,"Midea MAF20 20"" Industrial Fan",MAF20-IND,4,electronic,Fan,202,Yellow 220W,,1,7.600,52.00,52.00,145.00,392080.000,78.4160,75.20,CN|SG|TH,3,3,4.80,fallback,0
20260730_04,2,public_catalog_snapshot,seed_derived,unavailable,1,bootstrap_only,test,200,sharp-pj-a19rv-air-purifier-fan,Sharp PJ-A19RV Air Purifier Fan,PJ-A19RV,4,electronic,Fan,203,White 25W,,1,4.400,28.00,28.00,87.00,68208.000,13.6416,75.20,CN|SG|TH,3,3,4.80,fallback,0
20260730_04,2,public_catalog_snapshot,seed_derived,unavailable,1,bootstrap_only,train,201,siemens-s7-1200-plc-cpu-1214c,Siemens S7-1200 PLC CPU 1214C,6ES7214-1AG40-0XB0,8,industrial-automation,Industrial Automation,204,24VDC 100kB,,1,0.440,11.00,10.00,7.50,825.000,0.1650,300.80,CN|SG|TH,3,3,4.80,fallback,0
20260730_04,2,public_catalog_snapshot,seed_derived,unavailable,1,bootstrap_only,test,202,mitsubishi-melsec-fx5u-32mt-plc,Mitsubishi MELSEC FX5U-32MT PLC,FX5U-32MT/ES,8,industrial-automation,Industrial Automation,205,AC Power 32 I/O,,1,0.620,15.00,9.50,8.70,1239.750,0.2480,263.20,CN|SG|TH,3,3,4.80,fallback,0
20260730_04,2,public_catalog_snapshot,seed_derived,unavailable,1,bootstrap_only,train,203,delta-dvp32es2-plc,Delta DVP32ES2 PLC,DVP32ES200T,8,industrial-automation,Industrial Automation,206,24VDC 32 I/O,,1,0.380,13.20,9.00,8.80,1045.440,0.2091,169.20,CN|SG|TH,3,3,4.80,fallback,0
20260730_04,2,public_catalog_snapshot,seed_derived,unavailable,1,bootstrap_only,validation,204,abb-acs355-03e-07a3-4-vfd,ABB ACS355-03E-07A3-4 VFD,ACS355-03E-07A3-4,8,industrial-automation,Industrial Automation,207,3kW 3-Phase,,1,2.100,23.00,13.00,18.00,5382.000,1.0764,394.80,CN|SG|TH,3,3,4.80,fallback,0
20260730_04,2,public_catalog_snapshot,seed_derived,unavailable,1,bootstrap_only,train,205,schneider-altivar-atv320u07n4b-vfd,Schneider Altivar ATV320U07N4B VFD,ATV320U07N4B,8,industrial-automation,Industrial Automation,208,750W 3-Phase IP20,,1,1.400,17.20,9.20,16.70,2642.608,0.5285,357.20,CN|SG|TH,3,3,4.80,fallback,0
20260730_04,2,public_catalog_snapshot,seed_derived,unavailable,1,bootstrap_only,train,206,keyence-fs-n11p-fiber-sensor,Keyence FS-N11P Fiber Sensor,FS-N11P,8,industrial-automation,Industrial Automation,209,NPN 2m Cable,,1,0.060,8.20,3.00,6.00,147.600,0.0295,79.90,CN|SG|TH,3,3,4.80,fallback,0
20260730_04,2,public_catalog_snapshot,seed_derived,unavailable,1,bootstrap_only,test,207,omron-e3z-d61-photoelectric-sensor,Omron E3Z-D61 Photoelectric Sensor,E3Z-D61,8,industrial-automation,Industrial Automation,210,NPN 2m,,1,0.040,5.60,1.50,6.30,52.920,0.0106,42.30,CN|SG|TH,3,3,4.80,fallback,0
20260730_04,2,public_catalog_snapshot,seed_derived,unavailable,1,bootstrap_only,train,208,sick-dt35-b15251-distance-sensor,Sick DT35-B15251 Distance Sensor,DT35-B15251,8,industrial-automation,Industrial Automation,211,0-500mm,,1,0.070,4.20,3.20,1.80,24.192,0.0048,206.80,CN|SG|TH,3,3,4.80,fallback,0
20260730_04,2,public_catalog_snapshot,seed_derived,unavailable,1,bootstrap_only,train,209,fanuc-alpha-series-servo-motor,Fanuc Alpha Series Servo Motor,A06B-0235-B605,8,industrial-automation,Industrial Automation,212,AC 4kW 2000rpm,,1,8.500,22.00,16.50,16.50,5989.500,1.1979,611.00,CN|SG|TH,3,3,4.80,fallback,0
20260730_04,2,public_catalog_snapshot,seed_derived,unavailable,1,bootstrap_only,train,210,yaskawa-sgmjv-04a-servo-drive,Yaskawa SGMJV-04A Servo Drive,SGDV-2R8A01A002000,8,industrial-automation,Industrial Automation,213,400W 100-200VAC,,1,0.900,14.00,6.80,15.50,1475.600,0.2951,545.20,CN|SG|TH,3,3,4.80,fallback,0
20260730_04,2,public_catalog_snapshot,seed_derived,unavailable,1,bootstrap_only,train,211,beckhoff-ek1100-ethercat-coupler,Beckhoff EK1100 EtherCAT Coupler,EK1100,8,industrial-automation,Industrial Automation,214,EtherCAT Bus,,1,0.100,4.40,10.00,6.80,299.200,0.0598,169.20,CN|SG|TH,3,3,4.80,fallback,0
20260730_04,2,public_catalog_snapshot,seed_derived,unavailable,1,bootstrap_only,train,212,festo-dsbc-63-100-ppsa-cylinder,Festo DSBC-63-100-PPSA Cylinder,DSBC-63-100-PPSA-N3,8,industrial-automation,Industrial Automation,215,63mm 100mm Stroke,,1,0.800,23.00,9.00,9.00,1863.000,0.3726,61.10,CN|SG|TH,3,3,4.80,fallback,0
20260730_04,2,public_catalog_snapshot,seed_derived,unavailable,1,bootstrap_only,test,213,smc-af40-n04d-air-filter,SMC AF40-N04D Air Filter,AF40-N04D,8,industrial-automation,Industrial Automation,216,1/2 inch Port,,1,0.420,11.00,8.50,15.50,1449.250,0.2898,32.90,CN|SG|TH,3,3,4.80,fallback,0
20260730_04,2,public_catalog_snapshot,seed_derived,unavailable,1,bootstrap_only,train,214,phoenix-contact-mkds-32-terminal,Phoenix Contact MKDS 3/2 Terminal,1715021,8,industrial-automation,Industrial Automation,217,Pack of 50,,1,0.150,5.00,6.20,3.40,105.400,0.0211,14.10,CN|SG|TH,3,3,4.80,fallback,0
20260730_04,2,public_catalog_snapshot,seed_derived,unavailable,1,bootstrap_only,validation,215,ifm-al1321-io-link-master,IFM AL1321 IO-Link Master,AL1321,8,industrial-automation,Industrial Automation,218,8-Port IO-Link,,1,0.180,10.00,6.80,3.00,204.000,0.0408,263.20,CN|SG|TH,3,3,4.80,fallback,0
20260730_04,2,public_catalog_snapshot,seed_derived,unavailable,1,bootstrap_only,train,216,cognex-in-sight-2000-vision-system,Cognex In-Sight 2000 Vision System,IS2000M-120-30-000,8,industrial-automation,Industrial Automation,219,1.2MP 30fps,,1,0.240,9.00,5.00,3.00,135.000,0.0270,2632.00,CN|SG|TH,3,3,4.80,fallback,0
20260730_04,2,public_catalog_snapshot,seed_derived,unavailable,1,bootstrap_only,train,217,turck-bi5u-m18-ap6x-inductive-sensor,Turck Bi5U-M18-AP6X Inductive Sensor,Bi5U-M18-AP6X,8,industrial-automation,Industrial Automation,220,M18 5mm PNP,,1,0.080,6.80,1.80,1.80,22.032,0.0044,42.30,CN|SG|TH,3,3,4.80,fallback,0
20260730_04,2,public_catalog_snapshot,seed_derived,unavailable,1,bootstrap_only,train,218,rexnord-1060-60-gear-drive,Rexnord 1060-60 Gear Drive,1060-60,8,industrial-automation,Industrial Automation,221,Ratio 60:1 0.75kW,,1,8.200,22.00,14.00,16.00,4928.000,0.9856,357.20,CN|SG|TH,3,3,4.80,fallback,0
20260730_04,2,public_catalog_snapshot,seed_derived,unavailable,1,bootstrap_only,train,219,leuze-ddls-2001-2-optical-sensor,Leuze DDLS 200.1-2 Optical Sensor,DDLS 200.1-2,8,industrial-automation,Industrial Automation,222,2m Range Laser,,1,0.180,9.00,5.50,2.80,138.600,0.0277,582.80,CN|SG|TH,3,3,4.80,fallback,0
20260730_04,2,public_catalog_snapshot,seed_derived,unavailable,1,bootstrap_only,validation,220,pepperlfuchs-ub500-18gm75-e5-v1,Pepperl+Fuchs UB500-18GM75-E5-V1,UB500-18GM75-E5-V1,8,industrial-automation,Industrial Automation,223,Ultrasonic 500mm,,1,0.090,7.30,1.80,1.80,23.652,0.0047,169.20,CN|SG|TH,3,3,4.80,fallback,0
20260730_04,2,public_catalog_snapshot,seed_derived,unavailable,1,bootstrap_only,test,221,bosch-rexroth-ball-screw-r160520501,Bosch Rexroth Ball Screw R160520501,R160520501,8,industrial-automation,Industrial Automation,224,16mm 500mm Travel,,1,0.520,55.00,4.00,4.00,880.000,0.1760,112.80,CN|SG|TH,3,3,4.80,fallback,0
20260730_04,2,public_catalog_snapshot,seed_derived,unavailable,1,bootstrap_only,train,222,nord-sk-0721-71l4tf-gearbox,Nord SK 072.1-71L4/TF Gearbox,SK 072.1-71L4/TF,8,industrial-automation,Industrial Automation,225,0.55kW 3-Phase,,1,5.200,22.00,15.00,16.00,5280.000,1.0560,423.00,CN|SG|TH,3,3,4.80,fallback,0
20260730_04,2,public_catalog_snapshot,seed_derived,unavailable,1,bootstrap_only,train,223,weidmuller-wrs-15-terminal-block,Weidmuller WRS 1.5 Terminal Block,1020080000,8,industrial-automation,Industrial Automation,226,Pack of 100,,1,0.120,5.00,5.50,4.80,132.000,0.0264,14.10,CN|SG|TH,3,3,4.80,fallback,0
20260730_04,2,public_catalog_snapshot,seed_derived,unavailable,1,bootstrap_only,test,224,banner-qs30lpqd-photoelectric,Banner QS30LPQD Photoelectric,QS30LPQD,8,industrial-automation,Industrial Automation,227,PNP 9m Range,,1,0.140,9.60,4.30,5.70,235.296,0.0471,79.90,CN|SG|TH,3,3,4.80,fallback,0
20260730_04,2,public_catalog_snapshot,seed_derived,unavailable,1,bootstrap_only,train,225,parker-d1vw001cnjb-hydraulic-valve,Parker D1VW001CNJB Hydraulic Valve,D1VW001CNJB,8,industrial-automation,Industrial Automation,228,24VDC 60L/min,,1,0.680,11.00,7.00,9.00,693.000,0.1386,263.20,CN|SG|TH,3,3,4.80,fallback,0
20260730_04,2,public_catalog_snapshot,seed_derived,unavailable,1,bootstrap_only,train,226,philips-intellivue-mx40-monitor,Philips IntelliVue MX40 Monitor,866064,9,medical-equipment,Medical Equipment,229,Wearable Patient,,1,0.390,9.00,8.40,3.10,234.360,0.0469,3572.00,CN|SG|TH,3,3,4.80,fallback,0
20260730_04,2,public_catalog_snapshot,seed_derived,unavailable,1,bootstrap_only,test,227,ge-healthcare-mac-800-ecg-machine,GE Healthcare MAC 800 ECG Machine,2032005-001,9,medical-equipment,Medical Equipment,230,12-Lead Resting,,1,3.200,31.60,26.90,6.10,5185.244,1.0370,1692.00,CN|SG|TH,3,3,4.80,fallback,0
20260730_04,2,public_catalog_snapshot,seed_derived,unavailable,1,bootstrap_only,train,228,mindray-dc-30-ultrasound,Mindray DC-30 Ultrasound,DC-30,9,medical-equipment,Medical Equipment,231,Portable B/W,,1,4.800,36.00,31.00,9.50,10602.000,2.1204,3948.00,CN|SG|TH,3,3,4.80,fallback,0
20260730_04,2,public_catalog_snapshot,seed_derived,unavailable,1,bootstrap_only,train,229,omron-hem-7600t-blood-pressure,Omron HEM-7600T Blood Pressure,HEM-7600T,9,medical-equipment,Medical Equipment,232,Upper Arm Wifi,,1,0.320,14.00,9.50,6.50,864.500,0.1729,79.90,CN|SG|TH,3,3,4.80,fallback,0
20260730_04,2,public_catalog_snapshot,seed_derived,unavailable,1,bootstrap_only,train,230,nonin-9590-onyx-ii-pulse-oximeter,Nonin 9590 Onyx II Pulse Oximeter,9590,9,medical-equipment,Medical Equipment,233,Fingertip SpO2,,1,0.060,6.40,3.30,3.20,67.584,0.0135,263.20,CN|SG|TH,3,3,4.80,fallback,0
20260730_04,2,public_catalog_snapshot,seed_derived,unavailable,1,bootstrap_only,validation,231,welch-allyn-35v-panoptic-ophthalmoscope,Welch Allyn 3.5V PanOptic Ophthalmoscope,11810,9,medical-equipment,Medical Equipment,234,Halogen Diagnostic,,1,0.240,27.00,4.50,4.50,546.750,0.1094,300.80,CN|SG|TH,3,3,4.80,fallback,0
20260730_04,2,public_catalog_snapshot,seed_derived,unavailable,1,bootstrap_only,train,232,masimo-radical-7-pulse-oximeter,Masimo Radical-7 Pulse Oximeter,7360,9,medical-equipment,Medical Equipment,235,Handheld SpO2 CO,,1,0.280,12.80,6.80,3.20,278.528,0.0557,1128.00,CN|SG|TH,3,3,4.80,fallback,0
20260730_04,2,public_catalog_snapshot,seed_derived,unavailable,1,bootstrap_only,train,233,draeger-evita-600-ventilator,Draeger Evita 600 Ventilator,MS31350,9,medical-equipment,Medical Equipment,236,ICU Ventilator,,1,42.000,55.00,42.00,145.00,334950.000,66.9900,16920.00,CN|SG|TH,3,3,4.80,fallback,0
20260730_04,2,public_catalog_snapshot,seed_derived,unavailable,1,bootstrap_only,train,234,medtronic-puritan-bennett-980,Medtronic Puritan Bennett 980,10074093,9,medical-equipment,Medical Equipment,237,Adult/Pediatric,,1,28.000,46.00,38.00,142.00,248216.000,49.6432,14100.00,CN|SG|TH,3,3,4.80,fallback,0
20260730_04,2,public_catalog_snapshot,seed_derived,unavailable,1,bootstrap_only,train,235,carefusion-alaris-8015-infusion-pump,Carefusion Alaris 8015 Infusion Pump,8015,9,medical-equipment,Medical Equipment,238,IV Drug Delivery,,1,1.800,19.00,10.50,13.00,2593.500,0.5187,2068.00,CN|SG|TH,3,3,4.80,fallback,0
20260730_04,2,public_catalog_snapshot,seed_derived,unavailable,1,bootstrap_only,test,236,nihon-kohden-eeg-2100g-machine,Nihon Kohden EEG-2100G Machine,EEG-2100G,9,medical-equipment,Medical Equipment,239,32 Channel Digital,,1,6.200,38.00,29.00,11.00,12122.000,2.4244,7990.00,CN|SG|TH,3,3,4.80,fallback,0
20260730_04,2,public_catalog_snapshot,seed_derived,unavailable,1,bootstrap_only,train,237,spacelabs-91369-patient-monitor,Spacelabs 91369 Patient Monitor,91369,9,medical-equipment,Medical Equipment,240,Multi-parameter,,1,3.800,28.50,22.30,14.00,8897.700,1.7795,2632.00,CN|SG|TH,3,3,4.80,fallback,0
20260730_04,2,public_catalog_snapshot,seed_derived,unavailable,1,bootstrap_only,train,238,philips-heartstart-frx-aed,Philips HeartStart FRx AED,861304,9,medical-equipment,Medical Equipment,241,Automated External,,1,1.600,27.50,19.00,8.50,4441.250,0.8882,1316.00,CN|SG|TH,3,3,4.80,fallback,0
20260730_04,2,public_catalog_snapshot,seed_derived,unavailable,1,bootstrap_only,validation,239,zoll-aed-3-defibrillator,Zoll AED 3 Defibrillator,8600-001000-01,9,medical-equipment,Medical Equipment,242,CPR feedback AED,,1,1.700,28.00,21.50,6.40,3852.800,0.7706,1692.00,CN|SG|TH,3,3,4.80,fallback,0
20260730_04,2,public_catalog_snapshot,seed_derived,unavailable,1,bootstrap_only,train,240,edan-im50-portable-monitor,Edan iM50 Portable Monitor,01.21.064765,9,medical-equipment,Medical Equipment,243,5-Para Color,,1,1.600,26.00,21.00,9.50,5187.000,1.0374,1692.00,CN|SG|TH,3,3,4.80,fallback,0
20260730_04,2,public_catalog_snapshot,seed_derived,unavailable,1,bootstrap_only,test,241,contec-cms8000-icu-monitor,Contec CMS8000 ICU Monitor,CMS8000,9,medical-equipment,Medical Equipment,244,7-Para Waveform,,1,2.100,29.50,22.00,11.50,7463.500,1.4927,799.00,CN|SG|TH,3,3,4.80,fallback,0
20260730_04,2,public_catalog_snapshot,seed_derived,unavailable,1,bootstrap_only,validation,242,bionet-fc1400-fetal-monitor,Bionet FC1400 Fetal Monitor,FC1400,9,medical-equipment,Medical Equipment,245,Dual Probe TOCO,,1,1.800,26.00,21.00,8.00,4368.000,0.8736,2068.00,CN|SG|TH,3,3,4.80,fallback,0
20260730_04,2,public_catalog_snapshot,seed_derived,unavailable,1,bootstrap_only,train,243,siemens-advia-120-hematology-analyzer,Siemens ADVIA 120 Hematology Analyzer,10133601,9,medical-equipment,Medical Equipment,246,120 Test/hr,,1,45.000,50.00,40.00,60.00,120000.000,24.0000,11280.00,CN|SG|TH,3,3,4.80,fallback,0
20260730_04,2,public_catalog_snapshot,seed_derived,unavailable,1,bootstrap_only,test,244,roche-cobas-e411-immunoassay-analyzer,Roche COBAS e411 Immunoassay Analyzer,05994183001,9,medical-equipment,Medical Equipment,247,Electrochemiluminescence,,1,87.000,76.00,55.00,55.00,229900.000,45.9800,7990.00,CN|SG|TH,3,3,4.80,fallback,0
20260730_04,2,public_catalog_snapshot,seed_derived,unavailable,1,bootstrap_only,train,245,abbott-i-stat-1-handheld-analyzer,Abbott i-STAT 1 Handheld Analyzer,03P95-25,9,medical-equipment,Medical Equipment,248,Point-of-Care Cartridge,,1,0.350,13.50,8.00,3.80,410.400,0.0821,2632.00,CN|SG|TH,3,3,4.80,fallback,0
20260730_04,2,public_catalog_snapshot,seed_derived,unavailable,1,bootstrap_only,train,246,nihon-kohden-nkt-115-telemetry,Nihon Kohden NKT-115 Telemetry,NKT-115,9,medical-equipment,Medical Equipment,249,4-Lead Wireless,,1,0.080,9.50,6.40,2.20,133.760,0.0268,7990.00,CN|SG|TH,3,3,4.80,fallback,0
20260730_04,2,public_catalog_snapshot,seed_derived,unavailable,1,bootstrap_only,test,247,bpl-cardiart-6108t-ecg,BPL Cardiart 6108T ECG,Cardiart 6108T,9,medical-equipment,Medical Equipment,250,12-Lead Thermal,,1,2.400,30.00,23.00,6.00,4140.000,0.8280,1128.00,CN|SG|TH,3,3,4.80,fallback,0
20260730_04,2,public_catalog_snapshot,seed_derived,unavailable,1,bootstrap_only,train,248,mindray-mec-1200-bedside-monitor,Mindray MEC-1200 Bedside Monitor,MEC-1200,9,medical-equipment,Medical Equipment,251,12.1 inch 5-Para,,1,2.600,30.00,22.00,12.00,7920.000,1.5840,3572.00,CN|SG|TH,3,3,4.80,fallback,0
20260730_04,2,public_catalog_snapshot,seed_derived,unavailable,1,bootstrap_only,train,249,nellcor-pm10n-pulse-oximeter,Nellcor PM10N Pulse Oximeter,PM10N,9,medical-equipment,Medical Equipment,252,Handheld SpO2,,1,0.200,11.00,6.50,3.20,228.800,0.0458,263.20,CN|SG|TH,3,3,4.80,fallback,0
20260730_04,2,public_catalog_snapshot,seed_derived,unavailable,1,bootstrap_only,train,250,carefusion-ltv-1200-ventilator,CareFusion LTV 1200 Ventilator,18190-001,9,medical-equipment,Medical Equipment,253,Portable ICU,,1,6.300,28.00,24.00,13.50,9072.000,1.8144,16920.00,CN|SG|TH,3,3,4.80,fallback,0
20260730_04,2,public_catalog_snapshot,seed_derived,unavailable,1,bootstrap_only,train,251,dji-agras-t40-agricultural-drone,DJI Agras T40 Agricultural Drone,CP.AG.00000064.01,10,agricultural-tech,Agricultural Tech,254,40L Tank 40kg Spread,,1,24.800,198.60,198.80,53.50,2112269.880,422.4540,11280.00,CN|SG|TH,3,3,4.80,fallback,0
20260730_04,2,public_catalog_snapshot,seed_derived,unavailable,1,bootstrap_only,train,252,dji-agras-t20p-spray-drone,DJI Agras T20P Spray Drone,CP.AG.00000057.01,10,agricultural-tech,Agricultural Tech,255,20L Tank 20kg Spread,,1,15.900,138.70,143.50,54.70,1088718.715,217.7437,11280.00,CN|SG|TH,3,3,4.80,fallback,0
20260730_04,2,public_catalog_snapshot,seed_derived,unavailable,1,bootstrap_only,train,253,trimble-ez-guide-250-gps-system,Trimble EZ-Guide 250 GPS System,57505-00,10,agricultural-tech,Agricultural Tech,256,Tractor Guidance,,1,0.620,18.00,14.00,6.50,1638.000,0.3276,1692.00,CN|SG|TH,3,3,4.80,fallback,0
20260730_04,2,public_catalog_snapshot,seed_derived,unavailable,1,bootstrap_only,train,254,soil-npk-iot-sensor-rs485,Soil NPK IoT Sensor RS485,JXBS-3001-NPK,10,agricultural-tech,Agricultural Tech,257,0-100% NPK Probe,,1,0.280,12.00,3.80,3.80,173.280,0.0347,79.90,CN|SG|TH,3,3,4.80,fallback,0
20260730_04,2,public_catalog_snapshot,seed_derived,unavailable,1,bootstrap_only,train,255,minolta-spad-502plus-chlorophyll,Minolta SPAD-502Plus Chlorophyll,SPAD-502Plus,10,agricultural-tech,Agricultural Tech,258,Non-destructive,,1,0.240,18.00,9.50,4.50,769.500,0.1539,611.00,CN|SG|TH,3,3,4.80,fallback,0
20260730_04,2,public_catalog_snapshot,seed_derived,unavailable,1,bootstrap_only,train,256,grain-moisture-meter-pm-8188a,Grain Moisture Meter PM-8188A,PM-8188A,10,agricultural-tech,Agricultural Tech,259,7-24% Range,,1,0.320,19.00,8.50,4.00,646.000,0.1292,42.30,CN|SG|TH,3,3,4.80,fallback,0
20260730_04,2,public_catalog_snapshot,seed_derived,unavailable,1,bootstrap_only,train,257,davis-vantage-pro2-weather-station,Davis Vantage Pro2 Weather Station,6152,10,agricultural-tech,Agricultural Tech,260,Wireless ISS,,1,1.400,27.00,24.00,10.00,6480.000,1.2960,582.80,CN|SG|TH,3,3,4.80,fallback,0
20260730_04,2,public_catalog_snapshot,seed_derived,unavailable,1,bootstrap_only,validation,258,irritrol-drip-irrigation-controller,Irritrol Drip Irrigation Controller,RAIBIRD-6,10,agricultural-tech,Agricultural Tech,261,6-Zone WiFi,,1,0.380,14.00,9.50,5.50,731.500,0.1463,263.20,CN|SG|TH,3,3,4.80,fallback,0
20260730_04,2,public_catalog_snapshot,seed_derived,unavailable,1,bootstrap_only,test,259,priva-connext-greenhouse-controller,Priva Connext Greenhouse Controller,Connext-4,10,agricultural-tech,Agricultural Tech,262,4-Zone Climate,,1,1.200,20.00,12.00,8.00,1920.000,0.3840,357.20,CN|SG|TH,3,3,4.80,fallback,0
20260730_04,2,public_catalog_snapshot,seed_derived,unavailable,1,bootstrap_only,test,260,led-grow-light-600w-samsung-lm301,LED Grow Light 600W Samsung LM301,GL600-LM301H,10,agricultural-tech,Agricultural Tech,263,600W Full Spectrum,,1,3.800,56.00,56.00,5.00,15680.000,3.1360,79.90,CN|SG|TH,3,3,4.80,fallback,0
20260730_04,2,public_catalog_snapshot,seed_derived,unavailable,1,bootstrap_only,train,261,hydroponic-nft-72-site-system,Hydroponic NFT 72-Site System,NFT-72-CH,10,agricultural-tech,Agricultural Tech,264,72 Plant Sites,,1,8.500,240.00,60.00,40.00,576000.000,115.2000,169.20,CN|SG|TH,3,3,4.80,fallback,0
20260730_04,2,public_catalog_snapshot,seed_derived,unavailable,1,bootstrap_only,train,262,precision-vacuum-seeder-6-row,Precision Vacuum Seeder 6-Row,PS-6R-VACUUM,10,agricultural-tech,Agricultural Tech,265,Tractor-mount 6-Row,,1,85.000,180.00,220.00,120.00,4752000.000,950.4000,2632.00,CN|SG|TH,3,3,4.80,fallback,0
20260730_04,2,public_catalog_snapshot,seed_derived,unavailable,1,bootstrap_only,test,263,root-zone-temperature-sensor-ds18b20,Root Zone Temperature Sensor DS18B20,DS18B20-PROBE-IP68,10,agricultural-tech,Agricultural Tech,266,Waterproof -55-125C,,1,0.040,20.00,0.60,0.60,7.200,0.0014,42.30,CN|SG|TH,3,3,4.80,fallback,0
20260730_04,2,public_catalog_snapshot,seed_derived,unavailable,1,bootstrap_only,train,264,plant-disease-ai-camera,Plant Disease AI Camera,PlantCam-AI-V2,10,agricultural-tech,Agricultural Tech,267,5MP WiFi AI,,1,0.180,8.00,6.50,4.50,234.000,0.0468,357.20,CN|SG|TH,3,3,4.80,fallback,0
20260730_04,2,public_catalog_snapshot,seed_derived,unavailable,1,bootstrap_only,validation,265,poultry-environment-controller,Poultry Environment Controller,PEC-8CH-V3,10,agricultural-tech,Agricultural Tech,268,8-Channel Relay WiFi,,1,0.420,18.00,12.00,8.00,1728.000,0.3456,263.20,CN|SG|TH,3,3,4.80,fallback,0
20260730_04,2,public_catalog_snapshot,seed_derived,unavailable,1,bootstrap_only,train,266,aquaculture-water-quality-monitor,Aquaculture Water Quality Monitor,AQM-4IN1,10,agricultural-tech,Agricultural Tech,269,pH DO TDS Temp,,1,0.380,16.00,8.00,5.50,704.000,0.1408,169.20,CN|SG|TH,3,3,4.80,fallback,0
20260730_04,2,public_catalog_snapshot,seed_derived,unavailable,1,bootstrap_only,validation,267,aquaponics-complete-starter-system,Aquaponics Complete Starter System,APS-200L,10,agricultural-tech,Agricultural Tech,270,200L Tank+Grow Bed,,1,28.000,120.00,60.00,80.00,576000.000,115.2000,582.80,CN|SG|TH,3,3,4.80,fallback,0
20260730_04,2,public_catalog_snapshot,seed_derived,unavailable,1,bootstrap_only,test,268,gps-livestock-ear-tag-tracker,GPS Livestock Ear Tag Tracker,LT-GPS-EAR-4G,10,agricultural-tech,Agricultural Tech,271,4G LTE IP67,,1,0.040,5.00,4.50,1.00,22.500,0.0045,42.30,CN|SG|TH,3,3,4.80,fallback,0
20260730_04,2,public_catalog_snapshot,seed_derived,unavailable,1,bootstrap_only,train,269,dji-d-rtk-2-mobile-station,DJI D-RTK 2 Mobile Station,CP.AG.00000015.02,10,agricultural-tech,Agricultural Tech,272,RTK Base Station,,1,0.490,16.70,16.70,10.60,2956.234,0.5912,1692.00,CN|SG|TH,3,3,4.80,fallback,0
20260730_04,2,public_catalog_snapshot,seed_derived,unavailable,1,bootstrap_only,train,270,cold-room-controller-ebm-20,Cold Room Controller EBM-20,EBM-20-230VAC,10,agricultural-tech,Agricultural Tech,273,Defrost+Alarm 2 Probe,,1,0.220,12.00,7.50,5.50,495.000,0.0990,263.20,CN|SG|TH,3,3,4.80,fallback,0
20260730_04,2,public_catalog_snapshot,seed_derived,unavailable,1,bootstrap_only,test,271,fruit-brix-refractometer-digital,Fruit Brix Refractometer Digital,PAL-BX|ACID97,10,agricultural-tech,Agricultural Tech,274,0-85% Brix IP65,,1,0.080,14.00,3.00,3.00,126.000,0.0252,61.10,CN|SG|TH,3,3,4.80,fallback,0
20260730_04,2,public_catalog_snapshot,seed_derived,unavailable,1,bootstrap_only,train,272,automated-fertigation-controller,Automated Fertigation Controller,FC-6ZONE-PRO,10,agricultural-tech,Agricultural Tech,275,6-Channel NPK EC pH,,1,0.850,20.00,14.00,8.00,2240.000,0.4480,263.20,CN|SG|TH,3,3,4.80,fallback,0
20260730_04,2,public_catalog_snapshot,seed_derived,unavailable,1,bootstrap_only,train,273,soil-moisture-sensor-capacitive-v2,Soil Moisture Sensor Capacitive v2,CAP-SOIL-V2,10,agricultural-tech,Agricultural Tech,276,3-5V Analog Digital,,1,0.020,9.80,2.30,0.30,6.762,0.0014,79.90,CN|SG|TH,3,3,4.80,fallback,0
20260730_04,2,public_catalog_snapshot,seed_derived,unavailable,1,bootstrap_only,train,274,vertical-farm-rack-led-system,Vertical Farm Rack LED System,VF-RACK-1200W,10,agricultural-tech,Agricultural Tech,277,1200W 4-Tier 2m,,1,18.000,200.00,60.00,210.00,2520000.000,504.0000,2632.00,CN|SG|TH,3,3,4.80,fallback,0
20260730_04,2,public_catalog_snapshot,seed_derived,unavailable,1,bootstrap_only,train,275,solar-powered-irrigation-pump-24v,Solar Powered Irrigation Pump 24V,SIP-750W-24V,10,agricultural-tech,Agricultural Tech,278,750W 40m Head,,1,4.200,32.00,15.00,15.00,7200.000,1.4400,2068.00,CN|SG|TH,3,3,4.80,fallback,0
20260730_04,2,public_catalog_snapshot,seed_derived,unavailable,1,bootstrap_only,test,276,growatt-spf-5000es-solar-inverter,Growatt SPF 5000ES Solar Inverter,SPF 5000 ES,11,clean-energy-ev,Clean Energy & EV,279,5kW Off-Grid 48V,,1,11.500,46.50,36.50,14.50,24610.125,4.9220,451.20,CN|SG|TH,3,3,4.80,fallback,0
20260730_04,2,public_catalog_snapshot,seed_derived,unavailable,1,bootstrap_only,train,277,huawei-sun2000-10ktl-m1-inverter,Huawei SUN2000-10KTL-M1 Inverter,SUN2000-10KTL-M1,11,clean-energy-ev,Clean Energy & EV,280,10kW Grid-Tie 3Ph,,1,22.000,52.50,47.00,17.50,43181.250,8.6363,582.80,CN|SG|TH,3,3,4.80,fallback,0
20260730_04,2,public_catalog_snapshot,seed_derived,unavailable,1,bootstrap_only,train,278,sma-sunny-boy-36-1av-41-inverter,SMA Sunny Boy 3.6-1AV-41 Inverter,SB3.6-1AV-41,11,clean-energy-ev,Clean Energy & EV,281,3.6kW 1Ph Grid-Tie,,1,13.500,44.00,26.40,17.60,20444.160,4.0888,770.80,CN|SG|TH,3,3,4.80,fallback,0
20260730_04,2,public_catalog_snapshot,seed_derived,unavailable,1,bootstrap_only,train,279,deye-sun-8k-sg04lp3-hybrid-inverter,Deye SUN-8K-SG04LP3 Hybrid Inverter,SUN-8K-SG04LP3-EU,11,clean-energy-ev,Clean Energy & EV,282,8kW Hybrid 48V,,1,16.000,46.50,36.50,14.50,24610.125,4.9220,545.20,CN|SG|TH,3,3,4.80,fallback,0
20260730_04,2,public_catalog_snapshot,seed_derived,unavailable,1,bootstrap_only,train,280,kstar-blue-s-6kt-hybrid-inverter,KSTAR BluE-S 6KT Hybrid Inverter,BluE-S 6KT,11,clean-energy-ev,Clean Energy & EV,283,6kW Hybrid LiFePO4,,1,15.000,44.00,32.50,14.50,20735.000,4.1470,488.80,CN|SG|TH,3,3,4.80,fallback,0
20260730_04,2,public_catalog_snapshot,seed_derived,unavailable,1,bootstrap_only,test,281,ev-ac-charger-wallbox-pulsar-plus-22kw,EV AC Charger Wallbox Pulsar Plus 22kW,PLP1-0-2-4-9-002-C,11,clean-energy-ev,Clean Energy & EV,284,22kW Type2 WiFi,,1,2.300,17.60,15.40,9.30,2520.672,0.5041,451.20,CN|SG|TH,3,3,4.80,fallback,0
20260730_04,2,public_catalog_snapshot,seed_derived,unavailable,1,bootstrap_only,test,282,ev-dc-fast-charger-50kw-ccs-chademo,EV DC Fast Charger 50kW CCS CHAdeMO,EVC-50-DC-DUAL,11,clean-energy-ev,Clean Energy & EV,285,50kW Dual Output,,1,85.000,75.00,55.00,165.00,680625.000,136.1250,3572.00,CN|SG|TH,3,3,4.80,fallback,0
20260730_04,2,public_catalog_snapshot,seed_derived,unavailable,1,bootstrap_only,train,283,catl-lifepo4-280ah-grade-a-cell,CATL LiFePO4 280Ah Grade A Cell,EVE-LF280K,11,clean-energy-ev,Clean Energy & EV,286,3.2V 280Ah Prismatic,,1,0.540,17.40,7.20,20.70,2593.296,0.5187,79.90,CN|SG|TH,3,3,4.80,fallback,0
20260730_04,2,public_catalog_snapshot,seed_derived,unavailable,1,bootstrap_only,train,284,byd-battery-box-premium-lvs-40,BYD Battery Box Premium LVS 4.0,BYD-LVS-4.0,11,clean-energy-ev,Clean Energy & EV,287,3.84kWh 48V Stack,,1,25.000,44.00,22.00,22.00,21296.000,4.2592,1692.00,CN|SG|TH,3,3,4.80,fallback,0
20260730_04,2,public_catalog_snapshot,seed_derived,unavailable,1,bootstrap_only,train,285,solar-panel-550w-mono-perc-risen,Solar Panel 550W Mono PERC Risen,RSM110-8-550M,11,clean-energy-ev,Clean Energy & EV,288,182mm Half-Cell,,1,28.000,225.70,113.40,3.50,89580.330,17.9161,89.30,CN|SG|TH,3,3,4.80,fallback,0
20260730_04,2,public_catalog_snapshot,seed_derived,unavailable,1,bootstrap_only,test,286,solar-panel-400w-bifacial-longi,Solar Panel 400W Bifacial Longi,LR5-54HTH-400M,11,clean-energy-ev,Clean Energy & EV,289,400W Bifacial PERC,,1,21.300,172.20,113.50,3.00,58634.100,11.7268,79.90,CN|SG|TH,3,3,4.80,fallback,0
20260730_04,2,public_catalog_snapshot,seed_derived,unavailable,1,bootstrap_only,train,287,victron-mppt-10050-charge-controller,Victron MPPT 100/50 Charge Controller,SCC020050200,11,clean-energy-ev,Clean Energy & EV,290,100V 50A SmartSolar,,1,0.590,18.50,10.00,6.70,1239.500,0.2479,61.10,CN|SG|TH,3,3,4.80,fallback,0
20260730_04,2,public_catalog_snapshot,seed_derived,unavailable,1,bootstrap_only,train,288,victron-multiplus-ii-48300035-32,Victron MultiPlus-II 48/3000/35-32,PMP482305010,11,clean-energy-ev,Clean Energy & EV,291,3kW 48V Inverter-Charger,,1,16.800,40.00,27.00,22.70,24516.000,4.9032,770.80,CN|SG|TH,3,3,4.80,fallback,0
20260730_04,2,public_catalog_snapshot,seed_derived,unavailable,1,bootstrap_only,train,289,catl-10kwh-lifepo4-home-battery,CATL 10kWh LiFePO4 Home Battery,CATL-HBS-10,11,clean-energy-ev,Clean Energy & EV,292,48V 200Ah Rackmount,,1,98.000,48.00,60.00,22.00,63360.000,12.6720,79.90,CN|SG|TH,3,3,4.80,fallback,0
20260730_04,2,public_catalog_snapshot,seed_derived,unavailable,1,bootstrap_only,validation,290,lithium-pack-48v-200ah-lifepo4,Lithium Pack 48V 200Ah LiFePO4,LP48V200AH-BMS,11,clean-energy-ev,Clean Energy & EV,293,10.24kWh with 100A BMS,,1,42.000,48.50,27.00,22.50,29463.750,5.8928,545.20,CN|SG|TH,3,3,4.80,fallback,0
20260730_04,2,public_catalog_snapshot,seed_derived,unavailable,1,bootstrap_only,validation,291,ev-conversion-kit-72v-3000w,EV Conversion Kit 72V 3000W,EVCK-72V-3000W-BLDC,11,clean-energy-ev,Clean Energy & EV,294,BLDC Hub Motor Kit,,1,12.000,35.00,20.00,15.00,10500.000,2.1000,1692.00,CN|SG|TH,3,3,4.80,fallback,0
20260730_04,2,public_catalog_snapshot,seed_derived,unavailable,1,bootstrap_only,train,292,e-bike-rear-hub-motor-kit-1000w,E-Bike Rear Hub Motor Kit 1000W,EBHM-1000W-48V-RR,11,clean-energy-ev,Clean Energy & EV,295,48V 26 inch Rear,,1,5.500,28.00,28.00,8.50,6664.000,1.3328,263.20,CN|SG|TH,3,3,4.80,fallback,0
20260730_04,2,public_catalog_snapshot,seed_derived,unavailable,1,bootstrap_only,train,293,solar-street-light-100w-all-in-one,Solar Street Light 100W All-in-One,SSL-100W-AIO-6M,11,clean-energy-ev,Clean Energy & EV,296,100W 6m Pole,,1,4.800,62.00,28.00,8.00,13888.000,2.7776,61.10,CN|SG|TH,3,3,4.80,fallback,0
20260730_04,2,public_catalog_snapshot,seed_derived,unavailable,1,bootstrap_only,train,294,heat-pump-water-heater-200l,Heat Pump Water Heater 200L,HPWH-200L-3.8COP,11,clean-energy-ev,Clean Energy & EV,297,200L 1.2kW COP 3.8,,1,95.000,55.00,55.00,160.00,484000.000,96.8000,545.20,CN|SG|TH,3,3,4.80,fallback,0
20260730_04,2,public_catalog_snapshot,seed_derived,unavailable,1,bootstrap_only,train,295,portable-power-station-jackery-1000,Portable Power Station Jackery 1000,Explorer-1000-Pro,11,clean-energy-ev,Clean Energy & EV,298,1002Wh LiFePO4,,1,9.100,33.00,17.70,23.00,13434.300,2.6869,357.20,CN|SG|TH,3,3,4.80,fallback,0
20260730_04,2,public_catalog_snapshot,seed_derived,unavailable,1,bootstrap_only,validation,296,wind-turbine-1kw-24v-horizontal,Wind Turbine 1kW 24V Horizontal,WT-1000W-H24V-3B,11,clean-energy-ev,Clean Energy & EV,299,3-Blade 1kW 2.5m/s,,1,18.000,120.00,15.00,15.00,27000.000,5.4000,451.20,CN|SG|TH,3,3,4.80,fallback,0
20260730_04,2,public_catalog_snapshot,seed_derived,unavailable,1,bootstrap_only,train,297,ev-charging-rfid-card-controller,EV Charging RFID Card Controller,EV-OCPP-16A-RFID,11,clean-energy-ev,Clean Energy & EV,300,16A OCPP 1.6 RFID,,1,1.200,20.00,14.50,8.50,2465.000,0.4930,263.20,CN|SG|TH,3,3,4.80,fallback,0
20260730_04,2,public_catalog_snapshot,seed_derived,unavailable,1,bootstrap_only,train,298,solar-panel-mounting-rail-4m,Solar Panel Mounting Rail 4m,SOLAR-RAIL-AL-4M,11,clean-energy-ev,Clean Energy & EV,301,Aluminium 4m 2-Panel,,1,3.800,400.00,4.00,4.50,7200.000,1.4400,23.50,CN|SG|TH,3,3,4.80,fallback,0
20260730_04,2,public_catalog_snapshot,seed_derived,unavailable,1,bootstrap_only,train,299,48v-60ah-lifepo4-e-rickshaw-battery,48V 60Ah LiFePO4 E-Rickshaw Battery,LP48V60AH-EV-BMS,11,clean-energy-ev,Clean Energy & EV,302,2.88kWh IP55,,1,18.000,32.00,18.00,22.50,12960.000,2.5920,112.80,CN|SG|TH,3,3,4.80,fallback,0
20260730_04,2,public_catalog_snapshot,seed_derived,unavailable,1,bootstrap_only,test,300,ev-charge-point-ocpp-cloud-manager,EV Charge Point OCPP Cloud Manager,EV-CLOUD-OCPP-16,11,clean-energy-ev,Clean Energy & EV,303,16-Port OCPP 2.0,,1,1.800,22.00,16.00,10.00,3520.000,0.7040,300.80,CN|SG|TH,3,3,4.80,fallback,0
20260730_04,2,public_catalog_snapshot,seed_derived,unavailable,1,bootstrap_only,validation,301,rigol-ds1054z-digital-oscilloscope,Rigol DS1054Z Digital Oscilloscope,DS1054Z,12,scientific-instruments,Scientific Instruments,304,100MHz 4Ch 12Mpts,,1,2.270,30.50,15.30,13.30,6206.445,1.2413,357.20,CN|SG|TH,3,3,4.80,fallback,0
20260730_04,2,public_catalog_snapshot,seed_derived,unavailable,1,bootstrap_only,validation,302,siglent-sdg2042x-function-generator,Siglent SDG2042X Function Generator,SDG2042X,12,scientific-instruments,Scientific Instruments,305,40MHz AWG 256Mpts,,1,2.800,33.30,24.20,10.80,8703.288,1.7407,394.80,CN|SG|TH,3,3,4.80,fallback,0
20260730_04,2,public_catalog_snapshot,seed_derived,unavailable,1,bootstrap_only,train,303,fluke-87v-industrial-multimeter,Fluke 87V Industrial Multimeter,87V,12,scientific-instruments,Scientific Instruments,306,True-RMS Cat III,,1,0.350,19.50,9.50,5.50,1018.875,0.2038,263.20,CN|SG|TH,3,3,4.80,fallback,0
20260730_04,2,public_catalog_snapshot,seed_derived,unavailable,1,bootstrap_only,train,304,gw-instek-lcr-819-precision-meter,GW Instek LCR-819 Precision Meter,LCR-819,12,scientific-instruments,Scientific Instruments,307,12Hz-200kHz 0.1%,,1,2.400,25.30,19.40,10.00,4908.200,0.9816,451.20,CN|SG|TH,3,3,4.80,fallback,0
20260730_04,2,public_catalog_snapshot,seed_derived,unavailable,1,bootstrap_only,validation,305,rigol-dsa875-tg-spectrum-analyzer,Rigol DSA875-TG Spectrum Analyzer,DSA875-TG,12,scientific-instruments,Scientific Instruments,308,9kHz-7.5GHz TG,,1,5.400,35.50,23.80,16.80,14194.320,2.8389,1692.00,CN|SG|TH,3,3,4.80,fallback,0
20260730_04,2,public_catalog_snapshot,seed_derived,unavailable,1,bootstrap_only,train,306,nanovna-f-v2-44ghz-vector-analyzer,NanoVNA-F V2 4.4GHz Vector Analyzer,NANOVNA-F-V2,12,scientific-instruments,Scientific Instruments,309,50kHz-4.4GHz SAA-2,,1,0.230,11.30,7.50,1.40,118.650,0.0237,61.10,CN|SG|TH,3,3,4.80,fallback,0
20260730_04,2,public_catalog_snapshot,seed_derived,unavailable,1,bootstrap_only,train,307,korad-ka3005p-bench-power-supply,Korad KA3005P Bench Power Supply,KA3005P,12,scientific-instruments,Scientific Instruments,310,30V 5A Programmable,,1,2.200,25.50,15.50,11.00,4347.750,0.8696,79.90,CN|SG|TH,3,3,4.80,fallback,0
20260730_04,2,public_catalog_snapshot,seed_derived,unavailable,1,bootstrap_only,train,308,hakko-fx-951-soldering-station,Hakko FX-951 Soldering Station,FX951-66,12,scientific-instruments,Scientific Instruments,311,70W T12 Tips,,1,0.550,13.30,12.50,5.20,864.500,0.1729,112.80,CN|SG|TH,3,3,4.80,fallback,0
20260730_04,2,public_catalog_snapshot,seed_derived,unavailable,1,bootstrap_only,train,309,t962a-pcb-reflow-oven-300x320mm,T962A PCB Reflow Oven 300x320mm,T962A,12,scientific-instruments,Scientific Instruments,312,1500W SMD Reflow,,1,10.500,44.50,37.50,15.50,25865.625,5.1731,169.20,CN|SG|TH,3,3,4.80,fallback,0
20260730_04,2,public_catalog_snapshot,seed_derived,unavailable,1,bootstrap_only,train,310,sartorius-me235s-analytical-balance,Sartorius ME235S Analytical Balance,ME235S,12,scientific-instruments,Scientific Instruments,313,230g 0.00001g,,1,8.700,37.00,28.50,16.00,16872.000,3.3744,357.20,CN|SG|TH,3,3,4.80,fallback,0
20260730_04,2,public_catalog_snapshot,seed_derived,unavailable,1,bootstrap_only,train,311,hanna-hi98130-phectds-meter,Hanna HI98130 pH/EC/TDS Meter,HI98130,12,scientific-instruments,Scientific Instruments,314,0-14pH +/-0.1,,1,0.080,16.50,3.20,2.80,147.840,0.0296,61.10,CN|SG|TH,3,3,4.80,fallback,0
20260730_04,2,public_catalog_snapshot,seed_derived,unavailable,1,bootstrap_only,test,312,shimadzu-uv-1900i-spectrophotometer,Shimadzu UV-1900i Spectrophotometer,UV-1900i,12,scientific-instruments,Scientific Instruments,315,190-1100nm 0.5nm,,1,14.000,45.50,39.50,24.00,43134.000,8.6268,61.10,CN|SG|TH,3,3,4.80,fallback,0
20260730_04,2,public_catalog_snapshot,seed_derived,unavailable,1,bootstrap_only,train,313,trinocular-microscope-bm2000,Trinocular Microscope BM2000,BM2000-T-LED,12,scientific-instruments,Scientific Instruments,316,40x-2000x Fluorescent,,1,4.200,22.00,17.00,42.00,15708.000,3.1416,263.20,CN|SG|TH,3,3,4.80,fallback,0
20260730_04,2,public_catalog_snapshot,seed_derived,unavailable,1,bootstrap_only,train,314,dino-lite-am7515mt8a-digital-microscope,Dino-Lite AM7515MT8A Digital Microscope,AM7515MT8A,12,scientific-instruments,Scientific Instruments,317,720p 5MP 20-220x,,1,0.100,10.50,3.30,3.30,114.345,0.0229,42.30,CN|SG|TH,3,3,4.80,fallback,0
20260730_04,2,public_catalog_snapshot,seed_derived,unavailable,1,bootstrap_only,test,315,flir-one-pro-ios-thermal-camera,FLIR One Pro iOS Thermal Camera,435-0011-03,12,scientific-instruments,Scientific Instruments,318,160x120 +/-3°C,,1,0.080,8.70,4.90,2.10,89.523,0.0179,357.20,CN|SG|TH,3,3,4.80,fallback,0
20260730_04,2,public_catalog_snapshot,seed_derived,unavailable,1,bootstrap_only,test,316,saleae-logic-pro-16-usb-analyzer,Saleae Logic Pro 16 USB Analyzer,LOGIC-PRO-16,12,scientific-instruments,Scientific Instruments,319,16-Channel 500MSps,,1,0.060,6.50,4.00,1.30,33.800,0.0068,451.20,CN|SG|TH,3,3,4.80,fallback,0
20260730_04,2,public_catalog_snapshot,seed_derived,unavailable,1,bootstrap_only,train,317,segger-j-link-base-compact,Segger J-Link BASE Compact,8.19.00,12,scientific-instruments,Scientific Instruments,320,JTAG/SWD Debugger,,1,0.040,5.50,3.80,1.10,22.990,0.0046,263.20,CN|SG|TH,3,3,4.80,fallback,0
20260730_04,2,public_catalog_snapshot,seed_derived,unavailable,1,bootstrap_only,train,318,weiss-technik-wk-3-4040-chamber,Weiss Technik WK 3-40/40 Chamber,WK 3-40/40,12,scientific-instruments,Scientific Instruments,321,-40 to +180°C 64L,,1,98.000,52.00,52.00,78.00,210912.000,42.1824,1692.00,CN|SG|TH,3,3,4.80,fallback,0
20260730_04,2,public_catalog_snapshot,seed_derived,unavailable,1,bootstrap_only,train,319,msa-altair-4xr-gas-detector,MSA Altair 4XR Gas Detector,10128840,12,scientific-instruments,Scientific Instruments,322,4-Gas LEL O2 CO H2S,,1,0.240,11.80,6.70,3.60,284.616,0.0569,169.20,CN|SG|TH,3,3,4.80,fallback,0
20260730_04,2,public_catalog_snapshot,seed_derived,unavailable,1,bootstrap_only,train,320,pce-322a-sound-level-meter,PCE-322A Sound Level Meter,PCE-322A,12,scientific-instruments,Scientific Instruments,323,30-130dB Class 2,,1,0.180,23.00,6.00,3.20,441.600,0.0883,112.80,CN|SG|TH,3,3,4.80,fallback,0
20260730_04,2,public_catalog_snapshot,seed_derived,unavailable,1,bootstrap_only,train,321,keysight-34461a-bench-multimeter,Keysight 34461A Bench Multimeter,34461A-G,12,scientific-instruments,Scientific Instruments,324,6.5 Digit True-RMS,,1,2.400,26.30,21.70,8.80,5022.248,1.0044,611.00,CN|SG|TH,3,3,4.80,fallback,0
20260730_04,2,public_catalog_snapshot,seed_derived,unavailable,1,bootstrap_only,train,322,siglent-sds1202x-e-oscilloscope,Siglent SDS1202X-E Oscilloscope,SDS1202X-E,12,scientific-instruments,Scientific Instruments,325,200MHz 2Ch 14Mpts,,1,2.070,30.50,15.30,13.30,6206.445,1.2413,357.20,CN|SG|TH,3,3,4.80,fallback,0
20260730_04,2,public_catalog_snapshot,seed_derived,unavailable,1,bootstrap_only,test,323,extech-an200-anemometer,Extech AN200 Anemometer,AN200,12,scientific-instruments,Scientific Instruments,326,0.4-30m/s Temp Humid,,1,0.120,20.00,5.50,3.20,352.000,0.0704,611.00,CN|SG|TH,3,3,4.80,fallback,0
20260730_04,2,public_catalog_snapshot,seed_derived,unavailable,1,bootstrap_only,train,324,endresshauser-prosonic-m-fmu40,Endress+Hauser Prosonic M FMU40,FMU40-ARB2A2,12,scientific-instruments,Scientific Instruments,327,Ultrasonic Level,,1,0.380,28.00,8.50,8.50,2023.000,0.4046,263.20,CN|SG|TH,3,3,4.80,fallback,0
20260730_04,2,public_catalog_snapshot,seed_derived,unavailable,1,bootstrap_only,test,325,rohde-schwarz-rtm3004-oscilloscope,Rohde Schwarz RTM3004 Oscilloscope,RTM3004,12,scientific-instruments,Scientific Instruments,328,200MHz 4Ch 1GSps,,1,4.200,35.00,19.50,16.00,10920.000,2.1840,357.20,CN|SG|TH,3,3,4.80,fallback,0
20260730_04,2,public_catalog_snapshot,seed_derived,unavailable,1,bootstrap_only,train,326,bambu-lab-x1-carbon-3d-printer,Bambu Lab X1 Carbon 3D Printer,X1C-Combo,13,3d-printing-maker,3D Printing & Maker,329,256x256x256mm 600mm/s,,1,14.900,38.90,38.90,45.70,69153.697,13.8307,1127.06,CN|SG|TH,3,3,4.80,fallback,0
20260730_04,2,public_catalog_snapshot,seed_derived,unavailable,1,bootstrap_only,test,327,creality-k1-max-fdm-3d-printer,Creality K1 Max FDM 3D Printer,K1-Max,13,3d-printing-maker,3D Printing & Maker,330,300x300x300mm 600mm/s,,1,23.300,50.40,56.40,51.80,147244.608,29.4489,611.00,CN|SG|TH,3,3,4.80,fallback,0
20260730_04,2,public_catalog_snapshot,seed_derived,unavailable,1,bootstrap_only,train,328,elegoo-saturn-3-ultra-msla-printer,Elegoo Saturn 3 Ultra MSLA Printer,Saturn-3-Ultra,13,3d-printing-maker,3D Printing & Maker,331,218x123x260mm 14K,,1,7.200,31.00,27.30,50.50,42738.150,8.5476,357.20,CN|SG|TH,3,3,4.80,fallback,0
20260730_04,2,public_catalog_snapshot,seed_derived,unavailable,1,bootstrap_only,test,329,prusa-mk4-3d-printer-kit,Prusa MK4 3D Printer Kit,MK4S,13,3d-printing-maker,3D Printing & Maker,332,250x210x220mm Klipper,,1,7.300,50.00,50.00,50.00,125000.000,25.0000,751.06,CN|SG|TH,3,3,4.80,fallback,0
20260730_04,2,public_catalog_snapshot,seed_derived,unavailable,1,bootstrap_only,train,330,bambu-lab-p1s-3d-printer,Bambu Lab P1S 3D Printer,P1S-Combo,13,3d-printing-maker,3D Printing & Maker,333,256x256x256mm Enclosed,,1,14.500,38.90,38.90,45.70,69153.697,13.8307,1127.06,CN|SG|TH,3,3,4.80,fallback,0
20260730_04,2,public_catalog_snapshot,seed_derived,unavailable,1,bootstrap_only,validation,331,ankermake-m5c-3d-printer,AnkerMake M5C 3D Printer,M5C,13,3d-printing-maker,3D Printing & Maker,334,220x220x250mm 500mm/s,,1,7.600,36.50,36.50,48.00,63948.000,12.7896,282.00,CN|SG|TH,3,3,4.80,fallback,0
20260730_04,2,public_catalog_snapshot,seed_derived,unavailable,1,bootstrap_only,validation,332,formlabs-form-3l-sla-printer,Formlabs Form 3L SLA Printer,Form 3L,13,3d-printing-maker,3D Printing & Maker,335,33x20x30cm Low-Force,,1,26.500,61.00,45.70,74.00,206289.800,41.2580,3289.06,CN|SG|TH,3,3,4.80,fallback,0
20260730_04,2,public_catalog_snapshot,seed_derived,unavailable,1,bootstrap_only,train,333,bambu-lab-ams-multi-filament-unit,Bambu Lab AMS Multi-filament Unit,AMS,13,3d-printing-maker,3D Printing & Maker,336,4-Color AMS,,1,3.300,32.90,22.60,15.50,11524.870,2.3050,357.20,CN|SG|TH,3,3,4.80,fallback,0
20260730_04,2,public_catalog_snapshot,seed_derived,unavailable,1,bootstrap_only,train,334,raspberry-pi-5-8gb-ram,Raspberry Pi 5 8GB RAM,SC1112,13,3d-printing-maker,3D Printing & Maker,337,Cortex-A76 2.4GHz,,1,0.050,8.50,5.60,1.70,80.920,0.0162,75.20,CN|SG|TH,3,3,4.80,fallback,0
20260730_04,2,public_catalog_snapshot,seed_derived,unavailable,1,bootstrap_only,test,335,nvidia-jetson-orin-nano-8gb,NVIDIA Jetson Orin Nano 8GB,945-13766-0050-000,13,3d-printing-maker,3D Printing & Maker,338,1024 CUDA 40TOPs,,1,0.280,8.70,5.00,4.10,178.350,0.0357,93.06,CN|SG|TH,3,3,4.80,fallback,0
20260730_04,2,public_catalog_snapshot,seed_derived,unavailable,1,bootstrap_only,train,336,nvidia-jetson-nano-4gb-developer-kit,NVIDIA Jetson Nano 4GB Developer Kit,945-13450-0000-100,13,3d-printing-maker,3D Printing & Maker,339,128 CUDA 472GFLOPs,,1,0.370,10.00,7.90,4.50,355.500,0.0711,93.06,CN|SG|TH,3,3,4.80,fallback,0
20260730_04,2,public_catalog_snapshot,seed_derived,unavailable,1,bootstrap_only,train,337,arduino-mega-2560-r3-official,Arduino Mega 2560 R3 Official,A000067,13,3d-printing-maker,3D Printing & Maker,340,AVR 54 Digital Pins,,1,0.050,10.20,5.40,1.10,60.588,0.0121,35.72,CN|SG|TH,3,3,4.80,fallback,0
20260730_04,2,public_catalog_snapshot,seed_derived,unavailable,1,bootstrap_only,train,338,raspberry-pi-pico-2-w,Raspberry Pi Pico 2 W,SC1632,13,3d-printing-maker,3D Printing & Maker,341,RP2350 WiFi BT,,1,0.010,5.10,2.10,0.60,6.426,0.0013,75.20,CN|SG|TH,3,3,4.80,fallback,0
20260730_04,2,public_catalog_snapshot,seed_derived,unavailable,1,bootstrap_only,train,339,xtool-d1-pro-20w-laser-engraver,xTool D1 Pro 20W Laser Engraver,D1-Pro-20W,13,3d-printing-maker,3D Printing & Maker,342,430x390mm 20W,,1,4.500,65.00,55.00,24.00,85800.000,17.1600,451.20,CN|SG|TH,3,3,4.80,fallback,0
20260730_04,2,public_catalog_snapshot,seed_derived,unavailable,1,bootstrap_only,validation,340,cnc-3018-pro-max-router-grbl,CNC 3018 Pro Max Router GRBL,3018-ProMax,13,3d-printing-maker,3D Printing & Maker,343,300x180x45mm 5500rpm,,1,3.800,40.00,35.00,25.00,35000.000,7.0000,169.20,CN|SG|TH,3,3,4.80,fallback,0
20260730_04,2,public_catalog_snapshot,seed_derived,unavailable,1,bootstrap_only,train,341,pla-filament-3kg-bundle-bambu,PLA+ Filament 3kg Bundle Bambu,PLA-PLUS-3KG-WHITE,13,3d-printing-maker,3D Printing & Maker,344,1.75mm ±0.02mm,,1,3.200,26.00,26.00,8.00,5408.000,1.0816,32.90,CN|SG|TH,3,3,4.80,fallback,0
20260730_04,2,public_catalog_snapshot,seed_derived,unavailable,1,bootstrap_only,train,342,petg-carbon-fiber-filament-1kg,PETG Carbon Fiber Filament 1kg,PETG-CF-1KG,13,3d-printing-maker,3D Printing & Maker,345,1.75mm 15% CF,,1,1.200,22.00,22.00,7.00,3388.000,0.6776,42.30,CN|SG|TH,3,3,4.80,fallback,0
20260730_04,2,public_catalog_snapshot,seed_derived,unavailable,1,bootstrap_only,train,343,tpu-95a-flexible-filament-1kg,TPU 95A Flexible Filament 1kg,TPU95A-1KG-BLK,13,3d-printing-maker,3D Printing & Maker,346,1.75mm Shore 95A,,1,1.100,22.00,22.00,7.00,3388.000,0.6776,28.20,CN|SG|TH,3,3,4.80,fallback,0
20260730_04,2,public_catalog_snapshot,seed_derived,unavailable,1,bootstrap_only,train,344,elegoo-405nm-abs-like-uv-resin-1l,Elegoo 405nm ABS-Like UV Resin 1L,EL-3D-RESIN-1L,13,3d-printing-maker,3D Printing & Maker,347,1L Grey ABS-Like,,1,1.300,12.00,8.50,21.50,2193.000,0.4386,357.20,CN|SG|TH,3,3,4.80,fallback,0
20260730_04,2,public_catalog_snapshot,seed_derived,unavailable,1,bootstrap_only,test,345,google-coral-usb-accelerator-tpu,Google Coral USB Accelerator TPU,G950-06809-01,13,3d-printing-maker,3D Printing & Maker,348,4 TOPs USB 3.0,,1,0.060,6.50,3.00,0.80,15.600,0.0031,56.40,CN|SG|TH,3,3,4.80,fallback,0
20260730_04,2,public_catalog_snapshot,seed_derived,unavailable,1,bootstrap_only,train,346,intel-realsense-d435i-depth-camera,Intel RealSense D435i Depth Camera,82635AWGDVKPRQ,13,3d-printing-maker,3D Printing & Maker,349,30fps Depth+IMU,,1,0.070,9.00,2.50,2.50,56.250,0.0112,169.20,CN|SG|TH,3,3,4.80,fallback,0
20260730_04,2,public_catalog_snapshot,seed_derived,unavailable,1,bootstrap_only,train,347,luxonis-oak-d-lite-spatial-camera,Luxonis OAK-D Lite Spatial Camera,OAK-D-LITE-FF,13,3d-printing-maker,3D Printing & Maker,350,Fixed-Focus Depth AI,,1,0.060,9.10,2.80,3.00,76.440,0.0153,141.00,CN|SG|TH,3,3,4.80,fallback,0
20260730_04,2,public_catalog_snapshot,seed_derived,unavailable,1,bootstrap_only,train,348,creality-ender-3-v3-ke-3d-printer,Creality Ender 3 V3 KE 3D Printer,Ender-3-V3-KE,13,3d-printing-maker,3D Printing & Maker,351,220x220x240mm 500mm/s,,1,7.800,38.50,38.50,44.00,65219.000,13.0438,263.20,CN|SG|TH,3,3,4.80,fallback,0
20260730_04,2,public_catalog_snapshot,seed_derived,unavailable,1,bootstrap_only,train,349,esp32-s3-dev-kit-n16r8,ESP32-S3 Dev Kit N16R8,ESP32-S3-DevKitC-1,13,3d-printing-maker,3D Printing & Maker,352,240MHz WiFi BT 16MB,,1,0.010,6.90,2.80,0.80,15.456,0.0031,7.52,CN|SG|TH,3,3,4.80,fallback,0
20260730_04,2,public_catalog_snapshot,seed_derived,unavailable,1,bootstrap_only,test,350,jetson-xavier-nx-16gb-module,Jetson Xavier NX 16GB Module,900-83668-0030-000,13,3d-printing-maker,3D Printing & Maker,353,384 CUDA 21TOPs,,1,0.040,6.90,4.50,1.00,31.050,0.0062,93.06,CN|SG|TH,3,3,4.80,fallback,0
20260730_04,2,public_catalog_snapshot,seed_derived,unavailable,1,bootstrap_only,train,351,digital-clinical-thermometer,Digital Clinical Thermometer,MED-001,14,medical-products-accessories,Medical Products & Accessories,355,Standard,MED-001-STD,0,0.200,11.00,8.00,5.00,440.000,0.0880,5.98,CN|IN|SG,3,3,4.84,fallback,0
20260730_04,2,public_catalog_snapshot,seed_derived,unavailable,1,bootstrap_only,train,352,infrared-forehead-thermometer,Infrared Forehead Thermometer,MED-002,14,medical-products-accessories,Medical Products & Accessories,356,Standard,MED-002-STD,0,0.320,14.00,10.00,7.00,980.000,0.1960,8.39,CN|IN|SG,3,3,4.84,fallback,0
20260730_04,2,public_catalog_snapshot,seed_derived,unavailable,1,bootstrap_only,train,353,fingertip-pulse-oximeter,Fingertip Pulse Oximeter,MED-003,14,medical-products-accessories,Medical Products & Accessories,357,Standard,MED-003-STD,0,0.440,17.00,12.00,9.00,1836.000,0.3672,10.81,CN|IN|SG,3,3,4.84,fallback,0
20260730_04,2,public_catalog_snapshot,seed_derived,unavailable,1,bootstrap_only,test,354,automatic-blood-pressure-monitor,Automatic Blood Pressure Monitor,MED-004,14,medical-products-accessories,Medical Products & Accessories,358,Standard,MED-004-STD,0,0.560,20.00,14.00,11.00,3080.000,0.6160,13.23,CN|IN|SG,3,3,4.84,fallback,0
20260730_04,2,public_catalog_snapshot,seed_derived,unavailable,1,bootstrap_only,validation,355,aneroid-blood-pressure-kit,Aneroid Blood Pressure Kit,MED-005,14,medical-products-accessories,Medical Products & Accessories,359,Standard,MED-005-STD,0,0.680,23.00,16.00,3.00,1104.000,0.2208,15.64,CN|IN|SG,3,3,4.84,fallback,0
20260730_04,2,public_catalog_snapshot,seed_derived,unavailable,1,bootstrap_only,test,356,dual-head-stethoscope,Dual-Head Stethoscope,MED-006,14,medical-products-accessories,Medical Products & Accessories,360,Standard,MED-006-STD,0,0.800,26.00,6.00,5.00,780.000,0.1560,18.06,CN|IN|SG,3,3,4.84,fallback,0
20260730_04,2,public_catalog_snapshot,seed_derived,unavailable,1,bootstrap_only,train,357,blood-glucose-monitoring-kit,Blood Glucose Monitoring Kit,MED-007,14,medical-products-accessories,Medical Products & Accessories,361,Standard,MED-007-STD,0,0.920,29.00,8.00,7.00,1624.000,0.3248,20.48,CN|IN|SG,3,3,4.84,fallback,0
20260730_04,2,public_catalog_snapshot,seed_derived,unavailable,1,bootstrap_only,train,358,glucose-test-strip-pack,Glucose Test Strip Pack,MED-008,14,medical-products-accessories,Medical Products & Accessories,362,Standard,MED-008-STD,0,1.040,8.00,10.00,9.00,720.000,0.1440,22.89,CN|IN|SG,3,3,4.84,fallback,0
20260730_04,2,public_catalog_snapshot,seed_derived,unavailable,1,bootstrap_only,train,359,portable-compressor-nebulizer,Portable Compressor Nebulizer,MED-009,14,medical-products-accessories,Medical Products & Accessories,363,Standard,MED-009-STD,0,1.160,11.00,12.00,11.00,1452.000,0.2904,25.31,CN|IN|SG,3,3,4.84,fallback,0
20260730_04,2,public_catalog_snapshot,seed_derived,unavailable,1,bootstrap_only,train,360,personal-steam-inhaler,Personal Steam Inhaler,MED-010,14,medical-products-accessories,Medical Products & Accessories,364,Standard,MED-010-STD,0,1.280,14.00,14.00,3.00,588.000,0.1176,27.73,CN|IN|SG,3,3,4.84,fallback,0
20260730_04,2,public_catalog_snapshot,seed_derived,unavailable,1,bootstrap_only,train,361,comprehensive-first-aid-kit,Comprehensive First Aid Kit,MED-011,14,medical-products-accessories,Medical Products & Accessories,365,Standard,MED-011-STD,0,1.400,17.00,16.00,5.00,1360.000,0.2720,30.14,CN|IN|SG,3,3,4.84,fallback,0
20260730_04,2,public_catalog_snapshot,seed_derived,unavailable,1,bootstrap_only,train,362,cotton-bandage-roll,Cotton Bandage Roll,MED-012,14,medical-products-accessories,Medical Products & Accessories,366,Standard,MED-012-STD,0,0.080,20.00,6.00,7.00,840.000,0.1680,22.65,CN|IN|SG,3,3,4.84,fallback,0
20260730_04,2,public_catalog_snapshot,seed_derived,unavailable,1,bootstrap_only,train,363,adhesive-bandage-assortment,Adhesive Bandage Assortment,MED-013,14,medical-products-accessories,Medical Products & Accessories,367,Standard,MED-013-STD,0,0.200,23.00,8.00,9.00,1656.000,0.3312,25.07,CN|IN|SG,3,3,4.84,fallback,0
20260730_04,2,public_catalog_snapshot,seed_derived,unavailable,1,bootstrap_only,train,364,sterile-gauze-pad-pack,Sterile Gauze Pad Pack,MED-014,14,medical-products-accessories,Medical Products & Accessories,368,Standard,MED-014-STD,0,0.320,26.00,10.00,11.00,2860.000,0.5720,27.49,CN|IN|SG,3,3,4.84,fallback,0
20260730_04,2,public_catalog_snapshot,seed_derived,unavailable,1,bootstrap_only,train,365,medical-adhesive-tape,Medical Adhesive Tape,MED-015,14,medical-products-accessories,Medical Products & Accessories,369,Standard,MED-015-STD,0,0.440,29.00,12.00,3.00,1044.000,0.2088,29.90,CN|IN|SG,3,3,4.84,fallback,0
20260730_04,2,public_catalog_snapshot,seed_derived,unavailable,1,bootstrap_only,train,366,elastic-crepe-bandage,Elastic Crepe Bandage,MED-016,14,medical-products-accessories,Medical Products & Accessories,370,Standard,MED-016-STD,0,0.560,8.00,14.00,5.00,560.000,0.1120,32.32,CN|IN|SG,3,3,4.84,fallback,0
20260730_04,2,public_catalog_snapshot,seed_derived,unavailable,1,bootstrap_only,train,367,adjustable-knee-support,Adjustable Knee Support,MED-017,14,medical-products-accessories,Medical Products & Accessories,371,Standard,MED-017-STD,0,0.680,11.00,16.00,7.00,1232.000,0.2464,34.74,CN|IN|SG,3,3,4.84,fallback,0
20260730_04,2,public_catalog_snapshot,seed_derived,unavailable,1,bootstrap_only,validation,368,compression-ankle-support,Compression Ankle Support,MED-018,14,medical-products-accessories,Medical Products & Accessories,372,Standard,MED-018-STD,0,0.800,14.00,6.00,9.00,756.000,0.1512,37.15,CN|IN|SG,3,3,4.84,fallback,0
20260730_04,2,public_catalog_snapshot,seed_derived,unavailable,1,bootstrap_only,validation,369,wrist-support-brace,Wrist Support Brace,MED-019,14,medical-products-accessories,Medical Products & Accessories,373,Standard,MED-019-STD,0,0.920,17.00,8.00,11.00,1496.000,0.2992,39.57,CN|IN|SG,3,3,4.84,fallback,0
20260730_04,2,public_catalog_snapshot,seed_derived,unavailable,1,bootstrap_only,train,370,lumbar-support-belt,Lumbar Support Belt,MED-020,14,medical-products-accessories,Medical Products & Accessories,374,Standard,MED-020-STD,0,1.040,20.00,10.00,3.00,600.000,0.1200,41.99,CN|IN|SG,3,3,4.84,fallback,0
20260730_04,2,public_catalog_snapshot,seed_derived,unavailable,1,bootstrap_only,test,371,soft-cervical-collar,Soft Cervical Collar,MED-021,14,medical-products-accessories,Medical Products & Accessories,375,Standard,MED-021-STD,0,1.160,23.00,12.00,5.00,1380.000,0.2760,44.40,CN|IN|SG,3,3,4.84,fallback,0
20260730_04,2,public_catalog_snapshot,seed_derived,unavailable,1,bootstrap_only,train,372,adjustable-arm-sling,Adjustable Arm Sling,MED-022,14,medical-products-accessories,Medical Products & Accessories,376,Standard,MED-022-STD,0,1.280,26.00,14.00,7.00,2548.000,0.5096,46.82,CN|IN|SG,3,3,4.84,fallback,0
20260730_04,2,public_catalog_snapshot,seed_derived,unavailable,1,bootstrap_only,train,373,aluminum-underarm-crutches,Aluminum Underarm Crutches,MED-023,14,medical-products-accessories,Medical Products & Accessories,377,Standard,MED-023-STD,0,1.400,29.00,16.00,9.00,4176.000,0.8352,49.24,CN|IN|SG,3,3,4.84,fallback,0
20260730_04,2,public_catalog_snapshot,seed_derived,unavailable,1,bootstrap_only,train,374,height-adjustable-walking-cane,Height-Adjustable Walking Cane,MED-024,14,medical-products-accessories,Medical Products & Accessories,378,Standard,MED-024-STD,0,0.080,8.00,6.00,11.00,528.000,0.1056,41.74,CN|IN|SG,3,3,4.84,fallback,0
20260730_04,2,public_catalog_snapshot,seed_derived,unavailable,1,bootstrap_only,train,375,foldable-walking-frame,Foldable Walking Frame,MED-025,14,medical-products-accessories,Medical Products & Accessories,379,Standard,MED-025-STD,0,0.200,11.00,8.00,3.00,264.000,0.0528,44.16,CN|IN|SG,3,3,4.84,fallback,0
20260730_04,2,public_catalog_snapshot,seed_derived,unavailable,1,bootstrap_only,validation,376,lightweight-manual-wheelchair,Lightweight Manual Wheelchair,MED-026,14,medical-products-accessories,Medical Products & Accessories,380,Standard,MED-026-STD,0,0.320,14.00,10.00,5.00,700.000,0.1400,46.58,CN|IN|SG,3,3,4.84,fallback,0
20260730_04,2,public_catalog_snapshot,seed_derived,unavailable,1,bootstrap_only,validation,377,adjustable-shower-chair,Adjustable Shower Chair,MED-027,14,medical-products-accessories,Medical Products & Accessories,381,Standard,MED-027-STD,0,0.440,17.00,12.00,7.00,1428.000,0.2856,48.99,CN|IN|SG,3,3,4.84,fallback,0
20260730_04,2,public_catalog_snapshot,seed_derived,unavailable,1,bootstrap_only,test,378,portable-commode-chair,Portable Commode Chair,MED-028,14,medical-products-accessories,Medical Products & Accessories,382,Standard,MED-028-STD,0,0.560,20.00,14.00,9.00,2520.000,0.5040,51.41,CN|IN|SG,3,3,4.84,fallback,0
20260730_04,2,public_catalog_snapshot,seed_derived,unavailable,1,bootstrap_only,train,379,safety-bed-rail,Safety Bed Rail,MED-029,14,medical-products-accessories,Medical Products & Accessories,383,Standard,MED-029-STD,0,0.680,23.00,16.00,11.00,4048.000,0.8096,53.83,CN|IN|SG,3,3,4.84,fallback,0
20260730_04,2,public_catalog_snapshot,seed_derived,unavailable,1,bootstrap_only,train,380,anti-decubitus-air-mattress,Anti-Decubitus Air Mattress,MED-030,14,medical-products-accessories,Medical Products & Accessories,384,Standard,MED-030-STD,0,0.800,26.00,6.00,3.00,468.000,0.0936,56.24,CN|IN|SG,3,3,4.84,fallback,0
20260730_04,2,public_catalog_snapshot,seed_derived,unavailable,1,bootstrap_only,test,381,reusable-hot-and-cold-pack,Reusable Hot and Cold Pack,MED-031,14,medical-products-accessories,Medical Products & Accessories,385,Standard,MED-031-STD,0,0.920,29.00,8.00,5.00,1160.000,0.2320,58.66,CN|IN|SG,3,3,4.84,fallback,0
20260730_04,2,public_catalog_snapshot,seed_derived,unavailable,1,bootstrap_only,train,382,electric-heating-pad,Electric Heating Pad,MED-032,14,medical-products-accessories,Medical Products & Accessories,386,Standard,MED-032-STD,0,1.040,8.00,10.00,7.00,560.000,0.1120,61.08,CN|IN|SG,3,3,4.84,fallback,0
20260730_04,2,public_catalog_snapshot,seed_derived,unavailable,1,bootstrap_only,validation,383,reusable-ice-bag,Reusable Ice Bag,MED-033,14,medical-products-accessories,Medical Products & Accessories,387,Standard,MED-033-STD,0,1.160,11.00,12.00,9.00,1188.000,0.2376,63.49,CN|IN|SG,3,3,4.84,fallback,0
20260730_04,2,public_catalog_snapshot,seed_derived,unavailable,1,bootstrap_only,test,384,disposable-adult-face-mask,Disposable Adult Face Mask,MED-034,14,medical-products-accessories,Medical Products & Accessories,388,Standard,MED-034-STD,0,1.280,14.00,14.00,11.00,2156.000,0.4312,65.91,CN|IN|SG,3,3,4.84,fallback,0
20260730_04,2,public_catalog_snapshot,seed_derived,unavailable,1,bootstrap_only,train,385,disposable-child-face-mask,Disposable Child Face Mask,MED-035,14,medical-products-accessories,Medical Products & Accessories,389,Standard,MED-035-STD,0,1.400,17.00,16.00,3.00,816.000,0.1632,68.33,CN|IN|SG,3,3,4.84,fallback,0
20260730_04,2,public_catalog_snapshot,seed_derived,unavailable,1,bootstrap_only,train,386,protective-face-shield,Protective Face Shield,MED-036,14,medical-products-accessories,Medical Products & Accessories,390,Standard,MED-036-STD,0,0.080,20.00,6.00,5.00,600.000,0.1200,60.84,CN|IN|SG,3,3,4.84,fallback,0
20260730_04,2,public_catalog_snapshot,seed_derived,unavailable,1,bootstrap_only,train,387,nitrile-examination-gloves,Nitrile Examination Gloves,MED-037,14,medical-products-accessories,Medical Products & Accessories,391,Standard,MED-037-STD,0,0.200,23.00,8.00,7.00,1288.000,0.2576,63.25,CN|IN|SG,3,3,4.84,fallback,0
20260730_04,2,public_catalog_snapshot,seed_derived,unavailable,1,bootstrap_only,test,388,latex-examination-gloves,Latex Examination Gloves,MED-038,14,medical-products-accessories,Medical Products & Accessories,392,Standard,MED-038-STD,0,0.320,26.00,10.00,9.00,2340.000,0.4680,65.67,CN|IN|SG,3,3,4.84,fallback,0
20260730_04,2,public_catalog_snapshot,seed_derived,unavailable,1,bootstrap_only,train,389,touchless-sanitizer-dispenser,Touchless Sanitizer Dispenser,MED-039,14,medical-products-accessories,Medical Products & Accessories,393,Standard,MED-039-STD,0,0.440,29.00,12.00,11.00,3828.000,0.7656,68.09,CN|IN|SG,3,3,4.84,fallback,0
20260730_04,2,public_catalog_snapshot,seed_derived,unavailable,1,bootstrap_only,test,390,weekly-pill-organizer,Weekly Pill Organizer,MED-040,14,medical-products-accessories,Medical Products & Accessories,394,Standard,MED-040-STD,0,0.560,8.00,14.00,3.00,336.000,0.0672,70.50,CN|IN|SG,3,3,4.84,fallback,0
20260730_04,2,public_catalog_snapshot,seed_derived,unavailable,1,bootstrap_only,test,391,lockable-medicine-storage-box,Lockable Medicine Storage Box,MED-041,14,medical-products-accessories,Medical Products & Accessories,395,Standard,MED-041-STD,0,0.680,11.00,16.00,5.00,880.000,0.1760,72.92,CN|IN|SG,3,3,4.84,fallback,0
20260730_04,2,public_catalog_snapshot,seed_derived,unavailable,1,bootstrap_only,train,392,tablet-cutter,Tablet Cutter,MED-042,14,medical-products-accessories,Medical Products & Accessories,396,Standard,MED-042-STD,0,0.800,14.00,6.00,7.00,588.000,0.1176,75.34,CN|IN|SG,3,3,4.84,fallback,0
20260730_04,2,public_catalog_snapshot,seed_derived,unavailable,1,bootstrap_only,train,393,tablet-crusher,Tablet Crusher,MED-043,14,medical-products-accessories,Medical Products & Accessories,397,Standard,MED-043-STD,0,0.920,17.00,8.00,9.00,1224.000,0.2448,77.75,CN|IN|SG,3,3,4.84,fallback,0
20260730_04,2,public_catalog_snapshot,seed_derived,unavailable,1,bootstrap_only,validation,394,hearing-aid-battery-pack,Hearing Aid Battery Pack,MED-044,14,medical-products-accessories,Medical Products & Accessories,398,Standard,MED-044-STD,0,1.040,20.00,10.00,11.00,2200.000,0.4400,80.17,CN|IN|SG,3,3,4.84,fallback,0
20260730_04,2,public_catalog_snapshot,seed_derived,unavailable,1,bootstrap_only,train,395,thermometer-probe-cover-pack,Thermometer Probe Cover Pack,MED-045,14,medical-products-accessories,Medical Products & Accessories,399,Standard,MED-045-STD,0,1.160,23.00,12.00,3.00,828.000,0.1656,82.59,CN|IN|SG,3,3,4.84,fallback,0
20260730_04,2,public_catalog_snapshot,seed_derived,unavailable,1,bootstrap_only,train,396,manual-nasal-aspirator,Manual Nasal Aspirator,MED-046,14,medical-products-accessories,Medical Products & Accessories,400,Standard,MED-046-STD,0,1.280,26.00,14.00,5.00,1820.000,0.3640,85.00,CN|IN|SG,3,3,4.84,fallback,0
20260730_04,2,public_catalog_snapshot,seed_derived,unavailable,1,bootstrap_only,train,397,digital-baby-weighing-scale,Digital Baby Weighing Scale,MED-047,14,medical-products-accessories,Medical Products & Accessories,401,Standard,MED-047-STD,0,1.400,29.00,16.00,7.00,3248.000,0.6496,87.42,CN|IN|SG,3,3,4.84,fallback,0
20260730_04,2,public_catalog_snapshot,seed_derived,unavailable,1,bootstrap_only,train,398,digital-body-weight-scale,Digital Body Weight Scale,MED-048,14,medical-products-accessories,Medical Products & Accessories,402,Standard,MED-048-STD,0,0.080,8.00,6.00,9.00,432.000,0.0864,79.93,CN|IN|SG,3,3,4.84,fallback,0
20260730_04,2,public_catalog_snapshot,seed_derived,unavailable,1,bootstrap_only,train,399,medical-measuring-tape,Medical Measuring Tape,MED-049,14,medical-products-accessories,Medical Products & Accessories,403,Standard,MED-049-STD,0,0.200,11.00,8.00,11.00,968.000,0.1936,82.34,CN|IN|SG,3,3,4.84,fallback,0
20260730_04,2,public_catalog_snapshot,seed_derived,unavailable,1,bootstrap_only,train,400,reusable-diagnostic-penlight,Reusable Diagnostic Penlight,MED-050,14,medical-products-accessories,Medical Products & Accessories,404,Standard,MED-050-STD,0,0.320,14.00,10.00,3.00,420.000,0.0840,84.76,CN|IN|SG,3,3,4.84,fallback,0
20260730_04,2,public_catalog_snapshot,seed_derived,unavailable,1,bootstrap_only,train,401,neurological-reflex-hammer,Neurological Reflex Hammer,MED-051,14,medical-products-accessories,Medical Products & Accessories,405,Standard,MED-051-STD,0,0.440,17.00,12.00,5.00,1020.000,0.2040,87.18,CN|IN|SG,3,3,4.84,fallback,0
20260730_04,2,public_catalog_snapshot,seed_derived,unavailable,1,bootstrap_only,validation,402,medical-tuning-fork-set,Medical Tuning Fork Set,MED-052,14,medical-products-accessories,Medical Products & Accessories,406,Standard,MED-052-STD,0,0.560,20.00,14.00,7.00,1960.000,0.3920,89.59,CN|IN|SG,3,3,4.84,fallback,0
20260730_04,2,public_catalog_snapshot,seed_derived,unavailable,1,bootstrap_only,train,403,portable-otoscope-set,Portable Otoscope Set,MED-053,14,medical-products-accessories,Medical Products & Accessories,407,Standard,MED-053-STD,0,0.680,23.00,16.00,9.00,3312.000,0.6624,92.01,CN|IN|SG,3,3,4.84,fallback,0
20260730_04,2,public_catalog_snapshot,seed_derived,unavailable,1,bootstrap_only,train,404,portable-ophthalmoscope-set,Portable Ophthalmoscope Set,MED-054,14,medical-products-accessories,Medical Products & Accessories,408,Standard,MED-054-STD,0,0.800,26.00,6.00,11.00,1716.000,0.3432,94.43,CN|IN|SG,3,3,4.84,fallback,0
20260730_04,2,public_catalog_snapshot,seed_derived,unavailable,1,bootstrap_only,train,405,led-examination-light,LED Examination Light,MED-055,14,medical-products-accessories,Medical Products & Accessories,409,Standard,MED-055-STD,0,0.920,29.00,8.00,3.00,696.000,0.1392,96.84,CN|IN|SG,3,3,4.84,fallback,0
20260730_04,2,public_catalog_snapshot,seed_derived,unavailable,1,bootstrap_only,train,406,portable-suction-machine,Portable Suction Machine,MED-056,14,medical-products-accessories,Medical Products & Accessories,410,Standard,MED-056-STD,0,1.040,8.00,10.00,5.00,400.000,0.0800,99.26,CN|IN|SG,3,3,4.84,fallback,0
20260730_04,2,public_catalog_snapshot,seed_derived,unavailable,1,bootstrap_only,train,407,oxygen-mask-kit,Oxygen Mask Kit,MED-057,14,medical-products-accessories,Medical Products & Accessories,411,Standard,MED-057-STD,0,1.160,11.00,12.00,7.00,924.000,0.1848,101.68,CN|IN|SG,3,3,4.84,fallback,0
20260730_04,2,public_catalog_snapshot,seed_derived,unavailable,1,bootstrap_only,validation,408,oxygen-nasal-cannula,Oxygen Nasal Cannula,MED-058,14,medical-products-accessories,Medical Products & Accessories,412,Standard,MED-058-STD,0,1.280,14.00,14.00,9.00,1764.000,0.3528,104.09,CN|IN|SG,3,3,4.84,fallback,0
20260730_04,2,public_catalog_snapshot,seed_derived,unavailable,1,bootstrap_only,train,409,handheld-incentive-spirometer,Handheld Incentive Spirometer,MED-059,14,medical-products-accessories,Medical Products & Accessories,413,Standard,MED-059-STD,0,1.400,17.00,16.00,11.00,2992.000,0.5984,106.51,CN|IN|SG,3,3,4.84,fallback,0
20260730_04,2,public_catalog_snapshot,seed_derived,unavailable,1,bootstrap_only,train,410,peak-flow-meter,Peak Flow Meter,MED-060,14,medical-products-accessories,Medical Products & Accessories,414,Standard,MED-060-STD,0,0.080,20.00,6.00,3.00,360.000,0.0720,99.02,CN|IN|SG,3,3,4.84,fallback,0
20260730_04,2,public_catalog_snapshot,seed_derived,unavailable,1,bootstrap_only,validation,411,gold-cable-chain-necklace,Gold Cable Chain Necklace,JPM-001,15,jewelry-gems-precious-metals,"Jewelry, Gems & Precious Metals",415,Gold — purity and net weight to be specified,JPM-001-STD,0,0.046,12.00,9.00,4.00,432.000,0.0864,153.34,CN|IN|SG,3,3,4.76,fallback,0
20260730_04,2,public_catalog_snapshot,seed_derived,unavailable,1,bootstrap_only,validation,412,gold-figaro-chain-necklace,Gold Figaro Chain Necklace,JPM-002,15,jewelry-gems-precious-metals,"Jewelry, Gems & Precious Metals",416,Gold — purity and net weight to be specified,JPM-002-STD,0,0.052,12.00,9.00,4.00,432.000,0.0864,170.17,CN|IN|SG,3,3,4.76,fallback,0
20260730_04,2,public_catalog_snapshot,seed_derived,unavailable,1,bootstrap_only,train,413,gold-rope-chain-necklace,Gold Rope Chain Necklace,JPM-003,15,jewelry-gems-precious-metals,"Jewelry, Gems & Precious Metals",417,Gold — purity and net weight to be specified,JPM-003-STD,0,0.058,12.00,9.00,4.00,432.000,0.0864,187.00,CN|IN|SG,3,3,4.76,fallback,0
20260730_04,2,public_catalog_snapshot,seed_derived,unavailable,1,bootstrap_only,test,414,gold-pendant-necklace,Gold Pendant Necklace,JPM-004,15,jewelry-gems-precious-metals,"Jewelry, Gems & Precious Metals",418,Gold — purity and net weight to be specified,JPM-004-STD,0,0.064,12.00,9.00,4.00,432.000,0.0864,203.84,CN|IN|SG,3,3,4.76,fallback,0
20260730_04,2,public_catalog_snapshot,seed_derived,unavailable,1,bootstrap_only,train,415,gold-link-bracelet,Gold Link Bracelet,JPM-005,15,jewelry-gems-precious-metals,"Jewelry, Gems & Precious Metals",419,Gold — purity and net weight to be specified,JPM-005-STD,0,0.070,12.00,9.00,4.00,432.000,0.0864,220.68,CN|IN|SG,3,3,4.76,fallback,0
20260730_04,2,public_catalog_snapshot,seed_derived,unavailable,1,bootstrap_only,train,416,gold-cuff-bracelet,Gold Cuff Bracelet,JPM-006,15,jewelry-gems-precious-metals,"Jewelry, Gems & Precious Metals",420,Gold — purity and net weight to be specified,JPM-006-STD,0,0.076,12.00,9.00,4.00,432.000,0.0864,237.51,CN|IN|SG,3,3,4.76,fallback,0
20260730_04,2,public_catalog_snapshot,seed_derived,unavailable,1,bootstrap_only,test,417,gold-classic-bangle,Gold Classic Bangle,JPM-007,15,jewelry-gems-precious-metals,"Jewelry, Gems & Precious Metals",421,Gold — purity and net weight to be specified,JPM-007-STD,0,0.040,12.00,9.00,4.00,432.000,0.0864,254.34,CN|IN|SG,3,3,4.76,fallback,0
20260730_04,2,public_catalog_snapshot,seed_derived,unavailable,1,bootstrap_only,validation,418,gold-stackable-ring,Gold Stackable Ring,JPM-008,15,jewelry-gems-precious-metals,"Jewelry, Gems & Precious Metals",422,Gold — purity and net weight to be specified,JPM-008-STD,0,0.046,12.00,9.00,4.00,432.000,0.0864,271.18,CN|IN|SG,3,3,4.76,fallback,0
20260730_04,2,public_catalog_snapshot,seed_derived,unavailable,1,bootstrap_only,train,419,gold-signet-ring,Gold Signet Ring,JPM-009,15,jewelry-gems-precious-metals,"Jewelry, Gems & Precious Metals",423,Gold — purity and net weight to be specified,JPM-009-STD,0,0.052,12.00,9.00,4.00,432.000,0.0864,288.02,CN|IN|SG,3,3,4.76,fallback,0
20260730_04,2,public_catalog_snapshot,seed_derived,unavailable,1,bootstrap_only,train,420,gold-wedding-band,Gold Wedding Band,JPM-010,15,jewelry-gems-precious-metals,"Jewelry, Gems & Precious Metals",424,Gold — purity and net weight to be specified,JPM-010-STD,0,0.058,12.00,9.00,4.00,432.000,0.0864,304.85,CN|IN|SG,3,3,4.76,fallback,0
20260730_04,2,public_catalog_snapshot,seed_derived,unavailable,1,bootstrap_only,train,421,gold-stud-earrings,Gold Stud Earrings,JPM-011,15,jewelry-gems-precious-metals,"Jewelry, Gems & Precious Metals",425,Gold — purity and net weight to be specified,JPM-011-STD,0,0.064,12.00,9.00,4.00,432.000,0.0864,321.68,CN|IN|SG,3,3,4.76,fallback,0
20260730_04,2,public_catalog_snapshot,seed_derived,unavailable,1,bootstrap_only,train,422,gold-hoop-earrings,Gold Hoop Earrings,JPM-012,15,jewelry-gems-precious-metals,"Jewelry, Gems & Precious Metals",426,Gold — purity and net weight to be specified,JPM-012-STD,0,0.070,12.00,9.00,4.00,432.000,0.0864,338.52,CN|IN|SG,3,3,4.76,fallback,0
20260730_04,2,public_catalog_snapshot,seed_derived,unavailable,1,bootstrap_only,train,423,gold-bullion-bar,Gold Bullion Bar,JPM-013,15,jewelry-gems-precious-metals,"Jewelry, Gems & Precious Metals",427,Gold — purity and net weight to be specified,JPM-013-STD,0,0.076,12.00,9.00,4.00,432.000,0.0864,355.36,CN|IN|SG,3,3,4.76,fallback,0
20260730_04,2,public_catalog_snapshot,seed_derived,unavailable,1,bootstrap_only,train,424,gold-bullion-coin,Gold Bullion Coin,JPM-014,15,jewelry-gems-precious-metals,"Jewelry, Gems & Precious Metals",428,Gold — purity and net weight to be specified,JPM-014-STD,0,0.040,12.00,9.00,4.00,432.000,0.0864,372.19,CN|IN|SG,3,3,4.76,fallback,0
20260730_04,2,public_catalog_snapshot,seed_derived,unavailable,1,bootstrap_only,train,425,silver-cable-chain-necklace,Silver Cable Chain Necklace,JPM-015,15,jewelry-gems-precious-metals,"Jewelry, Gems & Precious Metals",429,Silver — fineness and net weight to be specified,JPM-015-STD,0,0.046,12.00,9.00,4.00,432.000,0.0864,21.16,CN|IN|SG,3,3,4.76,fallback,0
20260730_04,2,public_catalog_snapshot,seed_derived,unavailable,1,bootstrap_only,train,426,silver-figaro-chain-necklace,Silver Figaro Chain Necklace,JPM-016,15,jewelry-gems-precious-metals,"Jewelry, Gems & Precious Metals",430,Silver — fineness and net weight to be specified,JPM-016-STD,0,0.052,12.00,9.00,4.00,432.000,0.0864,24.12,CN|IN|SG,3,3,4.76,fallback,0
20260730_04,2,public_catalog_snapshot,seed_derived,unavailable,1,bootstrap_only,train,427,silver-rope-chain-necklace,Silver Rope Chain Necklace,JPM-017,15,jewelry-gems-precious-metals,"Jewelry, Gems & Precious Metals",431,Silver — fineness and net weight to be specified,JPM-017-STD,0,0.058,12.00,9.00,4.00,432.000,0.0864,27.07,CN|IN|SG,3,3,4.76,fallback,0
20260730_04,2,public_catalog_snapshot,seed_derived,unavailable,1,bootstrap_only,train,428,silver-pendant-necklace,Silver Pendant Necklace,JPM-018,15,jewelry-gems-precious-metals,"Jewelry, Gems & Precious Metals",432,Silver — fineness and net weight to be specified,JPM-018-STD,0,0.064,12.00,9.00,4.00,432.000,0.0864,30.03,CN|IN|SG,3,3,4.76,fallback,0
20260730_04,2,public_catalog_snapshot,seed_derived,unavailable,1,bootstrap_only,train,429,silver-link-bracelet,Silver Link Bracelet,JPM-019,15,jewelry-gems-precious-metals,"Jewelry, Gems & Precious Metals",433,Silver — fineness and net weight to be specified,JPM-019-STD,0,0.070,12.00,9.00,4.00,432.000,0.0864,32.99,CN|IN|SG,3,3,4.76,fallback,0
20260730_04,2,public_catalog_snapshot,seed_derived,unavailable,1,bootstrap_only,test,430,silver-cuff-bracelet,Silver Cuff Bracelet,JPM-020,15,jewelry-gems-precious-metals,"Jewelry, Gems & Precious Metals",434,Silver — fineness and net weight to be specified,JPM-020-STD,0,0.076,12.00,9.00,4.00,432.000,0.0864,35.94,CN|IN|SG,3,3,4.76,fallback,0
20260730_04,2,public_catalog_snapshot,seed_derived,unavailable,1,bootstrap_only,validation,431,silver-classic-bangle,Silver Classic Bangle,JPM-021,15,jewelry-gems-precious-metals,"Jewelry, Gems & Precious Metals",435,Silver — fineness and net weight to be specified,JPM-021-STD,0,0.040,12.00,9.00,4.00,432.000,0.0864,38.90,CN|IN|SG,3,3,4.76,fallback,0
20260730_04,2,public_catalog_snapshot,seed_derived,unavailable,1,bootstrap_only,train,432,silver-stackable-ring,Silver Stackable Ring,JPM-022,15,jewelry-gems-precious-metals,"Jewelry, Gems & Precious Metals",436,Silver — fineness and net weight to be specified,JPM-022-STD,0,0.046,12.00,9.00,4.00,432.000,0.0864,41.86,CN|IN|SG,3,3,4.76,fallback,0
20260730_04,2,public_catalog_snapshot,seed_derived,unavailable,1,bootstrap_only,train,433,silver-signet-ring,Silver Signet Ring,JPM-023,15,jewelry-gems-precious-metals,"Jewelry, Gems & Precious Metals",437,Silver — fineness and net weight to be specified,JPM-023-STD,0,0.052,12.00,9.00,4.00,432.000,0.0864,44.82,CN|IN|SG,3,3,4.76,fallback,0
20260730_04,2,public_catalog_snapshot,seed_derived,unavailable,1,bootstrap_only,train,434,silver-wedding-band,Silver Wedding Band,JPM-024,15,jewelry-gems-precious-metals,"Jewelry, Gems & Precious Metals",438,Silver — fineness and net weight to be specified,JPM-024-STD,0,0.058,12.00,9.00,4.00,432.000,0.0864,47.78,CN|IN|SG,3,3,4.76,fallback,0
20260730_04,2,public_catalog_snapshot,seed_derived,unavailable,1,bootstrap_only,train,435,silver-stud-earrings,Silver Stud Earrings,JPM-025,15,jewelry-gems-precious-metals,"Jewelry, Gems & Precious Metals",439,Silver — fineness and net weight to be specified,JPM-025-STD,0,0.064,12.00,9.00,4.00,432.000,0.0864,50.73,CN|IN|SG,3,3,4.76,fallback,0
20260730_04,2,public_catalog_snapshot,seed_derived,unavailable,1,bootstrap_only,train,436,silver-hoop-earrings,Silver Hoop Earrings,JPM-026,15,jewelry-gems-precious-metals,"Jewelry, Gems & Precious Metals",440,Silver — fineness and net weight to be specified,JPM-026-STD,0,0.070,12.00,9.00,4.00,432.000,0.0864,53.69,CN|IN|SG,3,3,4.76,fallback,0
20260730_04,2,public_catalog_snapshot,seed_derived,unavailable,1,bootstrap_only,validation,437,silver-bullion-bar,Silver Bullion Bar,JPM-027,15,jewelry-gems-precious-metals,"Jewelry, Gems & Precious Metals",441,Silver — fineness and net weight to be specified,JPM-027-STD,0,0.076,12.00,9.00,4.00,432.000,0.0864,56.65,CN|IN|SG,3,3,4.76,fallback,0
20260730_04,2,public_catalog_snapshot,seed_derived,unavailable,1,bootstrap_only,train,438,silver-bullion-coin,Silver Bullion Coin,JPM-028,15,jewelry-gems-precious-metals,"Jewelry, Gems & Precious Metals",442,Silver — fineness and net weight to be specified,JPM-028-STD,0,0.040,12.00,9.00,4.00,432.000,0.0864,59.60,CN|IN|SG,3,3,4.76,fallback,0
20260730_04,2,public_catalog_snapshot,seed_derived,unavailable,1,bootstrap_only,test,439,platinum-chain-necklace,Platinum Chain Necklace,JPM-029,15,jewelry-gems-precious-metals,"Jewelry, Gems & Precious Metals",443,Platinum — fineness and net weight to be specified,JPM-029-STD,0,0.046,12.00,9.00,4.00,432.000,0.0864,212.94,CN|IN|SG,3,3,4.76,fallback,0
20260730_04,2,public_catalog_snapshot,seed_derived,unavailable,1,bootstrap_only,train,440,platinum-link-bracelet,Platinum Link Bracelet,JPM-030,15,jewelry-gems-precious-metals,"Jewelry, Gems & Precious Metals",444,Platinum — fineness and net weight to be specified,JPM-030-STD,0,0.052,12.00,9.00,4.00,432.000,0.0864,234.78,CN|IN|SG,3,3,4.76,fallback,0
20260730_04,2,public_catalog_snapshot,seed_derived,unavailable,1,bootstrap_only,train,441,platinum-wedding-band,Platinum Wedding Band,JPM-031,15,jewelry-gems-precious-metals,"Jewelry, Gems & Precious Metals",445,Platinum — fineness and net weight to be specified,JPM-031-STD,0,0.058,12.00,9.00,4.00,432.000,0.0864,256.62,CN|IN|SG,3,3,4.76,fallback,0
20260730_04,2,public_catalog_snapshot,seed_derived,unavailable,1,bootstrap_only,train,442,platinum-stud-earrings,Platinum Stud Earrings,JPM-032,15,jewelry-gems-precious-metals,"Jewelry, Gems & Precious Metals",446,Platinum — fineness and net weight to be specified,JPM-032-STD,0,0.064,12.00,9.00,4.00,432.000,0.0864,278.46,CN|IN|SG,3,3,4.76,fallback,0
20260730_04,2,public_catalog_snapshot,seed_derived,unavailable,1,bootstrap_only,train,443,palladium-wedding-band,Palladium Wedding Band,JPM-033,15,jewelry-gems-precious-metals,"Jewelry, Gems & Precious Metals",447,Palladium — fineness and net weight to be specified,JPM-033-STD,0,0.070,12.00,9.00,4.00,432.000,0.0864,300.30,CN|IN|SG,3,3,4.76,fallback,0
20260730_04,2,public_catalog_snapshot,seed_derived,unavailable,1,bootstrap_only,train,444,rose-gold-bracelet,Rose Gold Bracelet,JPM-034,15,jewelry-gems-precious-metals,"Jewelry, Gems & Precious Metals",448,Gold alloy — composition and net weight to be specified,JPM-034-STD,0,0.076,12.00,9.00,4.00,432.000,0.0864,322.14,CN|IN|SG,3,3,4.76,fallback,0
20260730_04,2,public_catalog_snapshot,seed_derived,unavailable,1,bootstrap_only,validation,445,white-gold-pendant-setting,White Gold Pendant Setting,JPM-035,15,jewelry-gems-precious-metals,"Jewelry, Gems & Precious Metals",449,Gold alloy — composition and net weight to be specified,JPM-035-STD,0,0.040,12.00,9.00,4.00,432.000,0.0864,343.98,CN|IN|SG,3,3,4.76,fallback,0
20260730_04,2,public_catalog_snapshot,seed_derived,unavailable,1,bootstrap_only,train,446,two-tone-gold-ring,Two-Tone Gold Ring,JPM-036,15,jewelry-gems-precious-metals,"Jewelry, Gems & Precious Metals",450,Gold alloy — composition and net weight to be specified,JPM-036-STD,0,0.046,12.00,9.00,4.00,432.000,0.0864,365.82,CN|IN|SG,3,3,4.76,fallback,0
20260730_04,2,public_catalog_snapshot,seed_derived,unavailable,1,bootstrap_only,train,447,round-cut-diamond-stone,Round-Cut Diamond Stone,JPM-037,15,jewelry-gems-precious-metals,"Jewelry, Gems & Precious Metals",451,"Diamond — cut, carat, color, clarity and certificate to be specified",JPM-037-STD,0,0.014,6.00,6.00,3.00,108.000,0.0216,111.93,CN|IN|SG,3,3,4.76,fallback,0
20260730_04,2,public_catalog_snapshot,seed_derived,unavailable,1,bootstrap_only,train,448,princess-cut-diamond-stone,Princess-Cut Diamond Stone,JPM-038,15,jewelry-gems-precious-metals,"Jewelry, Gems & Precious Metals",452,"Diamond — cut, carat, color, clarity and certificate to be specified",JPM-038-STD,0,0.016,6.00,6.00,3.00,108.000,0.0216,137.41,CN|IN|SG,3,3,4.76,fallback,0
20260730_04,2,public_catalog_snapshot,seed_derived,unavailable,1,bootstrap_only,train,449,emerald-cut-diamond-stone,Emerald-Cut Diamond Stone,JPM-039,15,jewelry-gems-precious-metals,"Jewelry, Gems & Precious Metals",453,"Diamond — cut, carat, color, clarity and certificate to be specified",JPM-039-STD,0,0.018,6.00,6.00,3.00,108.000,0.0216,162.89,CN|IN|SG,3,3,4.76,fallback,0
20260730_04,2,public_catalog_snapshot,seed_derived,unavailable,1,bootstrap_only,validation,450,oval-cut-diamond-stone,Oval-Cut Diamond Stone,JPM-040,15,jewelry-gems-precious-metals,"Jewelry, Gems & Precious Metals",454,"Diamond — cut, carat, color, clarity and certificate to be specified",JPM-040-STD,0,0.010,6.00,6.00,3.00,108.000,0.0216,188.37,CN|IN|SG,3,3,4.76,fallback,0
20260730_04,2,public_catalog_snapshot,seed_derived,unavailable,1,bootstrap_only,train,451,pear-cut-diamond-stone,Pear-Cut Diamond Stone,JPM-041,15,jewelry-gems-precious-metals,"Jewelry, Gems & Precious Metals",455,"Diamond — cut, carat, color, clarity and certificate to be specified",JPM-041-STD,0,0.012,6.00,6.00,3.00,108.000,0.0216,213.85,CN|IN|SG,3,3,4.76,fallback,0
20260730_04,2,public_catalog_snapshot,seed_derived,unavailable,1,bootstrap_only,train,452,marquise-cut-diamond-stone,Marquise-Cut Diamond Stone,JPM-042,15,jewelry-gems-precious-metals,"Jewelry, Gems & Precious Metals",456,"Diamond — cut, carat, color, clarity and certificate to be specified",JPM-042-STD,0,0.014,6.00,6.00,3.00,108.000,0.0216,239.33,CN|IN|SG,3,3,4.76,fallback,0
20260730_04,2,public_catalog_snapshot,seed_derived,unavailable,1,bootstrap_only,test,453,cushion-cut-diamond-stone,Cushion-Cut Diamond Stone,JPM-043,15,jewelry-gems-precious-metals,"Jewelry, Gems & Precious Metals",457,"Diamond — cut, carat, color, clarity and certificate to be specified",JPM-043-STD,0,0.016,6.00,6.00,3.00,108.000,0.0216,264.81,CN|IN|SG,3,3,4.76,fallback,0
20260730_04,2,public_catalog_snapshot,seed_derived,unavailable,1,bootstrap_only,train,454,radiant-cut-diamond-stone,Radiant-Cut Diamond Stone,JPM-044,15,jewelry-gems-precious-metals,"Jewelry, Gems & Precious Metals",458,"Diamond — cut, carat, color, clarity and certificate to be specified",JPM-044-STD,0,0.018,6.00,6.00,3.00,108.000,0.0216,290.29,CN|IN|SG,3,3,4.76,fallback,0
20260730_04,2,public_catalog_snapshot,seed_derived,unavailable,1,bootstrap_only,train,455,asscher-cut-diamond-stone,Asscher-Cut Diamond Stone,JPM-045,15,jewelry-gems-precious-metals,"Jewelry, Gems & Precious Metals",459,"Diamond — cut, carat, color, clarity and certificate to be specified",JPM-045-STD,0,0.010,6.00,6.00,3.00,108.000,0.0216,315.77,CN|IN|SG,3,3,4.76,fallback,0
20260730_04,2,public_catalog_snapshot,seed_derived,unavailable,1,bootstrap_only,train,456,heart-cut-diamond-stone,Heart-Cut Diamond Stone,JPM-046,15,jewelry-gems-precious-metals,"Jewelry, Gems & Precious Metals",460,"Diamond — cut, carat, color, clarity and certificate to be specified",JPM-046-STD,0,0.012,6.00,6.00,3.00,108.000,0.0216,341.25,CN|IN|SG,3,3,4.76,fallback,0
20260730_04,2,public_catalog_snapshot,seed_derived,unavailable,1,bootstrap_only,validation,457,diamond-solitaire-pendant,Diamond Solitaire Pendant,JPM-047,15,jewelry-gems-precious-metals,"Jewelry, Gems & Precious Metals",461,"Diamond — cut, carat, color, clarity and certificate to be specified",JPM-047-STD,0,0.070,12.00,9.00,4.00,432.000,0.0864,366.73,CN|IN|SG,3,3,4.76,fallback,0
20260730_04,2,public_catalog_snapshot,seed_derived,unavailable,1,bootstrap_only,train,458,diamond-tennis-bracelet,Diamond Tennis Bracelet,JPM-048,15,jewelry-gems-precious-metals,"Jewelry, Gems & Precious Metals",462,"Diamond — cut, carat, color, clarity and certificate to be specified",JPM-048-STD,0,0.076,12.00,9.00,4.00,432.000,0.0864,392.21,CN|IN|SG,3,3,4.76,fallback,0
20260730_04,2,public_catalog_snapshot,seed_derived,unavailable,1,bootstrap_only,test,459,diamond-stud-earrings,Diamond Stud Earrings,JPM-049,15,jewelry-gems-precious-metals,"Jewelry, Gems & Precious Metals",463,"Diamond — cut, carat, color, clarity and certificate to be specified",JPM-049-STD,0,0.040,12.00,9.00,4.00,432.000,0.0864,417.69,CN|IN|SG,3,3,4.76,fallback,0
20260730_04,2,public_catalog_snapshot,seed_derived,unavailable,1,bootstrap_only,train,460,diamond-cluster-ring,Diamond Cluster Ring,JPM-050,15,jewelry-gems-precious-metals,"Jewelry, Gems & Precious Metals",464,"Diamond — cut, carat, color, clarity and certificate to be specified",JPM-050-STD,0,0.046,12.00,9.00,4.00,432.000,0.0864,443.17,CN|IN|SG,3,3,4.76,fallback,0
20260730_04,2,public_catalog_snapshot,seed_derived,unavailable,1,bootstrap_only,train,461,ruby-gemstone,Ruby Gemstone,JPM-051,15,jewelry-gems-precious-metals,"Jewelry, Gems & Precious Metals",465,"Gemstone — grade, weight and treatment disclosure to be specified",JPM-051-STD,0,0.012,6.00,6.00,3.00,108.000,0.0216,27.30,CN|IN|SG,3,3,4.76,fallback,0
20260730_04,2,public_catalog_snapshot,seed_derived,unavailable,1,bootstrap_only,train,462,blue-sapphire-gemstone,Blue Sapphire Gemstone,JPM-052,15,jewelry-gems-precious-metals,"Jewelry, Gems & Precious Metals",466,"Gemstone — grade, weight and treatment disclosure to be specified",JPM-052-STD,0,0.014,6.00,6.00,3.00,108.000,0.0216,34.58,CN|IN|SG,3,3,4.76,fallback,0
20260730_04,2,public_catalog_snapshot,seed_derived,unavailable,1,bootstrap_only,train,463,emerald-gemstone,Emerald Gemstone,JPM-053,15,jewelry-gems-precious-metals,"Jewelry, Gems & Precious Metals",467,"Gemstone — grade, weight and treatment disclosure to be specified",JPM-053-STD,0,0.016,6.00,6.00,3.00,108.000,0.0216,41.86,CN|IN|SG,3,3,4.76,fallback,0
20260730_04,2,public_catalog_snapshot,seed_derived,unavailable,1,bootstrap_only,train,464,amethyst-gemstone,Amethyst Gemstone,JPM-054,15,jewelry-gems-precious-metals,"Jewelry, Gems & Precious Metals",468,"Gemstone — grade, weight and treatment disclosure to be specified",JPM-054-STD,0,0.018,6.00,6.00,3.00,108.000,0.0216,49.14,CN|IN|SG,3,3,4.76,fallback,0
20260730_04,2,public_catalog_snapshot,seed_derived,unavailable,1,bootstrap_only,test,465,aquamarine-gemstone,Aquamarine Gemstone,JPM-055,15,jewelry-gems-precious-metals,"Jewelry, Gems & Precious Metals",469,"Gemstone — grade, weight and treatment disclosure to be specified",JPM-055-STD,0,0.010,6.00,6.00,3.00,108.000,0.0216,56.42,CN|IN|SG,3,3,4.76,fallback,0
20260730_04,2,public_catalog_snapshot,seed_derived,unavailable,1,bootstrap_only,train,466,citrine-gemstone,Citrine Gemstone,JPM-056,15,jewelry-gems-precious-metals,"Jewelry, Gems & Precious Metals",470,"Gemstone — grade, weight and treatment disclosure to be specified",JPM-056-STD,0,0.012,6.00,6.00,3.00,108.000,0.0216,63.70,CN|IN|SG,3,3,4.76,fallback,0
20260730_04,2,public_catalog_snapshot,seed_derived,unavailable,1,bootstrap_only,train,467,garnet-gemstone,Garnet Gemstone,JPM-057,15,jewelry-gems-precious-metals,"Jewelry, Gems & Precious Metals",471,"Gemstone — grade, weight and treatment disclosure to be specified",JPM-057-STD,0,0.014,6.00,6.00,3.00,108.000,0.0216,70.98,CN|IN|SG,3,3,4.76,fallback,0
20260730_04,2,public_catalog_snapshot,seed_derived,unavailable,1,bootstrap_only,test,468,opal-gemstone,Opal Gemstone,JPM-058,15,jewelry-gems-precious-metals,"Jewelry, Gems & Precious Metals",472,"Gemstone — grade, weight and treatment disclosure to be specified",JPM-058-STD,0,0.016,6.00,6.00,3.00,108.000,0.0216,78.26,CN|IN|SG,3,3,4.76,fallback,0
20260730_04,2,public_catalog_snapshot,seed_derived,unavailable,1,bootstrap_only,validation,469,peridot-gemstone,Peridot Gemstone,JPM-059,15,jewelry-gems-precious-metals,"Jewelry, Gems & Precious Metals",473,"Gemstone — grade, weight and treatment disclosure to be specified",JPM-059-STD,0,0.018,6.00,6.00,3.00,108.000,0.0216,85.54,CN|IN|SG,3,3,4.76,fallback,0
20260730_04,2,public_catalog_snapshot,seed_derived,unavailable,1,bootstrap_only,test,470,tanzanite-gemstone,Tanzanite Gemstone,JPM-060,15,jewelry-gems-precious-metals,"Jewelry, Gems & Precious Metals",474,"Gemstone — grade, weight and treatment disclosure to be specified",JPM-060-STD,0,0.010,6.00,6.00,3.00,108.000,0.0216,92.82,CN|IN|SG,3,3,4.76,fallback,0
20260730_04,2,public_catalog_snapshot,seed_derived,unavailable,1,bootstrap_only,test,471,mobile-accessories-adjustable-phone-stand,Adjustable Phone Stand,MOB-001,16,mobile-accessories,Mobile Accessories,475,Standard supplier-declared specification,MOB-001-STD,0,0.180,12.00,8.00,3.00,288.000,0.0576,4.32,CN|MY|VN,3,3,4.63,illustrative,1
20260730_04,2,public_catalog_snapshot,seed_derived,unavailable,1,bootstrap_only,test,472,mobile-accessories-magnetic-phone-grip,Magnetic Phone Grip,MOB-002,16,mobile-accessories,Mobile Accessories,476,Standard supplier-declared specification,MOB-002-STD,0,0.060,8.00,5.00,2.00,80.000,0.0160,2.88,CN|MY|VN,3,3,4.63,illustrative,1
20260730_04,2,public_catalog_snapshot,seed_derived,unavailable,1,bootstrap_only,train,473,mobile-accessories-shockproof-phone-case,Shockproof Phone Case,MOB-003,16,mobile-accessories,Mobile Accessories,477,Standard supplier-declared specification,MOB-003-STD,0,0.090,17.00,9.00,2.00,306.000,0.0612,3.51,CN|MY|VN,3,3,4.63,illustrative,1
20260730_04,2,public_catalog_snapshot,seed_derived,unavailable,1,bootstrap_only,train,474,mobile-accessories-tempered-glass-screen-protector,Tempered Glass Screen Protector,MOB-004,16,mobile-accessories,Mobile Accessories,478,Standard supplier-declared specification,MOB-004-STD,0,0.050,19.00,10.00,1.00,190.000,0.0380,1.62,CN|MY|VN,3,3,4.63,illustrative,1
20260730_04,2,public_catalog_snapshot,seed_derived,unavailable,1,bootstrap_only,validation,475,mobile-accessories-usb-c-wall-charger,USB-C Wall Charger,MOB-005,16,mobile-accessories,Mobile Accessories,479,Standard supplier-declared specification,MOB-005-STD,0,0.100,9.00,7.00,4.00,252.000,0.0504,7.65,CN|MY|VN,3,3,4.63,illustrative,1
20260730_04,2,public_catalog_snapshot,seed_derived,unavailable,1,bootstrap_only,train,476,mobile-accessories-usb-c-mobile-data-cable,USB-C Mobile Data Cable,MOB-006,16,mobile-accessories,Mobile Accessories,480,Standard supplier-declared specification,MOB-006-STD,0,0.080,15.00,10.00,2.00,300.000,0.0600,2.34,CN|MY|VN,3,3,4.63,illustrative,1
20260730_04,2,public_catalog_snapshot,seed_derived,unavailable,1,bootstrap_only,train,477,mobile-accessories-eight-pin-mobile-data-cable,Eight-Pin Mobile Data Cable,MOB-007,16,mobile-accessories,Mobile Accessories,481,Standard supplier-declared specification,MOB-007-STD,0,0.080,15.00,10.00,2.00,300.000,0.0600,2.52,CN|MY|VN,3,3,4.63,illustrative,1
20260730_04,2,public_catalog_snapshot,seed_derived,unavailable,1,bootstrap_only,train,478,mobile-accessories-braided-multi-connector-cable,Braided Multi-Connector Cable,MOB-008,16,mobile-accessories,Mobile Accessories,482,Standard supplier-declared specification,MOB-008-STD,0,0.120,16.00,11.00,3.00,528.000,0.1056,3.78,CN|MY|VN,3,3,4.63,illustrative,1
20260730_04,2,public_catalog_snapshot,seed_derived,unavailable,1,bootstrap_only,test,479,mobile-accessories-waterproof-phone-pouch,Waterproof Phone Pouch,MOB-009,16,mobile-accessories,Mobile Accessories,483,Standard supplier-declared specification,MOB-009-STD,0,0.070,22.00,12.00,2.00,528.000,0.1056,3.15,CN|MY|VN,3,3,4.63,illustrative,1
20260730_04,2,public_catalog_snapshot,seed_derived,unavailable,1,bootstrap_only,train,480,mobile-accessories-car-dashboard-phone-mount,Car Dashboard Phone Mount,MOB-010,16,mobile-accessories,Mobile Accessories,484,Standard supplier-declared specification,MOB-010-STD,0,0.220,12.00,9.00,7.00,756.000,0.1512,6.12,CN|MY|VN,3,3,4.63,illustrative,1
20260730_04,2,public_catalog_snapshot,seed_derived,unavailable,1,bootstrap_only,train,481,mobile-accessories-bicycle-phone-mount,Bicycle Phone Mount,MOB-011,16,mobile-accessories,Mobile Accessories,485,Standard supplier-declared specification,MOB-011-STD,0,0.280,14.00,10.00,6.00,840.000,0.1680,7.56,CN|MY|VN,3,3,4.63,illustrative,1
20260730_04,2,public_catalog_snapshot,seed_derived,unavailable,1,bootstrap_only,train,482,mobile-accessories-mobile-cable-organizer-kit,Mobile Cable Organizer Kit,MOB-012,16,mobile-accessories,Mobile Accessories,486,Standard supplier-declared specification,MOB-012-STD,0,0.100,16.00,10.00,4.00,640.000,0.1280,2.79,CN|MY|VN,3,3,4.63,illustrative,1
20260730_04,2,public_catalog_snapshot,seed_derived,unavailable,1,bootstrap_only,train,483,laptop-pc-accessories-adjustable-laptop-stand,Adjustable Laptop Stand,LPC-001,17,laptop-pc-accessories,Laptop & PC Accessories,487,Standard supplier-declared specification,LPC-001-STD,0,0.650,28.00,24.00,5.00,3360.000,0.6720,16.20,CN|MY|SG,3,3,4.69,illustrative,1
20260730_04,2,public_catalog_snapshot,seed_derived,unavailable,1,bootstrap_only,train,484,laptop-pc-accessories-padded-laptop-sleeve,Padded Laptop Sleeve,LPC-002,17,laptop-pc-accessories,Laptop & PC Accessories,488,Standard supplier-declared specification,LPC-002-STD,0,0.350,38.00,28.00,3.00,3192.000,0.6384,10.80,CN|MY|SG,3,3,4.69,illustrative,1
20260730_04,2,public_catalog_snapshot,seed_derived,unavailable,1,bootstrap_only,train,485,laptop-pc-accessories-1080p-usb-webcam,1080p USB Webcam,LPC-003,17,laptop-pc-accessories,Laptop & PC Accessories,489,Standard supplier-declared specification,LPC-003-STD,0,0.160,11.00,8.00,6.00,528.000,0.1056,16.20,CN|MY|SG,3,3,4.69,illustrative,1
20260730_04,2,public_catalog_snapshot,seed_derived,unavailable,1,bootstrap_only,train,486,laptop-pc-accessories-wireless-computer-mouse,Wireless Computer Mouse,LPC-004,17,laptop-pc-accessories,Laptop & PC Accessories,490,Standard supplier-declared specification,LPC-004-STD,0,0.120,12.00,7.00,4.00,336.000,0.0672,8.10,CN|MY|SG,3,3,4.69,illustrative,1
20260730_04,2,public_catalog_snapshot,seed_derived,unavailable,1,bootstrap_only,test,487,laptop-pc-accessories-compact-usb-keyboard,Compact USB Keyboard,LPC-005,17,laptop-pc-accessories,Laptop & PC Accessories,491,Standard supplier-declared specification,LPC-005-STD,0,0.450,30.00,14.00,3.00,1260.000,0.2520,12.60,CN|MY|SG,3,3,4.69,illustrative,1
20260730_04,2,public_catalog_snapshot,seed_derived,unavailable,1,bootstrap_only,train,488,laptop-pc-accessories-usb-c-multiport-hub,USB-C Multiport Hub,LPC-006,17,laptop-pc-accessories,Laptop & PC Accessories,492,Standard supplier-declared specification,LPC-006-STD,0,0.120,13.00,6.00,2.00,156.000,0.0312,19.80,CN|MY|SG,3,3,4.69,illustrative,1
20260730_04,2,public_catalog_snapshot,seed_derived,unavailable,1,bootstrap_only,train,489,laptop-pc-accessories-usb-mini-condenser-microphone,USB Mini Condenser Microphone,LPC-007,17,laptop-pc-accessories,Laptop & PC Accessories,493,Standard supplier-declared specification,LPC-007-STD,0,0.250,16.00,10.00,8.00,1280.000,0.2560,17.10,CN|MY|SG,3,3,4.69,illustrative,1
20260730_04,2,public_catalog_snapshot,seed_derived,unavailable,1,bootstrap_only,test,490,laptop-pc-accessories-foldable-laptop-riser,Foldable Laptop Riser,LPC-008,17,laptop-pc-accessories,Laptop & PC Accessories,494,Standard supplier-declared specification,LPC-008-STD,0,0.550,27.00,6.00,5.00,810.000,0.1620,13.50,CN|MY|SG,3,3,4.69,illustrative,1
20260730_04,2,public_catalog_snapshot,seed_derived,unavailable,1,bootstrap_only,train,491,laptop-pc-accessories-webcam-privacy-cover-pack,Webcam Privacy Cover Pack,LPC-009,17,laptop-pc-accessories,Laptop & PC Accessories,495,Standard supplier-declared specification,LPC-009-STD,0,0.010,8.00,5.00,1.00,40.000,0.0080,1.35,CN|MY|SG,3,3,4.69,illustrative,1
20260730_04,2,public_catalog_snapshot,seed_derived,unavailable,1,bootstrap_only,test,492,laptop-pc-accessories-desk-cable-management-tray,Desk Cable Management Tray,LPC-010,17,laptop-pc-accessories,Laptop & PC Accessories,496,Standard supplier-declared specification,LPC-010-STD,0,0.800,45.00,12.00,8.00,4320.000,0.8640,10.80,CN|MY|SG,3,3,4.69,illustrative,1
20260730_04,2,public_catalog_snapshot,seed_derived,unavailable,1,bootstrap_only,train,493,laptop-pc-accessories-extended-desk-mouse-pad,Extended Desk Mouse Pad,LPC-011,17,laptop-pc-accessories,Laptop & PC Accessories,497,Standard supplier-declared specification,LPC-011-STD,0,0.350,42.00,8.00,8.00,2688.000,0.5376,5.40,CN|MY|SG,3,3,4.69,illustrative,1
20260730_04,2,public_catalog_snapshot,seed_derived,unavailable,1,bootstrap_only,validation,494,laptop-pc-accessories-laptop-cooling-pad,Laptop Cooling Pad,LPC-012,17,laptop-pc-accessories,Laptop & PC Accessories,498,Standard supplier-declared specification,LPC-012-STD,0,0.750,40.00,29.00,6.00,6960.000,1.3920,15.30,CN|MY|SG,3,3,4.69,illustrative,1
20260730_04,2,public_catalog_snapshot,seed_derived,unavailable,1,bootstrap_only,train,495,educational-academic-tools-geometry-instrument-set,Geometry Instrument Set,EDU-001,18,educational-academic-tools,Educational & Academic Tools,499,Standard supplier-declared specification,EDU-001-STD,0,0.180,20.00,9.00,2.00,360.000,0.0720,3.78,CN|IN|MY,3,3,4.63,illustrative,1
20260730_04,2,public_catalog_snapshot,seed_derived,unavailable,1,bootstrap_only,test,496,educational-academic-tools-dry-erase-student-lapboard,Dry-Erase Student Lapboard,EDU-002,18,educational-academic-tools,Educational & Academic Tools,500,Standard supplier-declared specification,EDU-002-STD,0,0.420,32.00,24.00,2.00,1536.000,0.3072,5.22,CN|IN|MY,3,3,4.63,illustrative,1
20260730_04,2,public_catalog_snapshot,seed_derived,unavailable,1,bootstrap_only,train,497,educational-academic-tools-magnetic-letter-learning-set,Magnetic Letter Learning Set,EDU-003,18,educational-academic-tools,Educational & Academic Tools,501,Standard supplier-declared specification,EDU-003-STD,0,0.350,22.00,16.00,5.00,1760.000,0.3520,5.85,CN|IN|MY,3,3,4.63,illustrative,1
20260730_04,2,public_catalog_snapshot,seed_derived,unavailable,1,bootstrap_only,train,498,educational-academic-tools-educational-flash-card-set,Educational Flash Card Set,EDU-004,18,educational-academic-tools,Educational & Academic Tools,502,Standard supplier-declared specification,EDU-004-STD,0,0.300,18.00,12.00,5.00,1080.000,0.2160,4.95,CN|IN|MY,3,3,4.63,illustrative,1
20260730_04,2,public_catalog_snapshot,seed_derived,unavailable,1,bootstrap_only,train,499,educational-academic-tools-document-reading-stand,Document Reading Stand,EDU-005,18,educational-academic-tools,Educational & Academic Tools,503,Standard supplier-declared specification,EDU-005-STD,0,0.520,27.00,22.00,5.00,2970.000,0.5940,8.55,CN|IN|MY,3,3,4.63,illustrative,1
20260730_04,2,public_catalog_snapshot,seed_derived,unavailable,1,bootstrap_only,validation,500,educational-academic-tools-undated-academic-planner,Undated Academic Planner,EDU-006,18,educational-academic-tools,Educational & Academic Tools,504,Standard supplier-declared specification,EDU-006-STD,0,0.320,22.00,16.00,2.00,704.000,0.1408,4.32,CN|IN|MY,3,3,4.63,illustrative,1
20260730_04,2,public_catalog_snapshot,seed_derived,unavailable,1,bootstrap_only,train,501,educational-academic-tools-protective-calculator-case,Protective Calculator Case,EDU-007,18,educational-academic-tools,Educational & Academic Tools,505,Standard supplier-declared specification,EDU-007-STD,0,0.140,20.00,11.00,4.00,880.000,0.1760,4.50,CN|IN|MY,3,3,4.63,illustrative,1
20260730_04,2,public_catalog_snapshot,seed_derived,unavailable,1,bootstrap_only,train,502,educational-academic-tools-digital-classroom-timer,Digital Classroom Timer,EDU-008,18,educational-academic-tools,Educational & Academic Tools,506,Standard supplier-declared specification,EDU-008-STD,0,0.160,10.00,8.00,4.00,320.000,0.0640,6.48,CN|IN|MY,3,3,4.63,illustrative,1
20260730_04,2,public_catalog_snapshot,seed_derived,unavailable,1,bootstrap_only,train,503,educational-academic-tools-retractable-map-pointer,Retractable Map Pointer,EDU-009,18,educational-academic-tools,Educational & Academic Tools,507,Standard supplier-declared specification,EDU-009-STD,0,0.090,24.00,4.00,3.00,288.000,0.0576,2.79,CN|IN|MY,3,3,4.63,illustrative,1
20260730_04,2,public_catalog_snapshot,seed_derived,unavailable,1,bootstrap_only,train,504,educational-academic-tools-adjustable-book-stand,Adjustable Book Stand,EDU-010,18,educational-academic-tools,Educational & Academic Tools,508,Standard supplier-declared specification,EDU-010-STD,0,0.720,30.00,24.00,5.00,3600.000,0.7200,9.90,CN|IN|MY,3,3,4.63,illustrative,1
20260730_04,2,public_catalog_snapshot,seed_derived,unavailable,1,bootstrap_only,test,505,educational-academic-tools-student-mini-microscope,Student Mini Microscope,EDU-011,18,educational-academic-tools,Educational & Academic Tools,509,Standard supplier-declared specification,EDU-011-STD,0,0.850,25.00,18.00,12.00,5400.000,1.0800,25.20,CN|IN|MY,3,3,4.63,illustrative,1
20260730_04,2,public_catalog_snapshot,seed_derived,unavailable,1,bootstrap_only,test,506,educational-academic-tools-molecular-model-kit,Molecular Model Kit,EDU-012,18,educational-academic-tools,Educational & Academic Tools,510,Standard supplier-declared specification,EDU-012-STD,0,0.600,24.00,18.00,8.00,3456.000,0.6912,12.60,CN|IN|MY,3,3,4.63,illustrative,1
20260730_04,2,public_catalog_snapshot,seed_derived,unavailable,1,bootstrap_only,test,507,creator-content-tools-desktop-microphone-arm,Desktop Microphone Arm,CRT-001,19,creator-content-tools,Creator & Content Tools,511,Standard supplier-declared specification,CRT-001-STD,0,1.200,42.00,16.00,10.00,6720.000,1.3440,18.90,CN|MY|SG,3,3,4.69,illustrative,1
20260730_04,2,public_catalog_snapshot,seed_derived,unavailable,1,bootstrap_only,train,508,creator-content-tools-tabletop-camera-tripod,Tabletop Camera Tripod,CRT-002,19,creator-content-tools,Creator & Content Tools,512,Standard supplier-declared specification,CRT-002-STD,0,0.520,28.00,9.00,8.00,2016.000,0.4032,12.60,CN|MY|SG,3,3,4.69,illustrative,1
20260730_04,2,public_catalog_snapshot,seed_derived,unavailable,1,bootstrap_only,train,509,creator-content-tools-smartphone-video-rig,Smartphone Video Rig,CRT-003,19,creator-content-tools,Creator & Content Tools,513,Standard supplier-declared specification,CRT-003-STD,0,0.480,24.00,16.00,6.00,2304.000,0.4608,16.20,CN|MY|SG,3,3,4.69,illustrative,1
20260730_04,2,public_catalog_snapshot,seed_derived,unavailable,1,bootstrap_only,train,510,creator-content-tools-foldable-photography-reflector,Foldable Photography Reflector,CRT-004,19,creator-content-tools,Creator & Content Tools,514,Standard supplier-declared specification,CRT-004-STD,0,0.420,38.00,38.00,4.00,5776.000,1.1552,11.70,CN|MY|SG,3,3,4.69,illustrative,1
20260730_04,2,public_catalog_snapshot,seed_derived,unavailable,1,bootstrap_only,test,511,creator-content-tools-photo-backdrop-support-stand,Photo Backdrop Support Stand,CRT-005,19,creator-content-tools,Creator & Content Tools,515,Standard supplier-declared specification,CRT-005-STD,0,2.800,86.00,18.00,16.00,24768.000,4.9536,37.80,CN|MY|SG,3,3,4.69,illustrative,1
20260730_04,2,public_catalog_snapshot,seed_derived,unavailable,1,bootstrap_only,test,512,creator-content-tools-green-screen-backdrop-cloth,Green Screen Backdrop Cloth,CRT-006,19,creator-content-tools,Creator & Content Tools,516,Standard supplier-declared specification,CRT-006-STD,0,0.850,38.00,28.00,8.00,8512.000,1.7024,17.10,CN|MY|SG,3,3,4.69,illustrative,1
20260730_04,2,public_catalog_snapshot,seed_derived,unavailable,1,bootstrap_only,train,513,creator-content-tools-camera-cold-shoe-mount,Camera Cold Shoe Mount,CRT-007,19,creator-content-tools,Creator & Content Tools,517,Standard supplier-declared specification,CRT-007-STD,0,0.060,8.00,6.00,3.00,144.000,0.0288,4.95,CN|MY|SG,3,3,4.69,illustrative,1
20260730_04,2,public_catalog_snapshot,seed_derived,unavailable,1,bootstrap_only,train,514,creator-content-tools-teleprompter-phone-bracket,Teleprompter Phone Bracket,CRT-008,19,creator-content-tools,Creator & Content Tools,518,Standard supplier-declared specification,CRT-008-STD,0,0.280,20.00,14.00,6.00,1680.000,0.3360,10.80,CN|MY|SG,3,3,4.69,illustrative,1
20260730_04,2,public_catalog_snapshot,seed_derived,unavailable,1,bootstrap_only,train,515,creator-content-tools-led-ring-light-kit,LED Ring Light Kit,CRT-009,19,creator-content-tools,Creator & Content Tools,519,Standard supplier-declared specification,CRT-009-STD,0,0.900,35.00,35.00,8.00,9800.000,1.9600,21.60,CN|MY|SG,3,3,4.69,illustrative,1
20260730_04,2,public_catalog_snapshot,seed_derived,unavailable,1,bootstrap_only,train,516,creator-content-tools-clip-on-lavalier-mini-microphone,Clip-on Lavalier Mini Microphone,CRT-010,19,creator-content-tools,Creator & Content Tools,520,Standard supplier-declared specification,CRT-010-STD,0,0.120,14.00,9.00,4.00,504.000,0.1008,12.60,CN|MY|SG,3,3,4.69,illustrative,1
20260730_04,2,public_catalog_snapshot,seed_derived,unavailable,1,bootstrap_only,train,517,creator-content-tools-adjustable-creator-phone-mount,Adjustable Creator Phone Mount,CRT-011,19,creator-content-tools,Creator & Content Tools,521,Standard supplier-declared specification,CRT-011-STD,0,0.200,16.00,10.00,6.00,960.000,0.1920,8.10,CN|MY|SG,3,3,4.69,illustrative,1
20260730_04,2,public_catalog_snapshot,seed_derived,unavailable,1,bootstrap_only,validation,518,creator-content-tools-portable-light-diffuser,Portable Light Diffuser,CRT-012,19,creator-content-tools,Creator & Content Tools,522,Standard supplier-declared specification,CRT-012-STD,0,0.220,30.00,22.00,5.00,3300.000,0.6600,7.74,CN|MY|SG,3,3,4.69,illustrative,1
20260730_04,2,public_catalog_snapshot,seed_derived,unavailable,1,bootstrap_only,train,519,ecommerce-packaging-supplies-poly-mailer-pack,Poly Mailer Pack,PKG-001,20,ecommerce-packaging-supplies,E-commerce Packaging Supplies,523,Standard supplier-declared specification,PKG-001-STD,0,0.650,34.00,25.00,6.00,5100.000,1.0200,6.75,CN|TH|VN,3,3,4.61,illustrative,1
20260730_04,2,public_catalog_snapshot,seed_derived,unavailable,1,bootstrap_only,train,520,ecommerce-packaging-supplies-corrugated-shipping-box-set,Corrugated Shipping Box Set,PKG-002,20,ecommerce-packaging-supplies,E-commerce Packaging Supplies,524,Standard supplier-declared specification,PKG-002-STD,0,2.400,52.00,38.00,12.00,23712.000,4.7424,16.20,CN|TH|VN,3,3,4.61,illustrative,1
20260730_04,2,public_catalog_snapshot,seed_derived,unavailable,1,bootstrap_only,test,521,ecommerce-packaging-supplies-padded-mailer-pack,Padded Mailer Pack,PKG-003,20,ecommerce-packaging-supplies,E-commerce Packaging Supplies,525,Standard supplier-declared specification,PKG-003-STD,0,0.900,36.00,27.00,8.00,7776.000,1.5552,9.90,CN|TH|VN,3,3,4.61,illustrative,1
20260730_04,2,public_catalog_snapshot,seed_derived,unavailable,1,bootstrap_only,train,522,ecommerce-packaging-supplies-paper-void-fill-roll,Paper Void Fill Roll,PKG-004,20,ecommerce-packaging-supplies,E-commerce Packaging Supplies,526,Standard supplier-declared specification,PKG-004-STD,0,1.800,42.00,20.00,20.00,16800.000,3.3600,11.70,CN|TH|VN,3,3,4.61,illustrative,1
20260730_04,2,public_catalog_snapshot,seed_derived,unavailable,1,bootstrap_only,train,523,ecommerce-packaging-supplies-honeycomb-wrapping-paper-roll,Honeycomb Wrapping Paper Roll,PKG-005,20,ecommerce-packaging-supplies,E-commerce Packaging Supplies,527,Standard supplier-declared specification,PKG-005-STD,0,1.600,42.00,18.00,18.00,13608.000,2.7216,13.05,CN|TH|VN,3,3,4.61,illustrative,1
20260730_04,2,public_catalog_snapshot,seed_derived,unavailable,1,bootstrap_only,validation,524,ecommerce-packaging-supplies-kraft-packing-tape-pack,Kraft Packing Tape Pack,PKG-006,20,ecommerce-packaging-supplies,E-commerce Packaging Supplies,528,Standard supplier-declared specification,PKG-006-STD,0,0.850,24.00,16.00,8.00,3072.000,0.6144,7.38,CN|TH|VN,3,3,4.61,illustrative,1
20260730_04,2,public_catalog_snapshot,seed_derived,unavailable,1,bootstrap_only,test,525,ecommerce-packaging-supplies-tamper-evident-label-roll,Tamper-Evident Label Roll,PKG-007,20,ecommerce-packaging-supplies,E-commerce Packaging Supplies,529,Standard supplier-declared specification,PKG-007-STD,0,0.420,16.00,12.00,10.00,1920.000,0.3840,6.12,CN|TH|VN,3,3,4.61,illustrative,1
20260730_04,2,public_catalog_snapshot,seed_derived,unavailable,1,bootstrap_only,test,526,ecommerce-packaging-supplies-thermal-shipping-label-roll,Thermal Shipping Label Roll,PKG-008,20,ecommerce-packaging-supplies,E-commerce Packaging Supplies,530,Standard supplier-declared specification,PKG-008-STD,0,0.780,18.00,14.00,12.00,3024.000,0.6048,6.48,CN|TH|VN,3,3,4.61,illustrative,1
20260730_04,2,public_catalog_snapshot,seed_derived,unavailable,1,bootstrap_only,train,527,ecommerce-packaging-supplies-packing-slip-envelope-pack,Packing Slip Envelope Pack,PKG-009,20,ecommerce-packaging-supplies,E-commerce Packaging Supplies,531,Standard supplier-declared specification,PKG-009-STD,0,0.520,26.00,20.00,4.00,2080.000,0.4160,4.86,CN|TH|VN,3,3,4.61,illustrative,1
20260730_04,2,public_catalog_snapshot,seed_derived,unavailable,1,bootstrap_only,train,528,ecommerce-packaging-supplies-reusable-zip-shipping-bag,Reusable Zip Shipping Bag,PKG-010,20,ecommerce-packaging-supplies,E-commerce Packaging Supplies,532,Standard supplier-declared specification,PKG-010-STD,0,0.760,38.00,28.00,7.00,7448.000,1.4896,8.64,CN|TH|VN,3,3,4.61,illustrative,1
20260730_04,2,public_catalog_snapshot,seed_derived,unavailable,1,bootstrap_only,train,529,ecommerce-packaging-supplies-cardboard-corner-protector-pack,Cardboard Corner Protector Pack,PKG-011,20,ecommerce-packaging-supplies,E-commerce Packaging Supplies,533,Standard supplier-declared specification,PKG-011-STD,0,1.100,36.00,24.00,12.00,10368.000,2.0736,7.92,CN|TH|VN,3,3,4.61,illustrative,1
20260730_04,2,public_catalog_snapshot,seed_derived,unavailable,1,bootstrap_only,train,530,ecommerce-packaging-supplies-barcode-sticker-roll,Barcode Sticker Roll,PKG-012,20,ecommerce-packaging-supplies,E-commerce Packaging Supplies,534,Standard supplier-declared specification,PKG-012-STD,0,0.500,16.00,12.00,8.00,1536.000,0.3072,5.40,CN|TH|VN,3,3,4.61,illustrative,1
20260730_04,2,public_catalog_snapshot,seed_derived,unavailable,1,bootstrap_only,validation,531,home-organization-storage-stackable-storage-bin,Stackable Storage Bin,HOS-001,21,home-organization-storage,Home Organization & Storage,535,Standard supplier-declared specification,HOS-001-STD,0,1.200,42.00,32.00,18.00,24192.000,4.8384,10.80,CN|TR|VN,3,3,4.61,illustrative,1
20260730_04,2,public_catalog_snapshot,seed_derived,unavailable,1,bootstrap_only,train,532,home-organization-storage-under-bed-storage-bag,Under-Bed Storage Bag,HOS-002,21,home-organization-storage,Home Organization & Storage,536,Standard supplier-declared specification,HOS-002-STD,0,0.650,40.00,30.00,8.00,9600.000,1.9200,7.65,CN|TR|VN,3,3,4.61,illustrative,1
20260730_04,2,public_catalog_snapshot,seed_derived,unavailable,1,bootstrap_only,train,533,home-organization-storage-adjustable-drawer-divider-set,Adjustable Drawer Divider Set,HOS-003,21,home-organization-storage,Home Organization & Storage,537,Standard supplier-declared specification,HOS-003-STD,0,0.750,44.00,12.00,8.00,4224.000,0.8448,8.82,CN|TR|VN,3,3,4.61,illustrative,1
20260730_04,2,public_catalog_snapshot,seed_derived,unavailable,1,bootstrap_only,test,534,home-organization-storage-closet-shelf-organizer,Closet Shelf Organizer,HOS-004,21,home-organization-storage,Home Organization & Storage,538,Standard supplier-declared specification,HOS-004-STD,0,1.100,42.00,32.00,10.00,13440.000,2.6880,12.60,CN|TR|VN,3,3,4.61,illustrative,1
20260730_04,2,public_catalog_snapshot,seed_derived,unavailable,1,bootstrap_only,train,535,home-organization-storage-hanging-wardrobe-organizer,Hanging Wardrobe Organizer,HOS-005,21,home-organization-storage,Home Organization & Storage,539,Standard supplier-declared specification,HOS-005-STD,0,0.850,38.00,30.00,9.00,10260.000,2.0520,10.35,CN|TR|VN,3,3,4.61,illustrative,1
20260730_04,2,public_catalog_snapshot,seed_derived,unavailable,1,bootstrap_only,test,536,home-organization-storage-foldable-fabric-storage-cube,Foldable Fabric Storage Cube,HOS-006,21,home-organization-storage,Home Organization & Storage,540,Standard supplier-declared specification,HOS-006-STD,0,0.520,34.00,30.00,5.00,5100.000,1.0200,6.12,CN|TR|VN,3,3,4.61,illustrative,1
20260730_04,2,public_catalog_snapshot,seed_derived,unavailable,1,bootstrap_only,test,537,home-organization-storage-cabinet-shelf-riser,Cabinet Shelf Riser,HOS-007,21,home-organization-storage,Home Organization & Storage,541,Standard supplier-declared specification,HOS-007-STD,0,0.900,34.00,22.00,8.00,5984.000,1.1968,9.00,CN|TR|VN,3,3,4.61,illustrative,1
20260730_04,2,public_catalog_snapshot,seed_derived,unavailable,1,bootstrap_only,train,538,home-organization-storage-clear-shoe-storage-box,Clear Shoe Storage Box,HOS-008,21,home-organization-storage,Home Organization & Storage,542,Standard supplier-declared specification,HOS-008-STD,0,0.720,36.00,24.00,10.00,8640.000,1.7280,6.75,CN|TR|VN,3,3,4.61,illustrative,1
20260730_04,2,public_catalog_snapshot,seed_derived,unavailable,1,bootstrap_only,train,539,home-organization-storage-cable-storage-box,Cable Storage Box,HOS-009,21,home-organization-storage,Home Organization & Storage,543,Standard supplier-declared specification,HOS-009-STD,0,0.480,30.00,14.00,12.00,5040.000,1.0080,5.31,CN|TR|VN,3,3,4.61,illustrative,1
20260730_04,2,public_catalog_snapshot,seed_derived,unavailable,1,bootstrap_only,train,540,home-organization-storage-bathroom-counter-organizer,Bathroom Counter Organizer,HOS-010,21,home-organization-storage,Home Organization & Storage,544,Standard supplier-declared specification,HOS-010-STD,0,0.680,28.00,18.00,16.00,8064.000,1.6128,8.28,CN|TR|VN,3,3,4.61,illustrative,1
20260730_04,2,public_catalog_snapshot,seed_derived,unavailable,1,bootstrap_only,train,541,home-organization-storage-vacuum-storage-bag-set,Vacuum Storage Bag Set,HOS-011,21,home-organization-storage,Home Organization & Storage,545,Standard supplier-declared specification,HOS-011-STD,0,0.900,36.00,28.00,9.00,9072.000,1.8144,11.25,CN|TR|VN,3,3,4.61,illustrative,1
20260730_04,2,public_catalog_snapshot,seed_derived,unavailable,1,bootstrap_only,train,542,home-organization-storage-rolling-utility-cart,Rolling Utility Cart,HOS-012,21,home-organization-storage,Home Organization & Storage,546,Standard supplier-declared specification,HOS-012-STD,0,3.200,48.00,36.00,18.00,31104.000,6.2208,28.80,CN|TR|VN,3,3,4.61,illustrative,1
20260730_04,2,public_catalog_snapshot,seed_derived,unavailable,1,bootstrap_only,test,543,fashion-accessories-faux-leather-belt,Faux Leather Belt,FAS-001,22,fashion-accessories,Fashion Accessories,547,Standard supplier-declared specification,FAS-001-STD,0,0.220,24.00,12.00,5.00,1440.000,0.2880,6.75,IN|TH|TR,3,3,4.58,illustrative,1
20260730_04,2,public_catalog_snapshot,seed_derived,unavailable,1,bootstrap_only,train,544,fashion-accessories-woven-fabric-belt,Woven Fabric Belt,FAS-002,22,fashion-accessories,Fashion Accessories,548,Standard supplier-declared specification,FAS-002-STD,0,0.180,22.00,12.00,5.00,1320.000,0.2640,5.22,IN|TH|TR,3,3,4.58,illustrative,1
20260730_04,2,public_catalog_snapshot,seed_derived,unavailable,1,bootstrap_only,test,545,fashion-accessories-casual-crossbody-bag,Casual Crossbody Bag,FAS-003,22,fashion-accessories,Fashion Accessories,549,Standard supplier-declared specification,FAS-003-STD,0,0.350,28.00,20.00,6.00,3360.000,0.6720,11.70,IN|TH|TR,3,3,4.58,illustrative,1
20260730_04,2,public_catalog_snapshot,seed_derived,unavailable,1,bootstrap_only,train,546,fashion-accessories-cotton-blend-baseball-cap,Cotton-Blend Baseball Cap,FAS-004,22,fashion-accessories,Fashion Accessories,550,Standard supplier-declared specification,FAS-004-STD,0,0.160,24.00,20.00,12.00,5760.000,1.1520,6.12,IN|TH|TR,3,3,4.58,illustrative,1
20260730_04,2,public_catalog_snapshot,seed_derived,unavailable,1,bootstrap_only,train,547,fashion-accessories-unbranded-bucket-hat,Unbranded Bucket Hat,FAS-005,22,fashion-accessories,Fashion Accessories,551,Standard supplier-declared specification,FAS-005-STD,0,0.150,24.00,20.00,8.00,3840.000,0.7680,5.85,IN|TH|TR,3,3,4.58,illustrative,1
20260730_04,2,public_catalog_snapshot,seed_derived,unavailable,1,bootstrap_only,train,548,fashion-accessories-hair-claw-clip-set,Hair Claw Clip Set,FAS-006,22,fashion-accessories,Fashion Accessories,552,Standard supplier-declared specification,FAS-006-STD,0,0.100,16.00,11.00,5.00,880.000,0.1760,3.42,IN|TH|TR,3,3,4.58,illustrative,1
20260730_04,2,public_catalog_snapshot,seed_derived,unavailable,1,bootstrap_only,validation,549,fashion-accessories-fabric-headband-set,Fabric Headband Set,FAS-007,22,fashion-accessories,Fashion Accessories,553,Standard supplier-declared specification,FAS-007-STD,0,0.120,18.00,14.00,4.00,1008.000,0.2016,3.78,IN|TH|TR,3,3,4.58,illustrative,1
20260730_04,2,public_catalog_snapshot,seed_derived,unavailable,1,bootstrap_only,test,550,fashion-accessories-non-precious-brooch-set,Non-Precious Brooch Set,FAS-008,22,fashion-accessories,Fashion Accessories,554,Standard supplier-declared specification,FAS-008-STD,0,0.090,12.00,9.00,3.00,324.000,0.0648,4.86,IN|TH|TR,3,3,4.58,illustrative,1
20260730_04,2,public_catalog_snapshot,seed_derived,unavailable,1,bootstrap_only,train,551,fashion-accessories-costume-jewelry-bracelet,Costume Jewelry Bracelet,FAS-009,22,fashion-accessories,Fashion Accessories,555,Standard supplier-declared specification,FAS-009-STD,0,0.080,12.00,9.00,3.00,324.000,0.0648,5.40,IN|TH|TR,3,3,4.58,illustrative,1
20260730_04,2,public_catalog_snapshot,seed_derived,unavailable,1,bootstrap_only,train,552,fashion-accessories-sunglasses-storage-case,Sunglasses Storage Case,FAS-010,22,fashion-accessories,Fashion Accessories,556,Standard supplier-declared specification,FAS-010-STD,0,0.140,18.00,8.00,6.00,864.000,0.1728,4.14,IN|TH|TR,3,3,4.58,illustrative,1
20260730_04,2,public_catalog_snapshot,seed_derived,unavailable,1,bootstrap_only,train,553,fashion-accessories-unbranded-fashion-wallet,Unbranded Fashion Wallet,FAS-011,22,fashion-accessories,Fashion Accessories,557,Standard supplier-declared specification,FAS-011-STD,0,0.220,14.00,11.00,4.00,616.000,0.1232,8.55,IN|TH|TR,3,3,4.58,illustrative,1
20260730_04,2,public_catalog_snapshot,seed_derived,unavailable,1,bootstrap_only,train,554,fashion-accessories-school-backpack,School Backpack,FAS-012,22,fashion-accessories,Fashion Accessories,558,Standard supplier-declared specification,FAS-012-STD,0,0.650,42.00,30.00,8.00,10080.000,2.0160,16.20,IN|TH|TR,3,3,4.58,illustrative,1
20260730_04,2,public_catalog_snapshot,seed_derived,unavailable,1,bootstrap_only,train,555,beauty-tools-accessories-makeup-brush-set,Makeup Brush Set,BTY-001,23,beauty-tools-accessories,Beauty Tools & Accessories,559,Standard supplier-declared specification,BTY-001-STD,0,0.320,24.00,15.00,5.00,1800.000,0.3600,9.90,CN|IN|TH,3,3,4.61,illustrative,1
20260730_04,2,public_catalog_snapshot,seed_derived,unavailable,1,bootstrap_only,train,556,beauty-tools-accessories-cosmetic-sponge-set,Cosmetic Sponge Set,BTY-002,23,beauty-tools-accessories,Beauty Tools & Accessories,560,Standard supplier-declared specification,BTY-002-STD,0,0.100,16.00,12.00,6.00,1152.000,0.2304,4.05,CN|IN|TH,3,3,4.61,illustrative,1
20260730_04,2,public_catalog_snapshot,seed_derived,unavailable,1,bootstrap_only,train,557,beauty-tools-accessories-eyelash-curler,Eyelash Curler,BTY-003,23,beauty-tools-accessories,Beauty Tools & Accessories,561,Standard supplier-declared specification,BTY-003-STD,0,0.060,12.00,7.00,4.00,336.000,0.0672,3.42,CN|IN|TH,3,3,4.61,illustrative,1
20260730_04,2,public_catalog_snapshot,seed_derived,unavailable,1,bootstrap_only,validation,558,beauty-tools-accessories-precision-tweezers-set,Precision Tweezers Set,BTY-004,23,beauty-tools-accessories,Beauty Tools & Accessories,562,Standard supplier-declared specification,BTY-004-STD,0,0.080,15.00,7.00,3.00,315.000,0.0630,4.68,CN|IN|TH,3,3,4.61,illustrative,1
20260730_04,2,public_catalog_snapshot,seed_derived,unavailable,1,bootstrap_only,test,559,beauty-tools-accessories-manual-facial-cleansing-brush,Manual Facial Cleansing Brush,BTY-005,23,beauty-tools-accessories,Beauty Tools & Accessories,563,Standard supplier-declared specification,BTY-005-STD,0,0.120,15.00,8.00,5.00,600.000,0.1200,4.32,CN|IN|TH,3,3,4.61,illustrative,1
20260730_04,2,public_catalog_snapshot,seed_derived,unavailable,1,bootstrap_only,train,560,beauty-tools-accessories-hair-sectioning-clip-set,Hair Sectioning Clip Set,BTY-006,23,beauty-tools-accessories,Beauty Tools & Accessories,564,Standard supplier-declared specification,BTY-006-STD,0,0.140,18.00,12.00,5.00,1080.000,0.2160,3.78,CN|IN|TH,3,3,4.61,illustrative,1
20260730_04,2,public_catalog_snapshot,seed_derived,unavailable,1,bootstrap_only,train,561,beauty-tools-accessories-manicure-tool-organizer,Manicure Tool Organizer,BTY-007,23,beauty-tools-accessories,Beauty Tools & Accessories,565,Standard supplier-declared specification,BTY-007-STD,0,0.300,22.00,15.00,10.00,3300.000,0.6600,6.75,CN|IN|TH,3,3,4.61,illustrative,1
20260730_04,2,public_catalog_snapshot,seed_derived,unavailable,1,bootstrap_only,train,562,beauty-tools-accessories-nail-file-set,Nail File Set,BTY-008,23,beauty-tools-accessories,Beauty Tools & Accessories,566,Standard supplier-declared specification,BTY-008-STD,0,0.100,18.00,8.00,3.00,432.000,0.0864,3.24,CN|IN|TH,3,3,4.61,illustrative,1
20260730_04,2,public_catalog_snapshot,seed_derived,unavailable,1,bootstrap_only,train,563,beauty-tools-accessories-scalp-massage-brush,Scalp Massage Brush,BTY-009,23,beauty-tools-accessories,Beauty Tools & Accessories,567,Standard supplier-declared specification,BTY-009-STD,0,0.110,10.00,9.00,7.00,630.000,0.1260,4.14,CN|IN|TH,3,3,4.61,illustrative,1
20260730_04,2,public_catalog_snapshot,seed_derived,unavailable,1,bootstrap_only,test,564,beauty-tools-accessories-refillable-travel-bottle-set,Refillable Travel Bottle Set,BTY-010,23,beauty-tools-accessories,Beauty Tools & Accessories,568,Standard supplier-declared specification,BTY-010-STD,0,0.240,20.00,15.00,6.00,1800.000,0.3600,5.58,CN|IN|TH,3,3,4.61,illustrative,1
20260730_04,2,public_catalog_snapshot,seed_derived,unavailable,1,bootstrap_only,test,565,beauty-tools-accessories-compact-vanity-mirror,Compact Vanity Mirror,BTY-011,23,beauty-tools-accessories,Beauty Tools & Accessories,569,Standard supplier-declared specification,BTY-011-STD,0,0.180,12.00,10.00,3.00,360.000,0.0720,5.22,CN|IN|TH,3,3,4.61,illustrative,1
20260730_04,2,public_catalog_snapshot,seed_derived,unavailable,1,bootstrap_only,train,566,beauty-tools-accessories-cosmetic-organizer-tray,Cosmetic Organizer Tray,BTY-012,23,beauty-tools-accessories,Beauty Tools & Accessories,570,Standard supplier-declared specification,BTY-012-STD,0,0.450,25.00,18.00,10.00,4500.000,0.9000,7.20,CN|IN|TH,3,3,4.61,illustrative,1
20260730_04,2,public_catalog_snapshot,seed_derived,unavailable,1,bootstrap_only,train,567,kitchen-utility-tools-silicone-spatula-set,Silicone Spatula Set,KIT-001,24,kitchen-utility-tools,Kitchen Utility Tools,571,Standard supplier-declared specification,KIT-001-STD,0,0.380,32.00,12.00,6.00,2304.000,0.4608,7.65,CN|IN|TR,3,3,4.61,illustrative,1
20260730_04,2,public_catalog_snapshot,seed_derived,unavailable,1,bootstrap_only,train,568,kitchen-utility-tools-measuring-spoon-set,Measuring Spoon Set,KIT-002,24,kitchen-utility-tools,Kitchen Utility Tools,572,Standard supplier-declared specification,KIT-002-STD,0,0.180,18.00,8.00,4.00,576.000,0.1152,4.68,CN|IN|TR,3,3,4.61,illustrative,1
20260730_04,2,public_catalog_snapshot,seed_derived,unavailable,1,bootstrap_only,test,569,kitchen-utility-tools-insulated-lunch-box,Insulated Lunch Box,KIT-003,24,kitchen-utility-tools,Kitchen Utility Tools,573,Standard supplier-declared specification,KIT-003-STD,0,0.450,25.00,18.00,10.00,4500.000,0.9000,9.90,CN|IN|TR,3,3,4.61,illustrative,1
20260730_04,2,public_catalog_snapshot,seed_derived,unavailable,1,bootstrap_only,test,570,kitchen-utility-tools-vegetable-peeler,Vegetable Peeler,KIT-004,24,kitchen-utility-tools,Kitchen Utility Tools,574,Standard supplier-declared specification,KIT-004-STD,0,0.100,18.00,6.00,3.00,324.000,0.0648,3.42,CN|IN|TR,3,3,4.61,illustrative,1
20260730_04,2,public_catalog_snapshot,seed_derived,unavailable,1,bootstrap_only,train,571,kitchen-utility-tools-fine-mesh-strainer,Fine Mesh Strainer,KIT-005,24,kitchen-utility-tools,Kitchen Utility Tools,575,Standard supplier-declared specification,KIT-005-STD,0,0.240,30.00,16.00,8.00,3840.000,0.7680,5.94,CN|IN|TR,3,3,4.61,illustrative,1
20260730_04,2,public_catalog_snapshot,seed_derived,unavailable,1,bootstrap_only,train,572,kitchen-utility-tools-collapsible-colander,Collapsible Colander,KIT-006,24,kitchen-utility-tools,Kitchen Utility Tools,576,Standard supplier-declared specification,KIT-006-STD,0,0.420,30.00,22.00,7.00,4620.000,0.9240,8.10,CN|IN|TR,3,3,4.61,illustrative,1
20260730_04,2,public_catalog_snapshot,seed_derived,unavailable,1,bootstrap_only,train,573,kitchen-utility-tools-cutting-board-set,Cutting Board Set,KIT-007,24,kitchen-utility-tools,Kitchen Utility Tools,577,Standard supplier-declared specification,KIT-007-STD,0,1.400,38.00,28.00,5.00,5320.000,1.0640,11.70,CN|IN|TR,3,3,4.61,illustrative,1
20260730_04,2,public_catalog_snapshot,seed_derived,unavailable,1,bootstrap_only,test,574,kitchen-utility-tools-food-storage-container-set,Food Storage Container Set,KIT-008,24,kitchen-utility-tools,Kitchen Utility Tools,578,Standard supplier-declared specification,KIT-008-STD,0,1.600,42.00,32.00,18.00,24192.000,4.8384,16.20,CN|IN|TR,3,3,4.61,illustrative,1
20260730_04,2,public_catalog_snapshot,seed_derived,unavailable,1,bootstrap_only,train,575,kitchen-utility-tools-spice-jar-organizer,Spice Jar Organizer,KIT-009,24,kitchen-utility-tools,Kitchen Utility Tools,579,Standard supplier-declared specification,KIT-009-STD,0,1.200,36.00,22.00,14.00,11088.000,2.2176,13.05,CN|IN|TR,3,3,4.61,illustrative,1
20260730_04,2,public_catalog_snapshot,seed_derived,unavailable,1,bootstrap_only,validation,576,kitchen-utility-tools-kitchen-tongs,Kitchen Tongs,KIT-010,24,kitchen-utility-tools,Kitchen Utility Tools,580,Standard supplier-declared specification,KIT-010-STD,0,0.180,30.00,6.00,4.00,720.000,0.1440,4.32,CN|IN|TR,3,3,4.61,illustrative,1
20260730_04,2,public_catalog_snapshot,seed_derived,unavailable,1,bootstrap_only,train,577,kitchen-utility-tools-manual-citrus-juicer,Manual Citrus Juicer,KIT-011,24,kitchen-utility-tools,Kitchen Utility Tools,581,Standard supplier-declared specification,KIT-011-STD,0,0.480,24.00,16.00,10.00,3840.000,0.7680,7.02,CN|IN|TR,3,3,4.61,illustrative,1
20260730_04,2,public_catalog_snapshot,seed_derived,unavailable,1,bootstrap_only,train,578,kitchen-utility-tools-dish-drying-rack,Dish Drying Rack,KIT-012,24,kitchen-utility-tools,Kitchen Utility Tools,582,Standard supplier-declared specification,KIT-012-STD,0,2.200,48.00,36.00,15.00,25920.000,5.1840,19.80,CN|IN|TR,3,3,4.61,illustrative,1
20260730_04,2,public_catalog_snapshot,seed_derived,unavailable,1,bootstrap_only,train,579,office-desk-accessories-desktop-file-organizer,Desktop File Organizer,OFC-001,25,office-desk-accessories,Office & Desk Accessories,583,Standard supplier-declared specification,OFC-001-STD,0,1.100,34.00,28.00,12.00,11424.000,2.2848,11.70,CN|IN|MY,3,3,4.63,illustrative,1
20260730_04,2,public_catalog_snapshot,seed_derived,unavailable,1,bootstrap_only,train,580,office-desk-accessories-metal-mesh-pen-holder,Metal Mesh Pen Holder,OFC-002,25,office-desk-accessories,Office & Desk Accessories,584,Standard supplier-declared specification,OFC-002-STD,0,0.220,12.00,10.00,10.00,1200.000,0.2400,3.42,CN|IN|MY,3,3,4.63,illustrative,1
20260730_04,2,public_catalog_snapshot,seed_derived,unavailable,1,bootstrap_only,test,581,office-desk-accessories-stapler-and-staple-set,Stapler and Staple Set,OFC-003,25,office-desk-accessories,Office & Desk Accessories,585,Standard supplier-declared specification,OFC-003-STD,0,0.380,20.00,10.00,6.00,1200.000,0.2400,5.85,CN|IN|MY,3,3,4.63,illustrative,1
20260730_04,2,public_catalog_snapshot,seed_derived,unavailable,1,bootstrap_only,train,582,office-desk-accessories-desktop-tape-dispenser,Desktop Tape Dispenser,OFC-004,25,office-desk-accessories,Office & Desk Accessories,586,Standard supplier-declared specification,OFC-004-STD,0,0.520,16.00,8.00,8.00,1024.000,0.2048,4.32,CN|IN|MY,3,3,4.63,illustrative,1
20260730_04,2,public_catalog_snapshot,seed_derived,unavailable,1,bootstrap_only,train,583,office-desk-accessories-document-letter-tray,Document Letter Tray,OFC-005,25,office-desk-accessories,Office & Desk Accessories,587,Standard supplier-declared specification,OFC-005-STD,0,0.780,36.00,28.00,9.00,9072.000,1.8144,7.38,CN|IN|MY,3,3,4.63,illustrative,1
20260730_04,2,public_catalog_snapshot,seed_derived,unavailable,1,bootstrap_only,train,584,office-desk-accessories-monitor-riser-stand,Monitor Riser Stand,OFC-006,25,office-desk-accessories,Office & Desk Accessories,588,Standard supplier-declared specification,OFC-006-STD,0,1.800,48.00,24.00,10.00,11520.000,2.3040,18.00,CN|IN|MY,3,3,4.63,illustrative,1
20260730_04,2,public_catalog_snapshot,seed_derived,unavailable,1,bootstrap_only,train,585,office-desk-accessories-under-desk-cable-tray,Under-Desk Cable Tray,OFC-007,25,office-desk-accessories,Office & Desk Accessories,589,Standard supplier-declared specification,OFC-007-STD,0,0.900,45.00,14.00,9.00,5670.000,1.1340,11.25,CN|IN|MY,3,3,4.63,illustrative,1
20260730_04,2,public_catalog_snapshot,seed_derived,unavailable,1,bootstrap_only,test,586,office-desk-accessories-desk-drawer-organizer,Desk Drawer Organizer,OFC-008,25,office-desk-accessories,Office & Desk Accessories,590,Standard supplier-declared specification,OFC-008-STD,0,0.520,34.00,24.00,6.00,4896.000,0.9792,6.48,CN|IN|MY,3,3,4.63,illustrative,1
20260730_04,2,public_catalog_snapshot,seed_derived,unavailable,1,bootstrap_only,train,587,office-desk-accessories-business-card-holder,Business Card Holder,OFC-009,25,office-desk-accessories,Office & Desk Accessories,591,Standard supplier-declared specification,OFC-009-STD,0,0.180,12.00,9.00,5.00,540.000,0.1080,3.96,CN|IN|MY,3,3,4.63,illustrative,1
20260730_04,2,public_catalog_snapshot,seed_derived,unavailable,1,bootstrap_only,validation,588,office-desk-accessories-clipboard-set,Clipboard Set,OFC-010,25,office-desk-accessories,Office & Desk Accessories,592,Standard supplier-declared specification,OFC-010-STD,0,0.650,34.00,25.00,4.00,3400.000,0.6800,7.02,CN|IN|MY,3,3,4.63,illustrative,1
20260730_04,2,public_catalog_snapshot,seed_derived,unavailable,1,bootstrap_only,train,589,office-desk-accessories-desktop-whiteboard,Desktop Whiteboard,OFC-011,25,office-desk-accessories,Office & Desk Accessories,593,Standard supplier-declared specification,OFC-011-STD,0,0.850,38.00,24.00,5.00,4560.000,0.9120,9.90,CN|IN|MY,3,3,4.63,illustrative,1
20260730_04,2,public_catalog_snapshot,seed_derived,unavailable,1,bootstrap_only,test,590,office-desk-accessories-under-desk-footrest,Under-Desk Footrest,OFC-012,25,office-desk-accessories,Office & Desk Accessories,594,Standard supplier-declared specification,OFC-012-STD,0,1.100,42.00,32.00,12.00,16128.000,3.2256,14.40,CN|IN|MY,3,3,4.63,illustrative,1
20260730_04,2,public_catalog_snapshot,seed_derived,unavailable,1,bootstrap_only,train,591,travel-luggage-accessories-packing-cube-set,Packing Cube Set,TRV-001,26,travel-luggage-accessories,Travel & Luggage Accessories,595,Standard supplier-declared specification,TRV-001-STD,0,0.520,34.00,26.00,7.00,6188.000,1.2376,10.80,CN|TR|VN,3,3,4.61,illustrative,1
20260730_04,2,public_catalog_snapshot,seed_derived,unavailable,1,bootstrap_only,train,592,travel-luggage-accessories-luggage-organizer-pouch,Luggage Organizer Pouch,TRV-002,26,travel-luggage-accessories,Travel & Luggage Accessories,596,Standard supplier-declared specification,TRV-002-STD,0,0.280,28.00,20.00,6.00,3360.000,0.6720,6.75,CN|TR|VN,3,3,4.61,illustrative,1
20260730_04,2,public_catalog_snapshot,seed_derived,unavailable,1,bootstrap_only,test,593,travel-luggage-accessories-travel-document-wallet,Travel Document Wallet,TRV-003,26,travel-luggage-accessories,Travel & Luggage Accessories,597,Standard supplier-declared specification,TRV-003-STD,0,0.220,24.00,14.00,4.00,1344.000,0.2688,7.38,CN|TR|VN,3,3,4.61,illustrative,1
20260730_04,2,public_catalog_snapshot,seed_derived,unavailable,1,bootstrap_only,test,594,travel-luggage-accessories-unbranded-passport-cover,Unbranded Passport Cover,TRV-004,26,travel-luggage-accessories,Travel & Luggage Accessories,598,Standard supplier-declared specification,TRV-004-STD,0,0.080,15.00,11.00,2.00,330.000,0.0660,4.05,CN|TR|VN,3,3,4.61,illustrative,1
20260730_04,2,public_catalog_snapshot,seed_derived,unavailable,1,bootstrap_only,train,595,travel-luggage-accessories-luggage-tag-set,Luggage Tag Set,TRV-005,26,travel-luggage-accessories,Travel & Luggage Accessories,599,Standard supplier-declared specification,TRV-005-STD,0,0.100,14.00,9.00,3.00,378.000,0.0756,3.78,CN|TR|VN,3,3,4.61,illustrative,1
20260730_04,2,public_catalog_snapshot,seed_derived,unavailable,1,bootstrap_only,train,596,travel-luggage-accessories-foldable-travel-hanger-set,Foldable Travel Hanger Set,TRV-006,26,travel-luggage-accessories,Travel & Luggage Accessories,600,Standard supplier-declared specification,TRV-006-STD,0,0.240,18.00,12.00,6.00,1296.000,0.2592,5.22,CN|TR|VN,3,3,4.61,illustrative,1
20260730_04,2,public_catalog_snapshot,seed_derived,unavailable,1,bootstrap_only,train,597,travel-luggage-accessories-shoe-travel-bag,Shoe Travel Bag,TRV-007,26,travel-luggage-accessories,Travel & Luggage Accessories,601,Standard supplier-declared specification,TRV-007-STD,0,0.220,32.00,22.00,6.00,4224.000,0.8448,5.58,CN|TR|VN,3,3,4.61,illustrative,1
20260730_04,2,public_catalog_snapshot,seed_derived,unavailable,1,bootstrap_only,validation,598,travel-luggage-accessories-travel-cable-organizer,Travel Cable Organizer,TRV-008,26,travel-luggage-accessories,Travel & Luggage Accessories,602,Standard supplier-declared specification,TRV-008-STD,0,0.260,24.00,18.00,6.00,2592.000,0.5184,7.02,CN|TR|VN,3,3,4.61,illustrative,1
20260730_04,2,public_catalog_snapshot,seed_derived,unavailable,1,bootstrap_only,train,599,travel-luggage-accessories-travel-neck-pillow,Travel Neck Pillow,TRV-009,26,travel-luggage-accessories,Travel & Luggage Accessories,603,Standard supplier-declared specification,TRV-009-STD,0,0.420,32.00,28.00,14.00,12544.000,2.5088,9.45,CN|TR|VN,3,3,4.61,illustrative,1
20260730_04,2,public_catalog_snapshot,seed_derived,unavailable,1,bootstrap_only,train,600,travel-luggage-accessories-collapsible-travel-laundry-bag,Collapsible Travel Laundry Bag,TRV-010,26,travel-luggage-accessories,Travel & Luggage Accessories,604,Standard supplier-declared specification,TRV-010-STD,0,0.260,24.00,18.00,5.00,2160.000,0.4320,6.12,CN|TR|VN,3,3,4.61,illustrative,1
20260730_04,2,public_catalog_snapshot,seed_derived,unavailable,1,bootstrap_only,train,601,pet-care-accessories-pet-grooming-brush,Pet Grooming Brush,PET-001,27,pet-care-accessories,Pet Care Accessories,605,Standard supplier-declared specification,PET-001-STD,0,0.180,20.00,11.00,6.00,1320.000,0.2640,6.48,CN|TH|VN,3,3,4.61,illustrative,1
20260730_04,2,public_catalog_snapshot,seed_derived,unavailable,1,bootstrap_only,train,602,pet-care-accessories-pet-nail-file,Pet Nail File,PET-002,27,pet-care-accessories,Pet Care Accessories,606,Standard supplier-declared specification,PET-002-STD,0,0.080,18.00,5.00,3.00,270.000,0.0540,3.42,CN|TH|VN,3,3,4.61,illustrative,1
20260730_04,2,public_catalog_snapshot,seed_derived,unavailable,1,bootstrap_only,train,603,pet-care-accessories-pet-feeding-mat,Pet Feeding Mat,PET-003,27,pet-care-accessories,Pet Care Accessories,607,Standard supplier-declared specification,PET-003-STD,0,0.420,34.00,26.00,4.00,3536.000,0.7072,7.65,CN|TH|VN,3,3,4.61,illustrative,1
20260730_04,2,public_catalog_snapshot,seed_derived,unavailable,1,bootstrap_only,train,604,pet-care-accessories-collapsible-pet-bowl,Collapsible Pet Bowl,PET-004,27,pet-care-accessories,Pet Care Accessories,608,Standard supplier-declared specification,PET-004-STD,0,0.140,16.00,16.00,5.00,1280.000,0.2560,4.68,CN|TH|VN,3,3,4.61,illustrative,1
20260730_04,2,public_catalog_snapshot,seed_derived,unavailable,1,bootstrap_only,test,605,pet-care-accessories-pet-toy-storage-basket,Pet Toy Storage Basket,PET-005,27,pet-care-accessories,Pet Care Accessories,609,Standard supplier-declared specification,PET-005-STD,0,0.650,38.00,30.00,9.00,10260.000,2.0520,9.90,CN|TH|VN,3,3,4.61,illustrative,1
20260730_04,2,public_catalog_snapshot,seed_derived,unavailable,1,bootstrap_only,test,606,pet-care-accessories-pet-waste-bag-dispenser,Pet Waste Bag Dispenser,PET-006,27,pet-care-accessories,Pet Care Accessories,610,Standard supplier-declared specification,PET-006-STD,0,0.080,10.00,6.00,5.00,300.000,0.0600,3.24,CN|TH|VN,3,3,4.61,illustrative,1
20260730_04,2,public_catalog_snapshot,seed_derived,unavailable,1,bootstrap_only,train,607,pet-care-accessories-pet-hair-remover-roller,Pet Hair Remover Roller,PET-007,27,pet-care-accessories,Pet Care Accessories,611,Standard supplier-declared specification,PET-007-STD,0,0.240,22.00,12.00,7.00,1848.000,0.3696,5.85,CN|TH|VN,3,3,4.61,illustrative,1
20260730_04,2,public_catalog_snapshot,seed_derived,unavailable,1,bootstrap_only,train,608,pet-care-accessories-pet-bath-towel,Pet Bath Towel,PET-008,27,pet-care-accessories,Pet Care Accessories,612,Standard supplier-declared specification,PET-008-STD,0,0.360,30.00,22.00,6.00,3960.000,0.7920,7.02,CN|TH|VN,3,3,4.61,illustrative,1
20260730_04,2,public_catalog_snapshot,seed_derived,unavailable,1,bootstrap_only,validation,609,pet-care-accessories-washable-pet-bed-cover,Washable Pet Bed Cover,PET-009,27,pet-care-accessories,Pet Care Accessories,613,Standard supplier-declared specification,PET-009-STD,0,0.620,38.00,30.00,8.00,9120.000,1.8240,11.70,CN|TH|VN,3,3,4.61,illustrative,1
20260730_04,2,public_catalog_snapshot,seed_derived,unavailable,1,bootstrap_only,train,610,pet-care-accessories-pet-travel-organizer-bag,Pet Travel Organizer Bag,PET-010,27,pet-care-accessories,Pet Care Accessories,614,Standard supplier-declared specification,PET-010-STD,0,0.780,38.00,28.00,12.00,12768.000,2.5536,14.40,CN|TH|VN,3,3,4.61,illustrative,1
