source_revision,product_id,product_slug,category_slug,country_code,feature_source,is_synthetic
20260730_04,1,iphone-14,phones,CN,seed_derived,1
20260730_04,1,iphone-14,phones,SG,seed_derived,1
20260730_04,1,iphone-14,phones,TH,seed_derived,1
20260730_04,2,rtx-4070,pc-components,CN,seed_derived,1
20260730_04,2,rtx-4070,pc-components,SG,seed_derived,1
20260730_04,2,rtx-4070,pc-components,TH,seed_derived,1
20260730_04,3,xiaomi-powerbank-20k,electronics,CN,seed_derived,1
20260730_04,3,xiaomi-powerbank-20k,electronics,SG,seed_derived,1
20260730_04,3,xiaomi-powerbank-20k,electronics,TH,seed_derived,1
20260730_04,4,Phone,phones,CN,seed_derived,1
20260730_04,4,Phone,phones,SG,seed_derived,1
20260730_04,4,Phone,phones,TH,seed_derived,1
20260730_04,5,Touch_1122,electronics,CN,seed_derived,1
20260730_04,5,Touch_1122,electronics,SG,seed_derived,1
20260730_04,5,Touch_1122,electronics,TH,seed_derived,1
20260730_04,6,electronics,electronics,CN,seed_derived,1
20260730_04,6,electronics,electronics,SG,seed_derived,1
20260730_04,6,electronics,electronics,TH,seed_derived,1
20260730_04,7,haircare-sku0,haircare,CN,seed_derived,1
20260730_04,7,haircare-sku0,haircare,IN,seed_derived,1
20260730_04,7,haircare-sku0,haircare,SG,seed_derived,1
20260730_04,7,haircare-sku0,haircare,TH,seed_derived,1
20260730_04,8,skincare-sku1,skincare,CN,seed_derived,1
20260730_04,8,skincare-sku1,skincare,IN,seed_derived,1
20260730_04,8,skincare-sku1,skincare,SG,seed_derived,1
20260730_04,8,skincare-sku1,skincare,TH,seed_derived,1
20260730_04,9,haircare-sku2,haircare,CN,seed_derived,1
20260730_04,9,haircare-sku2,haircare,IN,seed_derived,1
20260730_04,9,haircare-sku2,haircare,SG,seed_derived,1
20260730_04,9,haircare-sku2,haircare,TH,seed_derived,1
20260730_04,10,skincare-sku3,skincare,CN,seed_derived,1
20260730_04,10,skincare-sku3,skincare,IN,seed_derived,1
20260730_04,10,skincare-sku3,skincare,SG,seed_derived,1
20260730_04,10,skincare-sku3,skincare,TH,seed_derived,1
20260730_04,11,skincare-sku4,skincare,CN,seed_derived,1
20260730_04,11,skincare-sku4,skincare,IN,seed_derived,1
20260730_04,11,skincare-sku4,skincare,SG,seed_derived,1
20260730_04,11,skincare-sku4,skincare,TH,seed_derived,1
20260730_04,12,haircare-sku5,haircare,CN,seed_derived,1
20260730_04,12,haircare-sku5,haircare,IN,seed_derived,1
20260730_04,12,haircare-sku5,haircare,SG,seed_derived,1
20260730_04,12,haircare-sku5,haircare,TH,seed_derived,1
20260730_04,13,skincare-sku6,skincare,CN,seed_derived,1
20260730_04,13,skincare-sku6,skincare,IN,seed_derived,1
20260730_04,13,skincare-sku6,skincare,SG,seed_derived,1
20260730_04,13,skincare-sku6,skincare,TH,seed_derived,1
20260730_04,14,cosmetics-sku7,cosmetics,CN,seed_derived,1
20260730_04,14,cosmetics-sku7,cosmetics,IN,seed_derived,1
20260730_04,14,cosmetics-sku7,cosmetics,SG,seed_derived,1
20260730_04,14,cosmetics-sku7,cosmetics,TH,seed_derived,1
20260730_04,15,cosmetics-sku8,cosmetics,CN,seed_derived,1
20260730_04,15,cosmetics-sku8,cosmetics,IN,seed_derived,1
20260730_04,15,cosmetics-sku8,cosmetics,SG,seed_derived,1
20260730_04,15,cosmetics-sku8,cosmetics,TH,seed_derived,1
20260730_04,16,skincare-sku9,skincare,CN,seed_derived,1
20260730_04,16,skincare-sku9,skincare,IN,seed_derived,1
20260730_04,16,skincare-sku9,skincare,SG,seed_derived,1
20260730_04,16,skincare-sku9,skincare,TH,seed_derived,1
20260730_04,17,skincare-sku10,skincare,CN,seed_derived,1
20260730_04,17,skincare-sku10,skincare,IN,seed_derived,1
20260730_04,17,skincare-sku10,skincare,SG,seed_derived,1
20260730_04,17,skincare-sku10,skincare,TH,seed_derived,1
20260730_04,18,skincare-sku11,skincare,CN,seed_derived,1
20260730_04,18,skincare-sku11,skincare,IN,seed_derived,1
20260730_04,18,skincare-sku11,skincare,SG,seed_derived,1
20260730_04,18,skincare-sku11,skincare,TH,seed_derived,1
20260730_04,19,haircare-sku12,haircare,CN,seed_derived,1
20260730_04,19,haircare-sku12,haircare,IN,seed_derived,1
20260730_04,19,haircare-sku12,haircare,SG,seed_derived,1
20260730_04,19,haircare-sku12,haircare,TH,seed_derived,1
20260730_04,20,skincare-sku13,skincare,CN,seed_derived,1
20260730_04,20,skincare-sku13,skincare,IN,seed_derived,1
20260730_04,20,skincare-sku13,skincare,SG,seed_derived,1
20260730_04,20,skincare-sku13,skincare,TH,seed_derived,1
20260730_04,21,skincare-sku14,skincare,CN,seed_derived,1
20260730_04,21,skincare-sku14,skincare,IN,seed_derived,1
20260730_04,21,skincare-sku14,skincare,SG,seed_derived,1
20260730_04,21,skincare-sku14,skincare,TH,seed_derived,1
20260730_04,22,skincare-sku15,skincare,CN,seed_derived,1
20260730_04,22,skincare-sku15,skincare,IN,seed_derived,1
20260730_04,22,skincare-sku15,skincare,SG,seed_derived,1
20260730_04,22,skincare-sku15,skincare,TH,seed_derived,1
20260730_04,23,skincare-sku16,skincare,CN,seed_derived,1
20260730_04,23,skincare-sku16,skincare,IN,seed_derived,1
20260730_04,23,skincare-sku16,skincare,SG,seed_derived,1
20260730_04,23,skincare-sku16,skincare,TH,seed_derived,1
20260730_04,24,cosmetics-sku17,cosmetics,CN,seed_derived,1
20260730_04,24,cosmetics-sku17,cosmetics,IN,seed_derived,1
20260730_04,24,cosmetics-sku17,cosmetics,SG,seed_derived,1
20260730_04,24,cosmetics-sku17,cosmetics,TH,seed_derived,1
20260730_04,25,haircare-sku18,haircare,CN,seed_derived,1
20260730_04,25,haircare-sku18,haircare,IN,seed_derived,1
20260730_04,25,haircare-sku18,haircare,SG,seed_derived,1
20260730_04,25,haircare-sku18,haircare,TH,seed_derived,1
20260730_04,26,skincare-sku19,skincare,CN,seed_derived,1
20260730_04,26,skincare-sku19,skincare,IN,seed_derived,1
20260730_04,26,skincare-sku19,skincare,SG,seed_derived,1
20260730_04,26,skincare-sku19,skincare,TH,seed_derived,1
20260730_04,27,skincare-sku20,skincare,CN,seed_derived,1
20260730_04,27,skincare-sku20,skincare,IN,seed_derived,1
20260730_04,27,skincare-sku20,skincare,SG,seed_derived,1
20260730_04,27,skincare-sku20,skincare,TH,seed_derived,1
20260730_04,28,cosmetics-sku21,cosmetics,CN,seed_derived,1
20260730_04,28,cosmetics-sku21,cosmetics,IN,seed_derived,1
20260730_04,28,cosmetics-sku21,cosmetics,SG,seed_derived,1
20260730_04,28,cosmetics-sku21,cosmetics,TH,seed_derived,1
20260730_04,29,haircare-sku22,haircare,CN,seed_derived,1
20260730_04,29,haircare-sku22,haircare,IN,seed_derived,1
20260730_04,29,haircare-sku22,haircare,SG,seed_derived,1
20260730_04,29,haircare-sku22,haircare,TH,seed_derived,1
20260730_04,30,cosmetics-sku23,cosmetics,CN,seed_derived,1
20260730_04,30,cosmetics-sku23,cosmetics,IN,seed_derived,1
20260730_04,30,cosmetics-sku23,cosmetics,SG,seed_derived,1
20260730_04,30,cosmetics-sku23,cosmetics,TH,seed_derived,1
20260730_04,31,haircare-sku24,haircare,CN,seed_derived,1
20260730_04,31,haircare-sku24,haircare,IN,seed_derived,1
20260730_04,31,haircare-sku24,haircare,SG,seed_derived,1
20260730_04,31,haircare-sku24,haircare,TH,seed_derived,1
20260730_04,32,haircare-sku25,haircare,CN,seed_derived,1
20260730_04,32,haircare-sku25,haircare,IN,seed_derived,1
20260730_04,32,haircare-sku25,haircare,SG,seed_derived,1
20260730_04,32,haircare-sku25,haircare,TH,seed_derived,1
20260730_04,33,haircare-sku26,haircare,CN,seed_derived,1
20260730_04,33,haircare-sku26,haircare,IN,seed_derived,1
20260730_04,33,haircare-sku26,haircare,SG,seed_derived,1
20260730_04,33,haircare-sku26,haircare,TH,seed_derived,1
20260730_04,34,cosmetics-sku27,cosmetics,CN,seed_derived,1
20260730_04,34,cosmetics-sku27,cosmetics,IN,seed_derived,1
20260730_04,34,cosmetics-sku27,cosmetics,SG,seed_derived,1
20260730_04,34,cosmetics-sku27,cosmetics,TH,seed_derived,1
20260730_04,35,cosmetics-sku28,cosmetics,CN,seed_derived,1
20260730_04,35,cosmetics-sku28,cosmetics,IN,seed_derived,1
20260730_04,35,cosmetics-sku28,cosmetics,SG,seed_derived,1
20260730_04,35,cosmetics-sku28,cosmetics,TH,seed_derived,1
20260730_04,36,cosmetics-sku29,cosmetics,CN,seed_derived,1
20260730_04,36,cosmetics-sku29,cosmetics,IN,seed_derived,1
20260730_04,36,cosmetics-sku29,cosmetics,SG,seed_derived,1
20260730_04,36,cosmetics-sku29,cosmetics,TH,seed_derived,1
20260730_04,37,haircare-sku30,haircare,CN,seed_derived,1
20260730_04,37,haircare-sku30,haircare,IN,seed_derived,1
20260730_04,37,haircare-sku30,haircare,SG,seed_derived,1
20260730_04,37,haircare-sku30,haircare,TH,seed_derived,1
20260730_04,38,skincare-sku31,skincare,CN,seed_derived,1
20260730_04,38,skincare-sku31,skincare,IN,seed_derived,1
20260730_04,38,skincare-sku31,skincare,SG,seed_derived,1
20260730_04,38,skincare-sku31,skincare,TH,seed_derived,1
20260730_04,39,skincare-sku32,skincare,CN,seed_derived,1
20260730_04,39,skincare-sku32,skincare,IN,seed_derived,1
20260730_04,39,skincare-sku32,skincare,SG,seed_derived,1
20260730_04,39,skincare-sku32,skincare,TH,seed_derived,1
20260730_04,40,cosmetics-sku33,cosmetics,CN,seed_derived,1
20260730_04,40,cosmetics-sku33,cosmetics,IN,seed_derived,1
20260730_04,40,cosmetics-sku33,cosmetics,SG,seed_derived,1
20260730_04,40,cosmetics-sku33,cosmetics,TH,seed_derived,1
20260730_04,41,skincare-sku34,skincare,CN,seed_derived,1
20260730_04,41,skincare-sku34,skincare,IN,seed_derived,1
20260730_04,41,skincare-sku34,skincare,SG,seed_derived,1
20260730_04,41,skincare-sku34,skincare,TH,seed_derived,1
20260730_04,42,cosmetics-sku35,cosmetics,CN,seed_derived,1
20260730_04,42,cosmetics-sku35,cosmetics,IN,seed_derived,1
20260730_04,42,cosmetics-sku35,cosmetics,SG,seed_derived,1
20260730_04,42,cosmetics-sku35,cosmetics,TH,seed_derived,1
20260730_04,43,skincare-sku36,skincare,CN,seed_derived,1
20260730_04,43,skincare-sku36,skincare,IN,seed_derived,1
20260730_04,43,skincare-sku36,skincare,SG,seed_derived,1
20260730_04,43,skincare-sku36,skincare,TH,seed_derived,1
20260730_04,44,skincare-sku37,skincare,CN,seed_derived,1
20260730_04,44,skincare-sku37,skincare,IN,seed_derived,1
20260730_04,44,skincare-sku37,skincare,SG,seed_derived,1
20260730_04,44,skincare-sku37,skincare,TH,seed_derived,1
20260730_04,45,cosmetics-sku38,cosmetics,CN,seed_derived,1
20260730_04,45,cosmetics-sku38,cosmetics,IN,seed_derived,1
20260730_04,45,cosmetics-sku38,cosmetics,SG,seed_derived,1
20260730_04,45,cosmetics-sku38,cosmetics,TH,seed_derived,1
20260730_04,46,skincare-sku39,skincare,CN,seed_derived,1
20260730_04,46,skincare-sku39,skincare,IN,seed_derived,1
20260730_04,46,skincare-sku39,skincare,SG,seed_derived,1
20260730_04,46,skincare-sku39,skincare,TH,seed_derived,1
20260730_04,47,skincare-sku40,skincare,CN,seed_derived,1
20260730_04,47,skincare-sku40,skincare,IN,seed_derived,1
20260730_04,47,skincare-sku40,skincare,SG,seed_derived,1
20260730_04,47,skincare-sku40,skincare,TH,seed_derived,1
20260730_04,48,skincare-sku41,skincare,CN,seed_derived,1
20260730_04,48,skincare-sku41,skincare,IN,seed_derived,1
20260730_04,48,skincare-sku41,skincare,SG,seed_derived,1
20260730_04,48,skincare-sku41,skincare,TH,seed_derived,1
20260730_04,49,skincare-sku42,skincare,CN,seed_derived,1
20260730_04,49,skincare-sku42,skincare,IN,seed_derived,1
20260730_04,49,skincare-sku42,skincare,SG,seed_derived,1
20260730_04,49,skincare-sku42,skincare,TH,seed_derived,1
20260730_04,50,haircare-sku43,haircare,CN,seed_derived,1
20260730_04,50,haircare-sku43,haircare,IN,seed_derived,1
20260730_04,50,haircare-sku43,haircare,SG,seed_derived,1
20260730_04,50,haircare-sku43,haircare,TH,seed_derived,1
20260730_04,51,cosmetics-sku44,cosmetics,CN,seed_derived,1
20260730_04,51,cosmetics-sku44,cosmetics,IN,seed_derived,1
20260730_04,51,cosmetics-sku44,cosmetics,SG,seed_derived,1
20260730_04,51,cosmetics-sku44,cosmetics,TH,seed_derived,1
20260730_04,52,haircare-sku45,haircare,CN,seed_derived,1
20260730_04,52,haircare-sku45,haircare,IN,seed_derived,1
20260730_04,52,haircare-sku45,haircare,SG,seed_derived,1
20260730_04,52,haircare-sku45,haircare,TH,seed_derived,1
20260730_04,53,haircare-sku46,haircare,CN,seed_derived,1
20260730_04,53,haircare-sku46,haircare,IN,seed_derived,1
20260730_04,53,haircare-sku46,haircare,SG,seed_derived,1
20260730_04,53,haircare-sku46,haircare,TH,seed_derived,1
20260730_04,54,skincare-sku47,skincare,CN,seed_derived,1
20260730_04,54,skincare-sku47,skincare,IN,seed_derived,1
20260730_04,54,skincare-sku47,skincare,SG,seed_derived,1
20260730_04,54,skincare-sku47,skincare,TH,seed_derived,1
20260730_04,55,haircare-sku48,haircare,CN,seed_derived,1
20260730_04,55,haircare-sku48,haircare,IN,seed_derived,1
20260730_04,55,haircare-sku48,haircare,SG,seed_derived,1
20260730_04,55,haircare-sku48,haircare,TH,seed_derived,1
20260730_04,56,cosmetics-sku49,cosmetics,CN,seed_derived,1
20260730_04,56,cosmetics-sku49,cosmetics,IN,seed_derived,1
20260730_04,56,cosmetics-sku49,cosmetics,SG,seed_derived,1
20260730_04,56,cosmetics-sku49,cosmetics,TH,seed_derived,1
20260730_04,57,cosmetics-sku50,cosmetics,CN,seed_derived,1
20260730_04,57,cosmetics-sku50,cosmetics,IN,seed_derived,1
20260730_04,57,cosmetics-sku50,cosmetics,SG,seed_derived,1
20260730_04,57,cosmetics-sku50,cosmetics,TH,seed_derived,1
20260730_04,58,haircare-sku51,haircare,CN,seed_derived,1
20260730_04,58,haircare-sku51,haircare,IN,seed_derived,1
20260730_04,58,haircare-sku51,haircare,SG,seed_derived,1
20260730_04,58,haircare-sku51,haircare,TH,seed_derived,1
20260730_04,59,skincare-sku52,skincare,CN,seed_derived,1
20260730_04,59,skincare-sku52,skincare,IN,seed_derived,1
20260730_04,59,skincare-sku52,skincare,SG,seed_derived,1
20260730_04,59,skincare-sku52,skincare,TH,seed_derived,1
20260730_04,60,skincare-sku53,skincare,CN,seed_derived,1
20260730_04,60,skincare-sku53,skincare,IN,seed_derived,1
20260730_04,60,skincare-sku53,skincare,SG,seed_derived,1
20260730_04,60,skincare-sku53,skincare,TH,seed_derived,1
20260730_04,61,haircare-sku54,haircare,CN,seed_derived,1
20260730_04,61,haircare-sku54,haircare,IN,seed_derived,1
20260730_04,61,haircare-sku54,haircare,SG,seed_derived,1
20260730_04,61,haircare-sku54,haircare,TH,seed_derived,1
20260730_04,62,haircare-sku55,haircare,CN,seed_derived,1
20260730_04,62,haircare-sku55,haircare,IN,seed_derived,1
20260730_04,62,haircare-sku55,haircare,SG,seed_derived,1
20260730_04,62,haircare-sku55,haircare,TH,seed_derived,1
20260730_04,63,skincare-sku56,skincare,CN,seed_derived,1
20260730_04,63,skincare-sku56,skincare,IN,seed_derived,1
20260730_04,63,skincare-sku56,skincare,SG,seed_derived,1
20260730_04,63,skincare-sku56,skincare,TH,seed_derived,1
20260730_04,64,haircare-sku57,haircare,CN,seed_derived,1
20260730_04,64,haircare-sku57,haircare,IN,seed_derived,1
20260730_04,64,haircare-sku57,haircare,SG,seed_derived,1
20260730_04,64,haircare-sku57,haircare,TH,seed_derived,1
20260730_04,65,skincare-sku58,skincare,CN,seed_derived,1
20260730_04,65,skincare-sku58,skincare,IN,seed_derived,1
20260730_04,65,skincare-sku58,skincare,SG,seed_derived,1
20260730_04,65,skincare-sku58,skincare,TH,seed_derived,1
20260730_04,66,cosmetics-sku59,cosmetics,CN,seed_derived,1
20260730_04,66,cosmetics-sku59,cosmetics,IN,seed_derived,1
20260730_04,66,cosmetics-sku59,cosmetics,SG,seed_derived,1
20260730_04,66,cosmetics-sku59,cosmetics,TH,seed_derived,1
20260730_04,67,skincare-sku60,skincare,CN,seed_derived,1
20260730_04,67,skincare-sku60,skincare,IN,seed_derived,1
20260730_04,67,skincare-sku60,skincare,SG,seed_derived,1
20260730_04,67,skincare-sku60,skincare,TH,seed_derived,1
20260730_04,68,haircare-sku61,haircare,CN,seed_derived,1
20260730_04,68,haircare-sku61,haircare,IN,seed_derived,1
20260730_04,68,haircare-sku61,haircare,SG,seed_derived,1
20260730_04,68,haircare-sku61,haircare,TH,seed_derived,1
20260730_04,69,cosmetics-sku62,cosmetics,CN,seed_derived,1
20260730_04,69,cosmetics-sku62,cosmetics,IN,seed_derived,1
20260730_04,69,cosmetics-sku62,cosmetics,SG,seed_derived,1
20260730_04,69,cosmetics-sku62,cosmetics,TH,seed_derived,1
20260730_04,70,skincare-sku63,skincare,CN,seed_derived,1
20260730_04,70,skincare-sku63,skincare,IN,seed_derived,1
20260730_04,70,skincare-sku63,skincare,SG,seed_derived,1
20260730_04,70,skincare-sku63,skincare,TH,seed_derived,1
20260730_04,71,skincare-sku64,skincare,CN,seed_derived,1
20260730_04,71,skincare-sku64,skincare,IN,seed_derived,1
20260730_04,71,skincare-sku64,skincare,SG,seed_derived,1
20260730_04,71,skincare-sku64,skincare,TH,seed_derived,1
20260730_04,72,skincare-sku65,skincare,CN,seed_derived,1
20260730_04,72,skincare-sku65,skincare,IN,seed_derived,1
20260730_04,72,skincare-sku65,skincare,SG,seed_derived,1
20260730_04,72,skincare-sku65,skincare,TH,seed_derived,1
20260730_04,73,skincare-sku66,skincare,CN,seed_derived,1
20260730_04,73,skincare-sku66,skincare,IN,seed_derived,1
20260730_04,73,skincare-sku66,skincare,SG,seed_derived,1
20260730_04,73,skincare-sku66,skincare,TH,seed_derived,1
20260730_04,74,skincare-sku67,skincare,CN,seed_derived,1
20260730_04,74,skincare-sku67,skincare,IN,seed_derived,1
20260730_04,74,skincare-sku67,skincare,SG,seed_derived,1
20260730_04,74,skincare-sku67,skincare,TH,seed_derived,1
20260730_04,75,haircare-sku68,haircare,CN,seed_derived,1
20260730_04,75,haircare-sku68,haircare,IN,seed_derived,1
20260730_04,75,haircare-sku68,haircare,SG,seed_derived,1
20260730_04,75,haircare-sku68,haircare,TH,seed_derived,1
20260730_04,76,skincare-sku69,skincare,CN,seed_derived,1
20260730_04,76,skincare-sku69,skincare,IN,seed_derived,1
20260730_04,76,skincare-sku69,skincare,SG,seed_derived,1
20260730_04,76,skincare-sku69,skincare,TH,seed_derived,1
20260730_04,77,haircare-sku70,haircare,CN,seed_derived,1
20260730_04,77,haircare-sku70,haircare,IN,seed_derived,1
20260730_04,77,haircare-sku70,haircare,SG,seed_derived,1
20260730_04,77,haircare-sku70,haircare,TH,seed_derived,1
20260730_04,78,cosmetics-sku71,cosmetics,CN,seed_derived,1
20260730_04,78,cosmetics-sku71,cosmetics,IN,seed_derived,1
20260730_04,78,cosmetics-sku71,cosmetics,SG,seed_derived,1
20260730_04,78,cosmetics-sku71,cosmetics,TH,seed_derived,1
20260730_04,79,cosmetics-sku72,cosmetics,CN,seed_derived,1
20260730_04,79,cosmetics-sku72,cosmetics,IN,seed_derived,1
20260730_04,79,cosmetics-sku72,cosmetics,SG,seed_derived,1
20260730_04,79,cosmetics-sku72,cosmetics,TH,seed_derived,1
20260730_04,80,cosmetics-sku73,cosmetics,CN,seed_derived,1
20260730_04,80,cosmetics-sku73,cosmetics,IN,seed_derived,1
20260730_04,80,cosmetics-sku73,cosmetics,SG,seed_derived,1
20260730_04,80,cosmetics-sku73,cosmetics,TH,seed_derived,1
20260730_04,81,haircare-sku74,haircare,CN,seed_derived,1
20260730_04,81,haircare-sku74,haircare,IN,seed_derived,1
20260730_04,81,haircare-sku74,haircare,SG,seed_derived,1
20260730_04,81,haircare-sku74,haircare,TH,seed_derived,1
20260730_04,82,skincare-sku75,skincare,CN,seed_derived,1
20260730_04,82,skincare-sku75,skincare,IN,seed_derived,1
20260730_04,82,skincare-sku75,skincare,SG,seed_derived,1
20260730_04,82,skincare-sku75,skincare,TH,seed_derived,1
20260730_04,83,haircare-sku76,haircare,CN,seed_derived,1
20260730_04,83,haircare-sku76,haircare,IN,seed_derived,1
20260730_04,83,haircare-sku76,haircare,SG,seed_derived,1
20260730_04,83,haircare-sku76,haircare,TH,seed_derived,1
20260730_04,84,haircare-sku77,haircare,CN,seed_derived,1
20260730_04,84,haircare-sku77,haircare,IN,seed_derived,1
20260730_04,84,haircare-sku77,haircare,SG,seed_derived,1
20260730_04,84,haircare-sku77,haircare,TH,seed_derived,1
20260730_04,85,haircare-sku78,haircare,CN,seed_derived,1
20260730_04,85,haircare-sku78,haircare,IN,seed_derived,1
20260730_04,85,haircare-sku78,haircare,SG,seed_derived,1
20260730_04,85,haircare-sku78,haircare,TH,seed_derived,1
20260730_04,86,haircare-sku79,haircare,CN,seed_derived,1
20260730_04,86,haircare-sku79,haircare,IN,seed_derived,1
20260730_04,86,haircare-sku79,haircare,SG,seed_derived,1
20260730_04,86,haircare-sku79,haircare,TH,seed_derived,1
20260730_04,87,skincare-sku80,skincare,CN,seed_derived,1
20260730_04,87,skincare-sku80,skincare,IN,seed_derived,1
20260730_04,87,skincare-sku80,skincare,SG,seed_derived,1
20260730_04,87,skincare-sku80,skincare,TH,seed_derived,1
20260730_04,88,haircare-sku81,haircare,CN,seed_derived,1
20260730_04,88,haircare-sku81,haircare,IN,seed_derived,1
20260730_04,88,haircare-sku81,haircare,SG,seed_derived,1
20260730_04,88,haircare-sku81,haircare,TH,seed_derived,1
20260730_04,89,skincare-sku82,skincare,CN,seed_derived,1
20260730_04,89,skincare-sku82,skincare,IN,seed_derived,1
20260730_04,89,skincare-sku82,skincare,SG,seed_derived,1
20260730_04,89,skincare-sku82,skincare,TH,seed_derived,1
20260730_04,90,haircare-sku83,haircare,CN,seed_derived,1
20260730_04,90,haircare-sku83,haircare,IN,seed_derived,1
20260730_04,90,haircare-sku83,haircare,SG,seed_derived,1
20260730_04,90,haircare-sku83,haircare,TH,seed_derived,1
20260730_04,91,haircare-sku84,haircare,CN,seed_derived,1
20260730_04,91,haircare-sku84,haircare,IN,seed_derived,1
20260730_04,91,haircare-sku84,haircare,SG,seed_derived,1
20260730_04,91,haircare-sku84,haircare,TH,seed_derived,1
20260730_04,92,cosmetics-sku85,cosmetics,CN,seed_derived,1
20260730_04,92,cosmetics-sku85,cosmetics,IN,seed_derived,1
20260730_04,92,cosmetics-sku85,cosmetics,SG,seed_derived,1
20260730_04,92,cosmetics-sku85,cosmetics,TH,seed_derived,1
20260730_04,93,skincare-sku86,skincare,CN,seed_derived,1
20260730_04,93,skincare-sku86,skincare,IN,seed_derived,1
20260730_04,93,skincare-sku86,skincare,SG,seed_derived,1
20260730_04,93,skincare-sku86,skincare,TH,seed_derived,1
20260730_04,94,haircare-sku87,haircare,CN,seed_derived,1
20260730_04,94,haircare-sku87,haircare,IN,seed_derived,1
20260730_04,94,haircare-sku87,haircare,SG,seed_derived,1
20260730_04,94,haircare-sku87,haircare,TH,seed_derived,1
20260730_04,95,cosmetics-sku88,cosmetics,CN,seed_derived,1
20260730_04,95,cosmetics-sku88,cosmetics,IN,seed_derived,1
20260730_04,95,cosmetics-sku88,cosmetics,SG,seed_derived,1
20260730_04,95,cosmetics-sku88,cosmetics,TH,seed_derived,1
20260730_04,96,cosmetics-sku89,cosmetics,CN,seed_derived,1
20260730_04,96,cosmetics-sku89,cosmetics,IN,seed_derived,1
20260730_04,96,cosmetics-sku89,cosmetics,SG,seed_derived,1
20260730_04,96,cosmetics-sku89,cosmetics,TH,seed_derived,1
20260730_04,97,skincare-sku90,skincare,CN,seed_derived,1
20260730_04,97,skincare-sku90,skincare,IN,seed_derived,1
20260730_04,97,skincare-sku90,skincare,SG,seed_derived,1
20260730_04,97,skincare-sku90,skincare,TH,seed_derived,1
20260730_04,98,cosmetics-sku91,cosmetics,CN,seed_derived,1
20260730_04,98,cosmetics-sku91,cosmetics,IN,seed_derived,1
20260730_04,98,cosmetics-sku91,cosmetics,SG,seed_derived,1
20260730_04,98,cosmetics-sku91,cosmetics,TH,seed_derived,1
20260730_04,99,cosmetics-sku92,cosmetics,CN,seed_derived,1
20260730_04,99,cosmetics-sku92,cosmetics,IN,seed_derived,1
20260730_04,99,cosmetics-sku92,cosmetics,SG,seed_derived,1
20260730_04,99,cosmetics-sku92,cosmetics,TH,seed_derived,1
20260730_04,100,haircare-sku93,haircare,CN,seed_derived,1
20260730_04,100,haircare-sku93,haircare,IN,seed_derived,1
20260730_04,100,haircare-sku93,haircare,SG,seed_derived,1
20260730_04,100,haircare-sku93,haircare,TH,seed_derived,1
20260730_04,101,cosmetics-sku94,cosmetics,CN,seed_derived,1
20260730_04,101,cosmetics-sku94,cosmetics,IN,seed_derived,1
20260730_04,101,cosmetics-sku94,cosmetics,SG,seed_derived,1
20260730_04,101,cosmetics-sku94,cosmetics,TH,seed_derived,1
20260730_04,102,haircare-sku95,haircare,CN,seed_derived,1
20260730_04,102,haircare-sku95,haircare,IN,seed_derived,1
20260730_04,102,haircare-sku95,haircare,SG,seed_derived,1
20260730_04,102,haircare-sku95,haircare,TH,seed_derived,1
20260730_04,103,cosmetics-sku96,cosmetics,CN,seed_derived,1
20260730_04,103,cosmetics-sku96,cosmetics,IN,seed_derived,1
20260730_04,103,cosmetics-sku96,cosmetics,SG,seed_derived,1
20260730_04,103,cosmetics-sku96,cosmetics,TH,seed_derived,1
20260730_04,104,haircare-sku97,haircare,CN,seed_derived,1
20260730_04,104,haircare-sku97,haircare,IN,seed_derived,1
20260730_04,104,haircare-sku97,haircare,SG,seed_derived,1
20260730_04,104,haircare-sku97,haircare,TH,seed_derived,1
20260730_04,105,skincare-sku98,skincare,CN,seed_derived,1
20260730_04,105,skincare-sku98,skincare,IN,seed_derived,1
20260730_04,105,skincare-sku98,skincare,SG,seed_derived,1
20260730_04,105,skincare-sku98,skincare,TH,seed_derived,1
20260730_04,106,haircare-sku99,haircare,CN,seed_derived,1
20260730_04,106,haircare-sku99,haircare,IN,seed_derived,1
20260730_04,106,haircare-sku99,haircare,SG,seed_derived,1
20260730_04,106,haircare-sku99,haircare,TH,seed_derived,1
20260730_04,107,samsung-galaxy-s24-ultra,phones,CN,seed_derived,1
20260730_04,107,samsung-galaxy-s24-ultra,phones,SG,seed_derived,1
20260730_04,107,samsung-galaxy-s24-ultra,phones,TH,seed_derived,1
20260730_04,108,samsung-galaxy-a55,phones,CN,seed_derived,1
20260730_04,108,samsung-galaxy-a55,phones,SG,seed_derived,1
20260730_04,108,samsung-galaxy-a55,phones,TH,seed_derived,1
20260730_04,109,samsung-galaxy-m14,phones,CN,seed_derived,1
20260730_04,109,samsung-galaxy-m14,phones,SG,seed_derived,1
20260730_04,109,samsung-galaxy-m14,phones,TH,seed_derived,1
20260730_04,110,xiaomi-14-ultra,phones,CN,seed_derived,1
20260730_04,110,xiaomi-14-ultra,phones,SG,seed_derived,1
20260730_04,110,xiaomi-14-ultra,phones,TH,seed_derived,1
20260730_04,111,xiaomi-redmi-note-13-pro,phones,CN,seed_derived,1
20260730_04,111,xiaomi-redmi-note-13-pro,phones,SG,seed_derived,1
20260730_04,111,xiaomi-redmi-note-13-pro,phones,TH,seed_derived,1
20260730_04,112,xiaomi-redmi-13c,phones,CN,seed_derived,1
20260730_04,112,xiaomi-redmi-13c,phones,SG,seed_derived,1
20260730_04,112,xiaomi-redmi-13c,phones,TH,seed_derived,1
20260730_04,113,oppo-reno-11-pro,phones,CN,seed_derived,1
20260730_04,113,oppo-reno-11-pro,phones,SG,seed_derived,1
20260730_04,113,oppo-reno-11-pro,phones,TH,seed_derived,1
20260730_04,114,oppo-a79-5g,phones,CN,seed_derived,1
20260730_04,114,oppo-a79-5g,phones,SG,seed_derived,1
20260730_04,114,oppo-a79-5g,phones,TH,seed_derived,1
20260730_04,115,vivo-v29-pro,phones,CN,seed_derived,1
20260730_04,115,vivo-v29-pro,phones,SG,seed_derived,1
20260730_04,115,vivo-v29-pro,phones,TH,seed_derived,1
20260730_04,116,vivo-y100,phones,CN,seed_derived,1
20260730_04,116,vivo-y100,phones,SG,seed_derived,1
20260730_04,116,vivo-y100,phones,TH,seed_derived,1
20260730_04,117,realme-12-pro-plus,phones,CN,seed_derived,1
20260730_04,117,realme-12-pro-plus,phones,SG,seed_derived,1
20260730_04,117,realme-12-pro-plus,phones,TH,seed_derived,1
20260730_04,118,realme-c67,phones,CN,seed_derived,1
20260730_04,118,realme-c67,phones,SG,seed_derived,1
20260730_04,118,realme-c67,phones,TH,seed_derived,1
20260730_04,119,tecno-spark-20-pro,phones,CN,seed_derived,1
20260730_04,119,tecno-spark-20-pro,phones,SG,seed_derived,1
20260730_04,119,tecno-spark-20-pro,phones,TH,seed_derived,1
20260730_04,120,tecno-camon-20,phones,CN,seed_derived,1
20260730_04,120,tecno-camon-20,phones,SG,seed_derived,1
20260730_04,120,tecno-camon-20,phones,TH,seed_derived,1
20260730_04,121,infinix-note-40-pro,phones,CN,seed_derived,1
20260730_04,121,infinix-note-40-pro,phones,SG,seed_derived,1
20260730_04,121,infinix-note-40-pro,phones,TH,seed_derived,1
20260730_04,122,infinix-hot-40i,phones,CN,seed_derived,1
20260730_04,122,infinix-hot-40i,phones,SG,seed_derived,1
20260730_04,122,infinix-hot-40i,phones,TH,seed_derived,1
20260730_04,123,motorola-edge-50-pro,phones,CN,seed_derived,1
20260730_04,123,motorola-edge-50-pro,phones,SG,seed_derived,1
20260730_04,123,motorola-edge-50-pro,phones,TH,seed_derived,1
20260730_04,124,motorola-moto-g85,phones,CN,seed_derived,1
20260730_04,124,motorola-moto-g85,phones,SG,seed_derived,1
20260730_04,124,motorola-moto-g85,phones,TH,seed_derived,1
20260730_04,125,nokia-g42-5g,phones,CN,seed_derived,1
20260730_04,125,nokia-g42-5g,phones,SG,seed_derived,1
20260730_04,125,nokia-g42-5g,phones,TH,seed_derived,1
20260730_04,126,sony-xperia-10-vi,phones,CN,seed_derived,1
20260730_04,126,sony-xperia-10-vi,phones,SG,seed_derived,1
20260730_04,126,sony-xperia-10-vi,phones,TH,seed_derived,1
20260730_04,127,google-pixel-8a,phones,CN,seed_derived,1
20260730_04,127,google-pixel-8a,phones,SG,seed_derived,1
20260730_04,127,google-pixel-8a,phones,TH,seed_derived,1
20260730_04,128,oneplus-12r,phones,CN,seed_derived,1
20260730_04,128,oneplus-12r,phones,SG,seed_derived,1
20260730_04,128,oneplus-12r,phones,TH,seed_derived,1
20260730_04,129,honor-90-smart,phones,CN,seed_derived,1
20260730_04,129,honor-90-smart,phones,SG,seed_derived,1
20260730_04,129,honor-90-smart,phones,TH,seed_derived,1
20260730_04,130,apple-ipad-air-m2-11,electronics,CN,seed_derived,1
20260730_04,130,apple-ipad-air-m2-11,electronics,SG,seed_derived,1
20260730_04,130,apple-ipad-air-m2-11,electronics,TH,seed_derived,1
20260730_04,131,samsung-galaxy-tab-s9-fe,electronics,CN,seed_derived,1
20260730_04,131,samsung-galaxy-tab-s9-fe,electronics,SG,seed_derived,1
20260730_04,131,samsung-galaxy-tab-s9-fe,electronics,TH,seed_derived,1
20260730_04,132,sony-wh-1000xm5-headphones,electronics,CN,seed_derived,1
20260730_04,132,sony-wh-1000xm5-headphones,electronics,SG,seed_derived,1
20260730_04,132,sony-wh-1000xm5-headphones,electronics,TH,seed_derived,1
20260730_04,133,jbl-charge-5-speaker,electronics,CN,seed_derived,1
20260730_04,133,jbl-charge-5-speaker,electronics,SG,seed_derived,1
20260730_04,133,jbl-charge-5-speaker,electronics,TH,seed_derived,1
20260730_04,134,apple-watch-series-9-45mm,electronics,CN,seed_derived,1
20260730_04,134,apple-watch-series-9-45mm,electronics,SG,seed_derived,1
20260730_04,134,apple-watch-series-9-45mm,electronics,TH,seed_derived,1
20260730_04,135,samsung-galaxy-watch-6,electronics,CN,seed_derived,1
20260730_04,135,samsung-galaxy-watch-6,electronics,SG,seed_derived,1
20260730_04,135,samsung-galaxy-watch-6,electronics,TH,seed_derived,1
20260730_04,136,garmin-forerunner-265,electronics,CN,seed_derived,1
20260730_04,136,garmin-forerunner-265,electronics,SG,seed_derived,1
20260730_04,136,garmin-forerunner-265,electronics,TH,seed_derived,1
20260730_04,137,anker-737-power-bank-24k,electronics,CN,seed_derived,1
20260730_04,137,anker-737-power-bank-24k,electronics,SG,seed_derived,1
20260730_04,137,anker-737-power-bank-24k,electronics,TH,seed_derived,1
20260730_04,138,baseus-65w-gan-charger,electronics,CN,seed_derived,1
20260730_04,138,baseus-65w-gan-charger,electronics,SG,seed_derived,1
20260730_04,138,baseus-65w-gan-charger,electronics,TH,seed_derived,1
20260730_04,139,xiaomi-smart-tv-a2-43,electronics,CN,seed_derived,1
20260730_04,139,xiaomi-smart-tv-a2-43,electronics,SG,seed_derived,1
20260730_04,139,xiaomi-smart-tv-a2-43,electronics,TH,seed_derived,1
20260730_04,140,philips-27-4k-monitor,electronics,CN,seed_derived,1
20260730_04,140,philips-27-4k-monitor,electronics,SG,seed_derived,1
20260730_04,140,philips-27-4k-monitor,electronics,TH,seed_derived,1
20260730_04,141,logitech-mx-master-3s-mouse,electronics,CN,seed_derived,1
20260730_04,141,logitech-mx-master-3s-mouse,electronics,SG,seed_derived,1
20260730_04,141,logitech-mx-master-3s-mouse,electronics,TH,seed_derived,1
20260730_04,142,keychron-k2-pro-keyboard,electronics,CN,seed_derived,1
20260730_04,142,keychron-k2-pro-keyboard,electronics,SG,seed_derived,1
20260730_04,142,keychron-k2-pro-keyboard,electronics,TH,seed_derived,1
20260730_04,143,jbl-earbuds-live-pro-2,electronics,CN,seed_derived,1
20260730_04,143,jbl-earbuds-live-pro-2,electronics,SG,seed_derived,1
20260730_04,143,jbl-earbuds-live-pro-2,electronics,TH,seed_derived,1
20260730_04,144,xiaomi-smart-band-8-pro,electronics,CN,seed_derived,1
20260730_04,144,xiaomi-smart-band-8-pro,electronics,SG,seed_derived,1
20260730_04,144,xiaomi-smart-band-8-pro,electronics,TH,seed_derived,1
20260730_04,145,tp-link-deco-xe75-mesh-wifi,electronics,CN,seed_derived,1
20260730_04,145,tp-link-deco-xe75-mesh-wifi,electronics,SG,seed_derived,1
20260730_04,145,tp-link-deco-xe75-mesh-wifi,electronics,TH,seed_derived,1
20260730_04,146,canon-eos-r50-camera,electronics,CN,seed_derived,1
20260730_04,146,canon-eos-r50-camera,electronics,SG,seed_derived,1
20260730_04,146,canon-eos-r50-camera,electronics,TH,seed_derived,1
20260730_04,147,dji-mini-4-pro-drone,electronics,CN,seed_derived,1
20260730_04,147,dji-mini-4-pro-drone,electronics,SG,seed_derived,1
20260730_04,147,dji-mini-4-pro-drone,electronics,TH,seed_derived,1
20260730_04,148,nintendo-switch-oled,electronics,CN,seed_derived,1
20260730_04,148,nintendo-switch-oled,electronics,SG,seed_derived,1
20260730_04,148,nintendo-switch-oled,electronics,TH,seed_derived,1
20260730_04,149,xiaomi-portable-laser-projector,electronics,CN,seed_derived,1
20260730_04,149,xiaomi-portable-laser-projector,electronics,SG,seed_derived,1
20260730_04,149,xiaomi-portable-laser-projector,electronics,TH,seed_derived,1
20260730_04,150,anker-soundcore-liberty-4-nc,electronics,CN,seed_derived,1
20260730_04,150,anker-soundcore-liberty-4-nc,electronics,SG,seed_derived,1
20260730_04,150,anker-soundcore-liberty-4-nc,electronics,TH,seed_derived,1
20260730_04,151,belkin-boostcharge-pro-3-in-1,electronics,CN,seed_derived,1
20260730_04,151,belkin-boostcharge-pro-3-in-1,electronics,SG,seed_derived,1
20260730_04,151,belkin-boostcharge-pro-3-in-1,electronics,TH,seed_derived,1
20260730_04,152,nvidia-geforce-rtx-4060-ti,pc-components,CN,seed_derived,1
20260730_04,152,nvidia-geforce-rtx-4060-ti,pc-components,SG,seed_derived,1
20260730_04,152,nvidia-geforce-rtx-4060-ti,pc-components,TH,seed_derived,1
20260730_04,153,amd-radeon-rx-7600-xt,pc-components,CN,seed_derived,1
20260730_04,153,amd-radeon-rx-7600-xt,pc-components,SG,seed_derived,1
20260730_04,153,amd-radeon-rx-7600-xt,pc-components,TH,seed_derived,1
20260730_04,154,intel-core-i9-14900k,pc-components,CN,seed_derived,1
20260730_04,154,intel-core-i9-14900k,pc-components,SG,seed_derived,1
20260730_04,154,intel-core-i9-14900k,pc-components,TH,seed_derived,1
20260730_04,155,amd-ryzen-9-7950x,pc-components,CN,seed_derived,1
20260730_04,155,amd-ryzen-9-7950x,pc-components,SG,seed_derived,1
20260730_04,155,amd-ryzen-9-7950x,pc-components,TH,seed_derived,1
20260730_04,156,intel-core-i5-14600k,pc-components,CN,seed_derived,1
20260730_04,156,intel-core-i5-14600k,pc-components,SG,seed_derived,1
20260730_04,156,intel-core-i5-14600k,pc-components,TH,seed_derived,1
20260730_04,157,amd-ryzen-5-7600x,pc-components,CN,seed_derived,1
20260730_04,157,amd-ryzen-5-7600x,pc-components,SG,seed_derived,1
20260730_04,157,amd-ryzen-5-7600x,pc-components,TH,seed_derived,1
20260730_04,158,kingston-fury-beast-32gb-ddr5,pc-components,CN,seed_derived,1
20260730_04,158,kingston-fury-beast-32gb-ddr5,pc-components,SG,seed_derived,1
20260730_04,158,kingston-fury-beast-32gb-ddr5,pc-components,TH,seed_derived,1
20260730_04,159,corsair-vengeance-16gb-ddr5,pc-components,CN,seed_derived,1
20260730_04,159,corsair-vengeance-16gb-ddr5,pc-components,SG,seed_derived,1
20260730_04,159,corsair-vengeance-16gb-ddr5,pc-components,TH,seed_derived,1
20260730_04,160,samsung-980-pro-2tb-nvme-ssd,pc-components,CN,seed_derived,1
20260730_04,160,samsung-980-pro-2tb-nvme-ssd,pc-components,SG,seed_derived,1
20260730_04,160,samsung-980-pro-2tb-nvme-ssd,pc-components,TH,seed_derived,1
20260730_04,161,wd-black-sn850x-1tb-ssd,pc-components,CN,seed_derived,1
20260730_04,161,wd-black-sn850x-1tb-ssd,pc-components,SG,seed_derived,1
20260730_04,161,wd-black-sn850x-1tb-ssd,pc-components,TH,seed_derived,1
20260730_04,162,seagate-barracuda-4tb-hdd,pc-components,CN,seed_derived,1
20260730_04,162,seagate-barracuda-4tb-hdd,pc-components,SG,seed_derived,1
20260730_04,162,seagate-barracuda-4tb-hdd,pc-components,TH,seed_derived,1
20260730_04,163,asus-rog-strix-b650-f-gaming,pc-components,CN,seed_derived,1
20260730_04,163,asus-rog-strix-b650-f-gaming,pc-components,SG,seed_derived,1
20260730_04,163,asus-rog-strix-b650-f-gaming,pc-components,TH,seed_derived,1
20260730_04,164,msi-mag-b760-tomahawk-wifi,pc-components,CN,seed_derived,1
20260730_04,164,msi-mag-b760-tomahawk-wifi,pc-components,SG,seed_derived,1
20260730_04,164,msi-mag-b760-tomahawk-wifi,pc-components,TH,seed_derived,1
20260730_04,165,corsair-rm1000x-1000w-psu,pc-components,CN,seed_derived,1
20260730_04,165,corsair-rm1000x-1000w-psu,pc-components,SG,seed_derived,1
20260730_04,165,corsair-rm1000x-1000w-psu,pc-components,TH,seed_derived,1
20260730_04,166,seasonic-focus-gx-850,pc-components,CN,seed_derived,1
20260730_04,166,seasonic-focus-gx-850,pc-components,SG,seed_derived,1
20260730_04,166,seasonic-focus-gx-850,pc-components,TH,seed_derived,1
20260730_04,167,noctua-nh-d15-cpu-cooler,pc-components,CN,seed_derived,1
20260730_04,167,noctua-nh-d15-cpu-cooler,pc-components,SG,seed_derived,1
20260730_04,167,noctua-nh-d15-cpu-cooler,pc-components,TH,seed_derived,1
20260730_04,168,corsair-icue-h150i-elite-lcd,pc-components,CN,seed_derived,1
20260730_04,168,corsair-icue-h150i-elite-lcd,pc-components,SG,seed_derived,1
20260730_04,168,corsair-icue-h150i-elite-lcd,pc-components,TH,seed_derived,1
20260730_04,169,fractal-design-torrent-case,pc-components,CN,seed_derived,1
20260730_04,169,fractal-design-torrent-case,pc-components,SG,seed_derived,1
20260730_04,169,fractal-design-torrent-case,pc-components,TH,seed_derived,1
20260730_04,170,lian-li-o11-dynamic-evo,pc-components,CN,seed_derived,1
20260730_04,170,lian-li-o11-dynamic-evo,pc-components,SG,seed_derived,1
20260730_04,170,lian-li-o11-dynamic-evo,pc-components,TH,seed_derived,1
20260730_04,171,crucial-t700-2tb-pcie-50-ssd,pc-components,CN,seed_derived,1
20260730_04,171,crucial-t700-2tb-pcie-50-ssd,pc-components,SG,seed_derived,1
20260730_04,171,crucial-t700-2tb-pcie-50-ssd,pc-components,TH,seed_derived,1
20260730_04,172,gskill-trident-z5-rgb-64gb,pc-components,CN,seed_derived,1
20260730_04,172,gskill-trident-z5-rgb-64gb,pc-components,SG,seed_derived,1
20260730_04,172,gskill-trident-z5-rgb-64gb,pc-components,TH,seed_derived,1
20260730_04,173,asus-proart-pa329crv-4k-monitor,pc-components,CN,seed_derived,1
20260730_04,173,asus-proart-pa329crv-4k-monitor,pc-components,SG,seed_derived,1
20260730_04,173,asus-proart-pa329crv-4k-monitor,pc-components,TH,seed_derived,1
20260730_04,174,razer-blade-16-rtx-4090,pc-components,CN,seed_derived,1
20260730_04,174,razer-blade-16-rtx-4090,pc-components,SG,seed_derived,1
20260730_04,174,razer-blade-16-rtx-4090,pc-components,TH,seed_derived,1
20260730_04,175,elgato-4k60-pro-mk2-capture,pc-components,CN,seed_derived,1
20260730_04,175,elgato-4k60-pro-mk2-capture,pc-components,SG,seed_derived,1
20260730_04,175,elgato-4k60-pro-mk2-capture,pc-components,TH,seed_derived,1
20260730_04,176,xiaomi-mi-smart-tower-fan,electronic,CN,seed_derived,1
20260730_04,176,xiaomi-mi-smart-tower-fan,electronic,SG,seed_derived,1
20260730_04,176,xiaomi-mi-smart-tower-fan,electronic,TH,seed_derived,1
20260730_04,177,dyson-cool-am07-tower-fan,electronic,CN,seed_derived,1
20260730_04,177,dyson-cool-am07-tower-fan,electronic,SG,seed_derived,1
20260730_04,177,dyson-cool-am07-tower-fan,electronic,TH,seed_derived,1
20260730_04,178,tp-link-tapo-smart-ceiling-fan,electronic,CN,seed_derived,1
20260730_04,178,tp-link-tapo-smart-ceiling-fan,electronic,SG,seed_derived,1
20260730_04,178,tp-link-tapo-smart-ceiling-fan,electronic,TH,seed_derived,1
20260730_04,179,orient-airmax-ceiling-fan-56,electronic,CN,seed_derived,1
20260730_04,179,orient-airmax-ceiling-fan-56,electronic,SG,seed_derived,1
20260730_04,179,orient-airmax-ceiling-fan-56,electronic,TH,seed_derived,1
20260730_04,180,panasonic-f-m15h5-desk-fan-6,electronic,CN,seed_derived,1
20260730_04,180,panasonic-f-m15h5-desk-fan-6,electronic,SG,seed_derived,1
20260730_04,180,panasonic-f-m15h5-desk-fan-6,electronic,TH,seed_derived,1
20260730_04,181,midea-maf14-14-stand-fan,electronic,CN,seed_derived,1
20260730_04,181,midea-maf14-14-stand-fan,electronic,SG,seed_derived,1
20260730_04,181,midea-maf14-14-stand-fan,electronic,TH,seed_derived,1
20260730_04,182,walton-wpf-16e-pedestal-fan,electronic,CN,seed_derived,1
20260730_04,182,walton-wpf-16e-pedestal-fan,electronic,SG,seed_derived,1
20260730_04,182,walton-wpf-16e-pedestal-fan,electronic,TH,seed_derived,1
20260730_04,183,vision-rechargeable-fan-12,electronic,CN,seed_derived,1
20260730_04,183,vision-rechargeable-fan-12,electronic,SG,seed_derived,1
20260730_04,183,vision-rechargeable-fan-12,electronic,TH,seed_derived,1
20260730_04,184,haier-hf-14blw-stand-fan,electronic,CN,seed_derived,1
20260730_04,184,haier-hf-14blw-stand-fan,electronic,SG,seed_derived,1
20260730_04,184,haier-hf-14blw-stand-fan,electronic,TH,seed_derived,1
20260730_04,185,samsung-windfree-15-ton-ac,electronic,CN,seed_derived,1
20260730_04,185,samsung-windfree-15-ton-ac,electronic,SG,seed_derived,1
20260730_04,185,samsung-windfree-15-ton-ac,electronic,TH,seed_derived,1
20260730_04,186,general-15-ton-split-ac,electronic,CN,seed_derived,1
20260730_04,186,general-15-ton-split-ac,electronic,SG,seed_derived,1
20260730_04,186,general-15-ton-split-ac,electronic,TH,seed_derived,1
20260730_04,187,gree-1-ton-inverter-ac,electronic,CN,seed_derived,1
20260730_04,187,gree-1-ton-inverter-ac,electronic,SG,seed_derived,1
20260730_04,187,gree-1-ton-inverter-ac,electronic,TH,seed_derived,1
20260730_04,188,xiaomi-mijia-dc-inverter-fan,electronic,CN,seed_derived,1
20260730_04,188,xiaomi-mijia-dc-inverter-fan,electronic,SG,seed_derived,1
20260730_04,188,xiaomi-mijia-dc-inverter-fan,electronic,TH,seed_derived,1
20260730_04,189,rowenta-vu5670-turbo-silence,electronic,CN,seed_derived,1
20260730_04,189,rowenta-vu5670-turbo-silence,electronic,SG,seed_derived,1
20260730_04,189,rowenta-vu5670-turbo-silence,electronic,TH,seed_derived,1
20260730_04,190,honeywell-ht-900-turboforce-fan,electronic,CN,seed_derived,1
20260730_04,190,honeywell-ht-900-turboforce-fan,electronic,SG,seed_derived,1
20260730_04,190,honeywell-ht-900-turboforce-fan,electronic,TH,seed_derived,1
20260730_04,191,vornado-630-whole-room-fan,electronic,CN,seed_derived,1
20260730_04,191,vornado-630-whole-room-fan,electronic,SG,seed_derived,1
20260730_04,191,vornado-630-whole-room-fan,electronic,TH,seed_derived,1
20260730_04,192,kdk-56-industrial-ceiling-fan,electronic,CN,seed_derived,1
20260730_04,192,kdk-56-industrial-ceiling-fan,electronic,SG,seed_derived,1
20260730_04,192,kdk-56-industrial-ceiling-fan,electronic,TH,seed_derived,1
20260730_04,193,bajaj-esteem-1200mm-ceiling-fan,electronic,CN,seed_derived,1
20260730_04,193,bajaj-esteem-1200mm-ceiling-fan,electronic,SG,seed_derived,1
20260730_04,193,bajaj-esteem-1200mm-ceiling-fan,electronic,TH,seed_derived,1
20260730_04,194,crompton-energion-ceiling-fan,electronic,CN,seed_derived,1
20260730_04,194,crompton-energion-ceiling-fan,electronic,SG,seed_derived,1
20260730_04,194,crompton-energion-ceiling-fan,electronic,TH,seed_derived,1
20260730_04,195,polar-windmill-900mm-table-fan,electronic,CN,seed_derived,1
20260730_04,195,polar-windmill-900mm-table-fan,electronic,SG,seed_derived,1
20260730_04,195,polar-windmill-900mm-table-fan,electronic,TH,seed_derived,1
20260730_04,196,usha-striker-marvel-exhaust-fan,electronic,CN,seed_derived,1
20260730_04,196,usha-striker-marvel-exhaust-fan,electronic,SG,seed_derived,1
20260730_04,196,usha-striker-marvel-exhaust-fan,electronic,TH,seed_derived,1
20260730_04,197,havells-stealth-air-ceiling-fan,electronic,CN,seed_derived,1
20260730_04,197,havells-stealth-air-ceiling-fan,electronic,SG,seed_derived,1
20260730_04,197,havells-stealth-air-ceiling-fan,electronic,TH,seed_derived,1
20260730_04,198,mistral-16-rechargeable-fan,electronic,CN,seed_derived,1
20260730_04,198,mistral-16-rechargeable-fan,electronic,SG,seed_derived,1
20260730_04,198,mistral-16-rechargeable-fan,electronic,TH,seed_derived,1
20260730_04,199,midea-maf20-20-industrial-fan,electronic,CN,seed_derived,1
20260730_04,199,midea-maf20-20-industrial-fan,electronic,SG,seed_derived,1
20260730_04,199,midea-maf20-20-industrial-fan,electronic,TH,seed_derived,1
20260730_04,200,sharp-pj-a19rv-air-purifier-fan,electronic,CN,seed_derived,1
20260730_04,200,sharp-pj-a19rv-air-purifier-fan,electronic,SG,seed_derived,1
20260730_04,200,sharp-pj-a19rv-air-purifier-fan,electronic,TH,seed_derived,1
20260730_04,201,siemens-s7-1200-plc-cpu-1214c,industrial-automation,CN,seed_derived,1
20260730_04,201,siemens-s7-1200-plc-cpu-1214c,industrial-automation,SG,seed_derived,1
20260730_04,201,siemens-s7-1200-plc-cpu-1214c,industrial-automation,TH,seed_derived,1
20260730_04,202,mitsubishi-melsec-fx5u-32mt-plc,industrial-automation,CN,seed_derived,1
20260730_04,202,mitsubishi-melsec-fx5u-32mt-plc,industrial-automation,SG,seed_derived,1
20260730_04,202,mitsubishi-melsec-fx5u-32mt-plc,industrial-automation,TH,seed_derived,1
20260730_04,203,delta-dvp32es2-plc,industrial-automation,CN,seed_derived,1
20260730_04,203,delta-dvp32es2-plc,industrial-automation,SG,seed_derived,1
20260730_04,203,delta-dvp32es2-plc,industrial-automation,TH,seed_derived,1
20260730_04,204,abb-acs355-03e-07a3-4-vfd,industrial-automation,CN,seed_derived,1
20260730_04,204,abb-acs355-03e-07a3-4-vfd,industrial-automation,SG,seed_derived,1
20260730_04,204,abb-acs355-03e-07a3-4-vfd,industrial-automation,TH,seed_derived,1
20260730_04,205,schneider-altivar-atv320u07n4b-vfd,industrial-automation,CN,seed_derived,1
20260730_04,205,schneider-altivar-atv320u07n4b-vfd,industrial-automation,SG,seed_derived,1
20260730_04,205,schneider-altivar-atv320u07n4b-vfd,industrial-automation,TH,seed_derived,1
20260730_04,206,keyence-fs-n11p-fiber-sensor,industrial-automation,CN,seed_derived,1
20260730_04,206,keyence-fs-n11p-fiber-sensor,industrial-automation,SG,seed_derived,1
20260730_04,206,keyence-fs-n11p-fiber-sensor,industrial-automation,TH,seed_derived,1
20260730_04,207,omron-e3z-d61-photoelectric-sensor,industrial-automation,CN,seed_derived,1
20260730_04,207,omron-e3z-d61-photoelectric-sensor,industrial-automation,SG,seed_derived,1
20260730_04,207,omron-e3z-d61-photoelectric-sensor,industrial-automation,TH,seed_derived,1
20260730_04,208,sick-dt35-b15251-distance-sensor,industrial-automation,CN,seed_derived,1
20260730_04,208,sick-dt35-b15251-distance-sensor,industrial-automation,SG,seed_derived,1
20260730_04,208,sick-dt35-b15251-distance-sensor,industrial-automation,TH,seed_derived,1
20260730_04,209,fanuc-alpha-series-servo-motor,industrial-automation,CN,seed_derived,1
20260730_04,209,fanuc-alpha-series-servo-motor,industrial-automation,SG,seed_derived,1
20260730_04,209,fanuc-alpha-series-servo-motor,industrial-automation,TH,seed_derived,1
20260730_04,210,yaskawa-sgmjv-04a-servo-drive,industrial-automation,CN,seed_derived,1
20260730_04,210,yaskawa-sgmjv-04a-servo-drive,industrial-automation,SG,seed_derived,1
20260730_04,210,yaskawa-sgmjv-04a-servo-drive,industrial-automation,TH,seed_derived,1
20260730_04,211,beckhoff-ek1100-ethercat-coupler,industrial-automation,CN,seed_derived,1
20260730_04,211,beckhoff-ek1100-ethercat-coupler,industrial-automation,SG,seed_derived,1
20260730_04,211,beckhoff-ek1100-ethercat-coupler,industrial-automation,TH,seed_derived,1
20260730_04,212,festo-dsbc-63-100-ppsa-cylinder,industrial-automation,CN,seed_derived,1
20260730_04,212,festo-dsbc-63-100-ppsa-cylinder,industrial-automation,SG,seed_derived,1
20260730_04,212,festo-dsbc-63-100-ppsa-cylinder,industrial-automation,TH,seed_derived,1
20260730_04,213,smc-af40-n04d-air-filter,industrial-automation,CN,seed_derived,1
20260730_04,213,smc-af40-n04d-air-filter,industrial-automation,SG,seed_derived,1
20260730_04,213,smc-af40-n04d-air-filter,industrial-automation,TH,seed_derived,1
20260730_04,214,phoenix-contact-mkds-32-terminal,industrial-automation,CN,seed_derived,1
20260730_04,214,phoenix-contact-mkds-32-terminal,industrial-automation,SG,seed_derived,1
20260730_04,214,phoenix-contact-mkds-32-terminal,industrial-automation,TH,seed_derived,1
20260730_04,215,ifm-al1321-io-link-master,industrial-automation,CN,seed_derived,1
20260730_04,215,ifm-al1321-io-link-master,industrial-automation,SG,seed_derived,1
20260730_04,215,ifm-al1321-io-link-master,industrial-automation,TH,seed_derived,1
20260730_04,216,cognex-in-sight-2000-vision-system,industrial-automation,CN,seed_derived,1
20260730_04,216,cognex-in-sight-2000-vision-system,industrial-automation,SG,seed_derived,1
20260730_04,216,cognex-in-sight-2000-vision-system,industrial-automation,TH,seed_derived,1
20260730_04,217,turck-bi5u-m18-ap6x-inductive-sensor,industrial-automation,CN,seed_derived,1
20260730_04,217,turck-bi5u-m18-ap6x-inductive-sensor,industrial-automation,SG,seed_derived,1
20260730_04,217,turck-bi5u-m18-ap6x-inductive-sensor,industrial-automation,TH,seed_derived,1
20260730_04,218,rexnord-1060-60-gear-drive,industrial-automation,CN,seed_derived,1
20260730_04,218,rexnord-1060-60-gear-drive,industrial-automation,SG,seed_derived,1
20260730_04,218,rexnord-1060-60-gear-drive,industrial-automation,TH,seed_derived,1
20260730_04,219,leuze-ddls-2001-2-optical-sensor,industrial-automation,CN,seed_derived,1
20260730_04,219,leuze-ddls-2001-2-optical-sensor,industrial-automation,SG,seed_derived,1
20260730_04,219,leuze-ddls-2001-2-optical-sensor,industrial-automation,TH,seed_derived,1
20260730_04,220,pepperlfuchs-ub500-18gm75-e5-v1,industrial-automation,CN,seed_derived,1
20260730_04,220,pepperlfuchs-ub500-18gm75-e5-v1,industrial-automation,SG,seed_derived,1
20260730_04,220,pepperlfuchs-ub500-18gm75-e5-v1,industrial-automation,TH,seed_derived,1
20260730_04,221,bosch-rexroth-ball-screw-r160520501,industrial-automation,CN,seed_derived,1
20260730_04,221,bosch-rexroth-ball-screw-r160520501,industrial-automation,SG,seed_derived,1
20260730_04,221,bosch-rexroth-ball-screw-r160520501,industrial-automation,TH,seed_derived,1
20260730_04,222,nord-sk-0721-71l4tf-gearbox,industrial-automation,CN,seed_derived,1
20260730_04,222,nord-sk-0721-71l4tf-gearbox,industrial-automation,SG,seed_derived,1
20260730_04,222,nord-sk-0721-71l4tf-gearbox,industrial-automation,TH,seed_derived,1
20260730_04,223,weidmuller-wrs-15-terminal-block,industrial-automation,CN,seed_derived,1
20260730_04,223,weidmuller-wrs-15-terminal-block,industrial-automation,SG,seed_derived,1
20260730_04,223,weidmuller-wrs-15-terminal-block,industrial-automation,TH,seed_derived,1
20260730_04,224,banner-qs30lpqd-photoelectric,industrial-automation,CN,seed_derived,1
20260730_04,224,banner-qs30lpqd-photoelectric,industrial-automation,SG,seed_derived,1
20260730_04,224,banner-qs30lpqd-photoelectric,industrial-automation,TH,seed_derived,1
20260730_04,225,parker-d1vw001cnjb-hydraulic-valve,industrial-automation,CN,seed_derived,1
20260730_04,225,parker-d1vw001cnjb-hydraulic-valve,industrial-automation,SG,seed_derived,1
20260730_04,225,parker-d1vw001cnjb-hydraulic-valve,industrial-automation,TH,seed_derived,1
20260730_04,226,philips-intellivue-mx40-monitor,medical-equipment,CN,seed_derived,1
20260730_04,226,philips-intellivue-mx40-monitor,medical-equipment,SG,seed_derived,1
20260730_04,226,philips-intellivue-mx40-monitor,medical-equipment,TH,seed_derived,1
20260730_04,227,ge-healthcare-mac-800-ecg-machine,medical-equipment,CN,seed_derived,1
20260730_04,227,ge-healthcare-mac-800-ecg-machine,medical-equipment,SG,seed_derived,1
20260730_04,227,ge-healthcare-mac-800-ecg-machine,medical-equipment,TH,seed_derived,1
20260730_04,228,mindray-dc-30-ultrasound,medical-equipment,CN,seed_derived,1
20260730_04,228,mindray-dc-30-ultrasound,medical-equipment,SG,seed_derived,1
20260730_04,228,mindray-dc-30-ultrasound,medical-equipment,TH,seed_derived,1
20260730_04,229,omron-hem-7600t-blood-pressure,medical-equipment,CN,seed_derived,1
20260730_04,229,omron-hem-7600t-blood-pressure,medical-equipment,SG,seed_derived,1
20260730_04,229,omron-hem-7600t-blood-pressure,medical-equipment,TH,seed_derived,1
20260730_04,230,nonin-9590-onyx-ii-pulse-oximeter,medical-equipment,CN,seed_derived,1
20260730_04,230,nonin-9590-onyx-ii-pulse-oximeter,medical-equipment,SG,seed_derived,1
20260730_04,230,nonin-9590-onyx-ii-pulse-oximeter,medical-equipment,TH,seed_derived,1
20260730_04,231,welch-allyn-35v-panoptic-ophthalmoscope,medical-equipment,CN,seed_derived,1
20260730_04,231,welch-allyn-35v-panoptic-ophthalmoscope,medical-equipment,SG,seed_derived,1
20260730_04,231,welch-allyn-35v-panoptic-ophthalmoscope,medical-equipment,TH,seed_derived,1
20260730_04,232,masimo-radical-7-pulse-oximeter,medical-equipment,CN,seed_derived,1
20260730_04,232,masimo-radical-7-pulse-oximeter,medical-equipment,SG,seed_derived,1
20260730_04,232,masimo-radical-7-pulse-oximeter,medical-equipment,TH,seed_derived,1
20260730_04,233,draeger-evita-600-ventilator,medical-equipment,CN,seed_derived,1
20260730_04,233,draeger-evita-600-ventilator,medical-equipment,SG,seed_derived,1
20260730_04,233,draeger-evita-600-ventilator,medical-equipment,TH,seed_derived,1
20260730_04,234,medtronic-puritan-bennett-980,medical-equipment,CN,seed_derived,1
20260730_04,234,medtronic-puritan-bennett-980,medical-equipment,SG,seed_derived,1
20260730_04,234,medtronic-puritan-bennett-980,medical-equipment,TH,seed_derived,1
20260730_04,235,carefusion-alaris-8015-infusion-pump,medical-equipment,CN,seed_derived,1
20260730_04,235,carefusion-alaris-8015-infusion-pump,medical-equipment,SG,seed_derived,1
20260730_04,235,carefusion-alaris-8015-infusion-pump,medical-equipment,TH,seed_derived,1
20260730_04,236,nihon-kohden-eeg-2100g-machine,medical-equipment,CN,seed_derived,1
20260730_04,236,nihon-kohden-eeg-2100g-machine,medical-equipment,SG,seed_derived,1
20260730_04,236,nihon-kohden-eeg-2100g-machine,medical-equipment,TH,seed_derived,1
20260730_04,237,spacelabs-91369-patient-monitor,medical-equipment,CN,seed_derived,1
20260730_04,237,spacelabs-91369-patient-monitor,medical-equipment,SG,seed_derived,1
20260730_04,237,spacelabs-91369-patient-monitor,medical-equipment,TH,seed_derived,1
20260730_04,238,philips-heartstart-frx-aed,medical-equipment,CN,seed_derived,1
20260730_04,238,philips-heartstart-frx-aed,medical-equipment,SG,seed_derived,1
20260730_04,238,philips-heartstart-frx-aed,medical-equipment,TH,seed_derived,1
20260730_04,239,zoll-aed-3-defibrillator,medical-equipment,CN,seed_derived,1
20260730_04,239,zoll-aed-3-defibrillator,medical-equipment,SG,seed_derived,1
20260730_04,239,zoll-aed-3-defibrillator,medical-equipment,TH,seed_derived,1
20260730_04,240,edan-im50-portable-monitor,medical-equipment,CN,seed_derived,1
20260730_04,240,edan-im50-portable-monitor,medical-equipment,SG,seed_derived,1
20260730_04,240,edan-im50-portable-monitor,medical-equipment,TH,seed_derived,1
20260730_04,241,contec-cms8000-icu-monitor,medical-equipment,CN,seed_derived,1
20260730_04,241,contec-cms8000-icu-monitor,medical-equipment,SG,seed_derived,1
20260730_04,241,contec-cms8000-icu-monitor,medical-equipment,TH,seed_derived,1
20260730_04,242,bionet-fc1400-fetal-monitor,medical-equipment,CN,seed_derived,1
20260730_04,242,bionet-fc1400-fetal-monitor,medical-equipment,SG,seed_derived,1
20260730_04,242,bionet-fc1400-fetal-monitor,medical-equipment,TH,seed_derived,1
20260730_04,243,siemens-advia-120-hematology-analyzer,medical-equipment,CN,seed_derived,1
20260730_04,243,siemens-advia-120-hematology-analyzer,medical-equipment,SG,seed_derived,1
20260730_04,243,siemens-advia-120-hematology-analyzer,medical-equipment,TH,seed_derived,1
20260730_04,244,roche-cobas-e411-immunoassay-analyzer,medical-equipment,CN,seed_derived,1
20260730_04,244,roche-cobas-e411-immunoassay-analyzer,medical-equipment,SG,seed_derived,1
20260730_04,244,roche-cobas-e411-immunoassay-analyzer,medical-equipment,TH,seed_derived,1
20260730_04,245,abbott-i-stat-1-handheld-analyzer,medical-equipment,CN,seed_derived,1
20260730_04,245,abbott-i-stat-1-handheld-analyzer,medical-equipment,SG,seed_derived,1
20260730_04,245,abbott-i-stat-1-handheld-analyzer,medical-equipment,TH,seed_derived,1
20260730_04,246,nihon-kohden-nkt-115-telemetry,medical-equipment,CN,seed_derived,1
20260730_04,246,nihon-kohden-nkt-115-telemetry,medical-equipment,SG,seed_derived,1
20260730_04,246,nihon-kohden-nkt-115-telemetry,medical-equipment,TH,seed_derived,1
20260730_04,247,bpl-cardiart-6108t-ecg,medical-equipment,CN,seed_derived,1
20260730_04,247,bpl-cardiart-6108t-ecg,medical-equipment,SG,seed_derived,1
20260730_04,247,bpl-cardiart-6108t-ecg,medical-equipment,TH,seed_derived,1
20260730_04,248,mindray-mec-1200-bedside-monitor,medical-equipment,CN,seed_derived,1
20260730_04,248,mindray-mec-1200-bedside-monitor,medical-equipment,SG,seed_derived,1
20260730_04,248,mindray-mec-1200-bedside-monitor,medical-equipment,TH,seed_derived,1
20260730_04,249,nellcor-pm10n-pulse-oximeter,medical-equipment,CN,seed_derived,1
20260730_04,249,nellcor-pm10n-pulse-oximeter,medical-equipment,SG,seed_derived,1
20260730_04,249,nellcor-pm10n-pulse-oximeter,medical-equipment,TH,seed_derived,1
20260730_04,250,carefusion-ltv-1200-ventilator,medical-equipment,CN,seed_derived,1
20260730_04,250,carefusion-ltv-1200-ventilator,medical-equipment,SG,seed_derived,1
20260730_04,250,carefusion-ltv-1200-ventilator,medical-equipment,TH,seed_derived,1
20260730_04,251,dji-agras-t40-agricultural-drone,agricultural-tech,CN,seed_derived,1
20260730_04,251,dji-agras-t40-agricultural-drone,agricultural-tech,SG,seed_derived,1
20260730_04,251,dji-agras-t40-agricultural-drone,agricultural-tech,TH,seed_derived,1
20260730_04,252,dji-agras-t20p-spray-drone,agricultural-tech,CN,seed_derived,1
20260730_04,252,dji-agras-t20p-spray-drone,agricultural-tech,SG,seed_derived,1
20260730_04,252,dji-agras-t20p-spray-drone,agricultural-tech,TH,seed_derived,1
20260730_04,253,trimble-ez-guide-250-gps-system,agricultural-tech,CN,seed_derived,1
20260730_04,253,trimble-ez-guide-250-gps-system,agricultural-tech,SG,seed_derived,1
20260730_04,253,trimble-ez-guide-250-gps-system,agricultural-tech,TH,seed_derived,1
20260730_04,254,soil-npk-iot-sensor-rs485,agricultural-tech,CN,seed_derived,1
20260730_04,254,soil-npk-iot-sensor-rs485,agricultural-tech,SG,seed_derived,1
20260730_04,254,soil-npk-iot-sensor-rs485,agricultural-tech,TH,seed_derived,1
20260730_04,255,minolta-spad-502plus-chlorophyll,agricultural-tech,CN,seed_derived,1
20260730_04,255,minolta-spad-502plus-chlorophyll,agricultural-tech,SG,seed_derived,1
20260730_04,255,minolta-spad-502plus-chlorophyll,agricultural-tech,TH,seed_derived,1
20260730_04,256,grain-moisture-meter-pm-8188a,agricultural-tech,CN,seed_derived,1
20260730_04,256,grain-moisture-meter-pm-8188a,agricultural-tech,SG,seed_derived,1
20260730_04,256,grain-moisture-meter-pm-8188a,agricultural-tech,TH,seed_derived,1
20260730_04,257,davis-vantage-pro2-weather-station,agricultural-tech,CN,seed_derived,1
20260730_04,257,davis-vantage-pro2-weather-station,agricultural-tech,SG,seed_derived,1
20260730_04,257,davis-vantage-pro2-weather-station,agricultural-tech,TH,seed_derived,1
20260730_04,258,irritrol-drip-irrigation-controller,agricultural-tech,CN,seed_derived,1
20260730_04,258,irritrol-drip-irrigation-controller,agricultural-tech,SG,seed_derived,1
20260730_04,258,irritrol-drip-irrigation-controller,agricultural-tech,TH,seed_derived,1
20260730_04,259,priva-connext-greenhouse-controller,agricultural-tech,CN,seed_derived,1
20260730_04,259,priva-connext-greenhouse-controller,agricultural-tech,SG,seed_derived,1
20260730_04,259,priva-connext-greenhouse-controller,agricultural-tech,TH,seed_derived,1
20260730_04,260,led-grow-light-600w-samsung-lm301,agricultural-tech,CN,seed_derived,1
20260730_04,260,led-grow-light-600w-samsung-lm301,agricultural-tech,SG,seed_derived,1
20260730_04,260,led-grow-light-600w-samsung-lm301,agricultural-tech,TH,seed_derived,1
20260730_04,261,hydroponic-nft-72-site-system,agricultural-tech,CN,seed_derived,1
20260730_04,261,hydroponic-nft-72-site-system,agricultural-tech,SG,seed_derived,1
20260730_04,261,hydroponic-nft-72-site-system,agricultural-tech,TH,seed_derived,1
20260730_04,262,precision-vacuum-seeder-6-row,agricultural-tech,CN,seed_derived,1
20260730_04,262,precision-vacuum-seeder-6-row,agricultural-tech,SG,seed_derived,1
20260730_04,262,precision-vacuum-seeder-6-row,agricultural-tech,TH,seed_derived,1
20260730_04,263,root-zone-temperature-sensor-ds18b20,agricultural-tech,CN,seed_derived,1
20260730_04,263,root-zone-temperature-sensor-ds18b20,agricultural-tech,SG,seed_derived,1
20260730_04,263,root-zone-temperature-sensor-ds18b20,agricultural-tech,TH,seed_derived,1
20260730_04,264,plant-disease-ai-camera,agricultural-tech,CN,seed_derived,1
20260730_04,264,plant-disease-ai-camera,agricultural-tech,SG,seed_derived,1
20260730_04,264,plant-disease-ai-camera,agricultural-tech,TH,seed_derived,1
20260730_04,265,poultry-environment-controller,agricultural-tech,CN,seed_derived,1
20260730_04,265,poultry-environment-controller,agricultural-tech,SG,seed_derived,1
20260730_04,265,poultry-environment-controller,agricultural-tech,TH,seed_derived,1
20260730_04,266,aquaculture-water-quality-monitor,agricultural-tech,CN,seed_derived,1
20260730_04,266,aquaculture-water-quality-monitor,agricultural-tech,SG,seed_derived,1
20260730_04,266,aquaculture-water-quality-monitor,agricultural-tech,TH,seed_derived,1
20260730_04,267,aquaponics-complete-starter-system,agricultural-tech,CN,seed_derived,1
20260730_04,267,aquaponics-complete-starter-system,agricultural-tech,SG,seed_derived,1
20260730_04,267,aquaponics-complete-starter-system,agricultural-tech,TH,seed_derived,1
20260730_04,268,gps-livestock-ear-tag-tracker,agricultural-tech,CN,seed_derived,1
20260730_04,268,gps-livestock-ear-tag-tracker,agricultural-tech,SG,seed_derived,1
20260730_04,268,gps-livestock-ear-tag-tracker,agricultural-tech,TH,seed_derived,1
20260730_04,269,dji-d-rtk-2-mobile-station,agricultural-tech,CN,seed_derived,1
20260730_04,269,dji-d-rtk-2-mobile-station,agricultural-tech,SG,seed_derived,1
20260730_04,269,dji-d-rtk-2-mobile-station,agricultural-tech,TH,seed_derived,1
20260730_04,270,cold-room-controller-ebm-20,agricultural-tech,CN,seed_derived,1
20260730_04,270,cold-room-controller-ebm-20,agricultural-tech,SG,seed_derived,1
20260730_04,270,cold-room-controller-ebm-20,agricultural-tech,TH,seed_derived,1
20260730_04,271,fruit-brix-refractometer-digital,agricultural-tech,CN,seed_derived,1
20260730_04,271,fruit-brix-refractometer-digital,agricultural-tech,SG,seed_derived,1
20260730_04,271,fruit-brix-refractometer-digital,agricultural-tech,TH,seed_derived,1
20260730_04,272,automated-fertigation-controller,agricultural-tech,CN,seed_derived,1
20260730_04,272,automated-fertigation-controller,agricultural-tech,SG,seed_derived,1
20260730_04,272,automated-fertigation-controller,agricultural-tech,TH,seed_derived,1
20260730_04,273,soil-moisture-sensor-capacitive-v2,agricultural-tech,CN,seed_derived,1
20260730_04,273,soil-moisture-sensor-capacitive-v2,agricultural-tech,SG,seed_derived,1
20260730_04,273,soil-moisture-sensor-capacitive-v2,agricultural-tech,TH,seed_derived,1
20260730_04,274,vertical-farm-rack-led-system,agricultural-tech,CN,seed_derived,1
20260730_04,274,vertical-farm-rack-led-system,agricultural-tech,SG,seed_derived,1
20260730_04,274,vertical-farm-rack-led-system,agricultural-tech,TH,seed_derived,1
20260730_04,275,solar-powered-irrigation-pump-24v,agricultural-tech,CN,seed_derived,1
20260730_04,275,solar-powered-irrigation-pump-24v,agricultural-tech,SG,seed_derived,1
20260730_04,275,solar-powered-irrigation-pump-24v,agricultural-tech,TH,seed_derived,1
20260730_04,276,growatt-spf-5000es-solar-inverter,clean-energy-ev,CN,seed_derived,1
20260730_04,276,growatt-spf-5000es-solar-inverter,clean-energy-ev,SG,seed_derived,1
20260730_04,276,growatt-spf-5000es-solar-inverter,clean-energy-ev,TH,seed_derived,1
20260730_04,277,huawei-sun2000-10ktl-m1-inverter,clean-energy-ev,CN,seed_derived,1
20260730_04,277,huawei-sun2000-10ktl-m1-inverter,clean-energy-ev,SG,seed_derived,1
20260730_04,277,huawei-sun2000-10ktl-m1-inverter,clean-energy-ev,TH,seed_derived,1
20260730_04,278,sma-sunny-boy-36-1av-41-inverter,clean-energy-ev,CN,seed_derived,1
20260730_04,278,sma-sunny-boy-36-1av-41-inverter,clean-energy-ev,SG,seed_derived,1
20260730_04,278,sma-sunny-boy-36-1av-41-inverter,clean-energy-ev,TH,seed_derived,1
20260730_04,279,deye-sun-8k-sg04lp3-hybrid-inverter,clean-energy-ev,CN,seed_derived,1
20260730_04,279,deye-sun-8k-sg04lp3-hybrid-inverter,clean-energy-ev,SG,seed_derived,1
20260730_04,279,deye-sun-8k-sg04lp3-hybrid-inverter,clean-energy-ev,TH,seed_derived,1
20260730_04,280,kstar-blue-s-6kt-hybrid-inverter,clean-energy-ev,CN,seed_derived,1
20260730_04,280,kstar-blue-s-6kt-hybrid-inverter,clean-energy-ev,SG,seed_derived,1
20260730_04,280,kstar-blue-s-6kt-hybrid-inverter,clean-energy-ev,TH,seed_derived,1
20260730_04,281,ev-ac-charger-wallbox-pulsar-plus-22kw,clean-energy-ev,CN,seed_derived,1
20260730_04,281,ev-ac-charger-wallbox-pulsar-plus-22kw,clean-energy-ev,SG,seed_derived,1
20260730_04,281,ev-ac-charger-wallbox-pulsar-plus-22kw,clean-energy-ev,TH,seed_derived,1
20260730_04,282,ev-dc-fast-charger-50kw-ccs-chademo,clean-energy-ev,CN,seed_derived,1
20260730_04,282,ev-dc-fast-charger-50kw-ccs-chademo,clean-energy-ev,SG,seed_derived,1
20260730_04,282,ev-dc-fast-charger-50kw-ccs-chademo,clean-energy-ev,TH,seed_derived,1
20260730_04,283,catl-lifepo4-280ah-grade-a-cell,clean-energy-ev,CN,seed_derived,1
20260730_04,283,catl-lifepo4-280ah-grade-a-cell,clean-energy-ev,SG,seed_derived,1
20260730_04,283,catl-lifepo4-280ah-grade-a-cell,clean-energy-ev,TH,seed_derived,1
20260730_04,284,byd-battery-box-premium-lvs-40,clean-energy-ev,CN,seed_derived,1
20260730_04,284,byd-battery-box-premium-lvs-40,clean-energy-ev,SG,seed_derived,1
20260730_04,284,byd-battery-box-premium-lvs-40,clean-energy-ev,TH,seed_derived,1
20260730_04,285,solar-panel-550w-mono-perc-risen,clean-energy-ev,CN,seed_derived,1
20260730_04,285,solar-panel-550w-mono-perc-risen,clean-energy-ev,SG,seed_derived,1
20260730_04,285,solar-panel-550w-mono-perc-risen,clean-energy-ev,TH,seed_derived,1
20260730_04,286,solar-panel-400w-bifacial-longi,clean-energy-ev,CN,seed_derived,1
20260730_04,286,solar-panel-400w-bifacial-longi,clean-energy-ev,SG,seed_derived,1
20260730_04,286,solar-panel-400w-bifacial-longi,clean-energy-ev,TH,seed_derived,1
20260730_04,287,victron-mppt-10050-charge-controller,clean-energy-ev,CN,seed_derived,1
20260730_04,287,victron-mppt-10050-charge-controller,clean-energy-ev,SG,seed_derived,1
20260730_04,287,victron-mppt-10050-charge-controller,clean-energy-ev,TH,seed_derived,1
20260730_04,288,victron-multiplus-ii-48300035-32,clean-energy-ev,CN,seed_derived,1
20260730_04,288,victron-multiplus-ii-48300035-32,clean-energy-ev,SG,seed_derived,1
20260730_04,288,victron-multiplus-ii-48300035-32,clean-energy-ev,TH,seed_derived,1
20260730_04,289,catl-10kwh-lifepo4-home-battery,clean-energy-ev,CN,seed_derived,1
20260730_04,289,catl-10kwh-lifepo4-home-battery,clean-energy-ev,SG,seed_derived,1
20260730_04,289,catl-10kwh-lifepo4-home-battery,clean-energy-ev,TH,seed_derived,1
20260730_04,290,lithium-pack-48v-200ah-lifepo4,clean-energy-ev,CN,seed_derived,1
20260730_04,290,lithium-pack-48v-200ah-lifepo4,clean-energy-ev,SG,seed_derived,1
20260730_04,290,lithium-pack-48v-200ah-lifepo4,clean-energy-ev,TH,seed_derived,1
20260730_04,291,ev-conversion-kit-72v-3000w,clean-energy-ev,CN,seed_derived,1
20260730_04,291,ev-conversion-kit-72v-3000w,clean-energy-ev,SG,seed_derived,1
20260730_04,291,ev-conversion-kit-72v-3000w,clean-energy-ev,TH,seed_derived,1
20260730_04,292,e-bike-rear-hub-motor-kit-1000w,clean-energy-ev,CN,seed_derived,1
20260730_04,292,e-bike-rear-hub-motor-kit-1000w,clean-energy-ev,SG,seed_derived,1
20260730_04,292,e-bike-rear-hub-motor-kit-1000w,clean-energy-ev,TH,seed_derived,1
20260730_04,293,solar-street-light-100w-all-in-one,clean-energy-ev,CN,seed_derived,1
20260730_04,293,solar-street-light-100w-all-in-one,clean-energy-ev,SG,seed_derived,1
20260730_04,293,solar-street-light-100w-all-in-one,clean-energy-ev,TH,seed_derived,1
20260730_04,294,heat-pump-water-heater-200l,clean-energy-ev,CN,seed_derived,1
20260730_04,294,heat-pump-water-heater-200l,clean-energy-ev,SG,seed_derived,1
20260730_04,294,heat-pump-water-heater-200l,clean-energy-ev,TH,seed_derived,1
20260730_04,295,portable-power-station-jackery-1000,clean-energy-ev,CN,seed_derived,1
20260730_04,295,portable-power-station-jackery-1000,clean-energy-ev,SG,seed_derived,1
20260730_04,295,portable-power-station-jackery-1000,clean-energy-ev,TH,seed_derived,1
20260730_04,296,wind-turbine-1kw-24v-horizontal,clean-energy-ev,CN,seed_derived,1
20260730_04,296,wind-turbine-1kw-24v-horizontal,clean-energy-ev,SG,seed_derived,1
20260730_04,296,wind-turbine-1kw-24v-horizontal,clean-energy-ev,TH,seed_derived,1
20260730_04,297,ev-charging-rfid-card-controller,clean-energy-ev,CN,seed_derived,1
20260730_04,297,ev-charging-rfid-card-controller,clean-energy-ev,SG,seed_derived,1
20260730_04,297,ev-charging-rfid-card-controller,clean-energy-ev,TH,seed_derived,1
20260730_04,298,solar-panel-mounting-rail-4m,clean-energy-ev,CN,seed_derived,1
20260730_04,298,solar-panel-mounting-rail-4m,clean-energy-ev,SG,seed_derived,1
20260730_04,298,solar-panel-mounting-rail-4m,clean-energy-ev,TH,seed_derived,1
20260730_04,299,48v-60ah-lifepo4-e-rickshaw-battery,clean-energy-ev,CN,seed_derived,1
20260730_04,299,48v-60ah-lifepo4-e-rickshaw-battery,clean-energy-ev,SG,seed_derived,1
20260730_04,299,48v-60ah-lifepo4-e-rickshaw-battery,clean-energy-ev,TH,seed_derived,1
20260730_04,300,ev-charge-point-ocpp-cloud-manager,clean-energy-ev,CN,seed_derived,1
20260730_04,300,ev-charge-point-ocpp-cloud-manager,clean-energy-ev,SG,seed_derived,1
20260730_04,300,ev-charge-point-ocpp-cloud-manager,clean-energy-ev,TH,seed_derived,1
20260730_04,301,rigol-ds1054z-digital-oscilloscope,scientific-instruments,CN,seed_derived,1
20260730_04,301,rigol-ds1054z-digital-oscilloscope,scientific-instruments,SG,seed_derived,1
20260730_04,301,rigol-ds1054z-digital-oscilloscope,scientific-instruments,TH,seed_derived,1
20260730_04,302,siglent-sdg2042x-function-generator,scientific-instruments,CN,seed_derived,1
20260730_04,302,siglent-sdg2042x-function-generator,scientific-instruments,SG,seed_derived,1
20260730_04,302,siglent-sdg2042x-function-generator,scientific-instruments,TH,seed_derived,1
20260730_04,303,fluke-87v-industrial-multimeter,scientific-instruments,CN,seed_derived,1
20260730_04,303,fluke-87v-industrial-multimeter,scientific-instruments,SG,seed_derived,1
20260730_04,303,fluke-87v-industrial-multimeter,scientific-instruments,TH,seed_derived,1
20260730_04,304,gw-instek-lcr-819-precision-meter,scientific-instruments,CN,seed_derived,1
20260730_04,304,gw-instek-lcr-819-precision-meter,scientific-instruments,SG,seed_derived,1
20260730_04,304,gw-instek-lcr-819-precision-meter,scientific-instruments,TH,seed_derived,1
20260730_04,305,rigol-dsa875-tg-spectrum-analyzer,scientific-instruments,CN,seed_derived,1
20260730_04,305,rigol-dsa875-tg-spectrum-analyzer,scientific-instruments,SG,seed_derived,1
20260730_04,305,rigol-dsa875-tg-spectrum-analyzer,scientific-instruments,TH,seed_derived,1
20260730_04,306,nanovna-f-v2-44ghz-vector-analyzer,scientific-instruments,CN,seed_derived,1
20260730_04,306,nanovna-f-v2-44ghz-vector-analyzer,scientific-instruments,SG,seed_derived,1
20260730_04,306,nanovna-f-v2-44ghz-vector-analyzer,scientific-instruments,TH,seed_derived,1
20260730_04,307,korad-ka3005p-bench-power-supply,scientific-instruments,CN,seed_derived,1
20260730_04,307,korad-ka3005p-bench-power-supply,scientific-instruments,SG,seed_derived,1
20260730_04,307,korad-ka3005p-bench-power-supply,scientific-instruments,TH,seed_derived,1
20260730_04,308,hakko-fx-951-soldering-station,scientific-instruments,CN,seed_derived,1
20260730_04,308,hakko-fx-951-soldering-station,scientific-instruments,SG,seed_derived,1
20260730_04,308,hakko-fx-951-soldering-station,scientific-instruments,TH,seed_derived,1
20260730_04,309,t962a-pcb-reflow-oven-300x320mm,scientific-instruments,CN,seed_derived,1
20260730_04,309,t962a-pcb-reflow-oven-300x320mm,scientific-instruments,SG,seed_derived,1
20260730_04,309,t962a-pcb-reflow-oven-300x320mm,scientific-instruments,TH,seed_derived,1
20260730_04,310,sartorius-me235s-analytical-balance,scientific-instruments,CN,seed_derived,1
20260730_04,310,sartorius-me235s-analytical-balance,scientific-instruments,SG,seed_derived,1
20260730_04,310,sartorius-me235s-analytical-balance,scientific-instruments,TH,seed_derived,1
20260730_04,311,hanna-hi98130-phectds-meter,scientific-instruments,CN,seed_derived,1
20260730_04,311,hanna-hi98130-phectds-meter,scientific-instruments,SG,seed_derived,1
20260730_04,311,hanna-hi98130-phectds-meter,scientific-instruments,TH,seed_derived,1
20260730_04,312,shimadzu-uv-1900i-spectrophotometer,scientific-instruments,CN,seed_derived,1
20260730_04,312,shimadzu-uv-1900i-spectrophotometer,scientific-instruments,SG,seed_derived,1
20260730_04,312,shimadzu-uv-1900i-spectrophotometer,scientific-instruments,TH,seed_derived,1
20260730_04,313,trinocular-microscope-bm2000,scientific-instruments,CN,seed_derived,1
20260730_04,313,trinocular-microscope-bm2000,scientific-instruments,SG,seed_derived,1
20260730_04,313,trinocular-microscope-bm2000,scientific-instruments,TH,seed_derived,1
20260730_04,314,dino-lite-am7515mt8a-digital-microscope,scientific-instruments,CN,seed_derived,1
20260730_04,314,dino-lite-am7515mt8a-digital-microscope,scientific-instruments,SG,seed_derived,1
20260730_04,314,dino-lite-am7515mt8a-digital-microscope,scientific-instruments,TH,seed_derived,1
20260730_04,315,flir-one-pro-ios-thermal-camera,scientific-instruments,CN,seed_derived,1
20260730_04,315,flir-one-pro-ios-thermal-camera,scientific-instruments,SG,seed_derived,1
20260730_04,315,flir-one-pro-ios-thermal-camera,scientific-instruments,TH,seed_derived,1
20260730_04,316,saleae-logic-pro-16-usb-analyzer,scientific-instruments,CN,seed_derived,1
20260730_04,316,saleae-logic-pro-16-usb-analyzer,scientific-instruments,SG,seed_derived,1
20260730_04,316,saleae-logic-pro-16-usb-analyzer,scientific-instruments,TH,seed_derived,1
20260730_04,317,segger-j-link-base-compact,scientific-instruments,CN,seed_derived,1
20260730_04,317,segger-j-link-base-compact,scientific-instruments,SG,seed_derived,1
20260730_04,317,segger-j-link-base-compact,scientific-instruments,TH,seed_derived,1
20260730_04,318,weiss-technik-wk-3-4040-chamber,scientific-instruments,CN,seed_derived,1
20260730_04,318,weiss-technik-wk-3-4040-chamber,scientific-instruments,SG,seed_derived,1
20260730_04,318,weiss-technik-wk-3-4040-chamber,scientific-instruments,TH,seed_derived,1
20260730_04,319,msa-altair-4xr-gas-detector,scientific-instruments,CN,seed_derived,1
20260730_04,319,msa-altair-4xr-gas-detector,scientific-instruments,SG,seed_derived,1
20260730_04,319,msa-altair-4xr-gas-detector,scientific-instruments,TH,seed_derived,1
20260730_04,320,pce-322a-sound-level-meter,scientific-instruments,CN,seed_derived,1
20260730_04,320,pce-322a-sound-level-meter,scientific-instruments,SG,seed_derived,1
20260730_04,320,pce-322a-sound-level-meter,scientific-instruments,TH,seed_derived,1
20260730_04,321,keysight-34461a-bench-multimeter,scientific-instruments,CN,seed_derived,1
20260730_04,321,keysight-34461a-bench-multimeter,scientific-instruments,SG,seed_derived,1
20260730_04,321,keysight-34461a-bench-multimeter,scientific-instruments,TH,seed_derived,1
20260730_04,322,siglent-sds1202x-e-oscilloscope,scientific-instruments,CN,seed_derived,1
20260730_04,322,siglent-sds1202x-e-oscilloscope,scientific-instruments,SG,seed_derived,1
20260730_04,322,siglent-sds1202x-e-oscilloscope,scientific-instruments,TH,seed_derived,1
20260730_04,323,extech-an200-anemometer,scientific-instruments,CN,seed_derived,1
20260730_04,323,extech-an200-anemometer,scientific-instruments,SG,seed_derived,1
20260730_04,323,extech-an200-anemometer,scientific-instruments,TH,seed_derived,1
20260730_04,324,endresshauser-prosonic-m-fmu40,scientific-instruments,CN,seed_derived,1
20260730_04,324,endresshauser-prosonic-m-fmu40,scientific-instruments,SG,seed_derived,1
20260730_04,324,endresshauser-prosonic-m-fmu40,scientific-instruments,TH,seed_derived,1
20260730_04,325,rohde-schwarz-rtm3004-oscilloscope,scientific-instruments,CN,seed_derived,1
20260730_04,325,rohde-schwarz-rtm3004-oscilloscope,scientific-instruments,SG,seed_derived,1
20260730_04,325,rohde-schwarz-rtm3004-oscilloscope,scientific-instruments,TH,seed_derived,1
20260730_04,326,bambu-lab-x1-carbon-3d-printer,3d-printing-maker,CN,seed_derived,1
20260730_04,326,bambu-lab-x1-carbon-3d-printer,3d-printing-maker,SG,seed_derived,1
20260730_04,326,bambu-lab-x1-carbon-3d-printer,3d-printing-maker,TH,seed_derived,1
20260730_04,327,creality-k1-max-fdm-3d-printer,3d-printing-maker,CN,seed_derived,1
20260730_04,327,creality-k1-max-fdm-3d-printer,3d-printing-maker,SG,seed_derived,1
20260730_04,327,creality-k1-max-fdm-3d-printer,3d-printing-maker,TH,seed_derived,1
20260730_04,328,elegoo-saturn-3-ultra-msla-printer,3d-printing-maker,CN,seed_derived,1
20260730_04,328,elegoo-saturn-3-ultra-msla-printer,3d-printing-maker,SG,seed_derived,1
20260730_04,328,elegoo-saturn-3-ultra-msla-printer,3d-printing-maker,TH,seed_derived,1
20260730_04,329,prusa-mk4-3d-printer-kit,3d-printing-maker,CN,seed_derived,1
20260730_04,329,prusa-mk4-3d-printer-kit,3d-printing-maker,SG,seed_derived,1
20260730_04,329,prusa-mk4-3d-printer-kit,3d-printing-maker,TH,seed_derived,1
20260730_04,330,bambu-lab-p1s-3d-printer,3d-printing-maker,CN,seed_derived,1
20260730_04,330,bambu-lab-p1s-3d-printer,3d-printing-maker,SG,seed_derived,1
20260730_04,330,bambu-lab-p1s-3d-printer,3d-printing-maker,TH,seed_derived,1
20260730_04,331,ankermake-m5c-3d-printer,3d-printing-maker,CN,seed_derived,1
20260730_04,331,ankermake-m5c-3d-printer,3d-printing-maker,SG,seed_derived,1
20260730_04,331,ankermake-m5c-3d-printer,3d-printing-maker,TH,seed_derived,1
20260730_04,332,formlabs-form-3l-sla-printer,3d-printing-maker,CN,seed_derived,1
20260730_04,332,formlabs-form-3l-sla-printer,3d-printing-maker,SG,seed_derived,1
20260730_04,332,formlabs-form-3l-sla-printer,3d-printing-maker,TH,seed_derived,1
20260730_04,333,bambu-lab-ams-multi-filament-unit,3d-printing-maker,CN,seed_derived,1
20260730_04,333,bambu-lab-ams-multi-filament-unit,3d-printing-maker,SG,seed_derived,1
20260730_04,333,bambu-lab-ams-multi-filament-unit,3d-printing-maker,TH,seed_derived,1
20260730_04,334,raspberry-pi-5-8gb-ram,3d-printing-maker,CN,seed_derived,1
20260730_04,334,raspberry-pi-5-8gb-ram,3d-printing-maker,SG,seed_derived,1
20260730_04,334,raspberry-pi-5-8gb-ram,3d-printing-maker,TH,seed_derived,1
20260730_04,335,nvidia-jetson-orin-nano-8gb,3d-printing-maker,CN,seed_derived,1
20260730_04,335,nvidia-jetson-orin-nano-8gb,3d-printing-maker,SG,seed_derived,1
20260730_04,335,nvidia-jetson-orin-nano-8gb,3d-printing-maker,TH,seed_derived,1
20260730_04,336,nvidia-jetson-nano-4gb-developer-kit,3d-printing-maker,CN,seed_derived,1
20260730_04,336,nvidia-jetson-nano-4gb-developer-kit,3d-printing-maker,SG,seed_derived,1
20260730_04,336,nvidia-jetson-nano-4gb-developer-kit,3d-printing-maker,TH,seed_derived,1
20260730_04,337,arduino-mega-2560-r3-official,3d-printing-maker,CN,seed_derived,1
20260730_04,337,arduino-mega-2560-r3-official,3d-printing-maker,SG,seed_derived,1
20260730_04,337,arduino-mega-2560-r3-official,3d-printing-maker,TH,seed_derived,1
20260730_04,338,raspberry-pi-pico-2-w,3d-printing-maker,CN,seed_derived,1
20260730_04,338,raspberry-pi-pico-2-w,3d-printing-maker,SG,seed_derived,1
20260730_04,338,raspberry-pi-pico-2-w,3d-printing-maker,TH,seed_derived,1
20260730_04,339,xtool-d1-pro-20w-laser-engraver,3d-printing-maker,CN,seed_derived,1
20260730_04,339,xtool-d1-pro-20w-laser-engraver,3d-printing-maker,SG,seed_derived,1
20260730_04,339,xtool-d1-pro-20w-laser-engraver,3d-printing-maker,TH,seed_derived,1
20260730_04,340,cnc-3018-pro-max-router-grbl,3d-printing-maker,CN,seed_derived,1
20260730_04,340,cnc-3018-pro-max-router-grbl,3d-printing-maker,SG,seed_derived,1
20260730_04,340,cnc-3018-pro-max-router-grbl,3d-printing-maker,TH,seed_derived,1
20260730_04,341,pla-filament-3kg-bundle-bambu,3d-printing-maker,CN,seed_derived,1
20260730_04,341,pla-filament-3kg-bundle-bambu,3d-printing-maker,SG,seed_derived,1
20260730_04,341,pla-filament-3kg-bundle-bambu,3d-printing-maker,TH,seed_derived,1
20260730_04,342,petg-carbon-fiber-filament-1kg,3d-printing-maker,CN,seed_derived,1
20260730_04,342,petg-carbon-fiber-filament-1kg,3d-printing-maker,SG,seed_derived,1
20260730_04,342,petg-carbon-fiber-filament-1kg,3d-printing-maker,TH,seed_derived,1
20260730_04,343,tpu-95a-flexible-filament-1kg,3d-printing-maker,CN,seed_derived,1
20260730_04,343,tpu-95a-flexible-filament-1kg,3d-printing-maker,SG,seed_derived,1
20260730_04,343,tpu-95a-flexible-filament-1kg,3d-printing-maker,TH,seed_derived,1
20260730_04,344,elegoo-405nm-abs-like-uv-resin-1l,3d-printing-maker,CN,seed_derived,1
20260730_04,344,elegoo-405nm-abs-like-uv-resin-1l,3d-printing-maker,SG,seed_derived,1
20260730_04,344,elegoo-405nm-abs-like-uv-resin-1l,3d-printing-maker,TH,seed_derived,1
20260730_04,345,google-coral-usb-accelerator-tpu,3d-printing-maker,CN,seed_derived,1
20260730_04,345,google-coral-usb-accelerator-tpu,3d-printing-maker,SG,seed_derived,1
20260730_04,345,google-coral-usb-accelerator-tpu,3d-printing-maker,TH,seed_derived,1
20260730_04,346,intel-realsense-d435i-depth-camera,3d-printing-maker,CN,seed_derived,1
20260730_04,346,intel-realsense-d435i-depth-camera,3d-printing-maker,SG,seed_derived,1
20260730_04,346,intel-realsense-d435i-depth-camera,3d-printing-maker,TH,seed_derived,1
20260730_04,347,luxonis-oak-d-lite-spatial-camera,3d-printing-maker,CN,seed_derived,1
20260730_04,347,luxonis-oak-d-lite-spatial-camera,3d-printing-maker,SG,seed_derived,1
20260730_04,347,luxonis-oak-d-lite-spatial-camera,3d-printing-maker,TH,seed_derived,1
20260730_04,348,creality-ender-3-v3-ke-3d-printer,3d-printing-maker,CN,seed_derived,1
20260730_04,348,creality-ender-3-v3-ke-3d-printer,3d-printing-maker,SG,seed_derived,1
20260730_04,348,creality-ender-3-v3-ke-3d-printer,3d-printing-maker,TH,seed_derived,1
20260730_04,349,esp32-s3-dev-kit-n16r8,3d-printing-maker,CN,seed_derived,1
20260730_04,349,esp32-s3-dev-kit-n16r8,3d-printing-maker,SG,seed_derived,1
20260730_04,349,esp32-s3-dev-kit-n16r8,3d-printing-maker,TH,seed_derived,1
20260730_04,350,jetson-xavier-nx-16gb-module,3d-printing-maker,CN,seed_derived,1
20260730_04,350,jetson-xavier-nx-16gb-module,3d-printing-maker,SG,seed_derived,1
20260730_04,350,jetson-xavier-nx-16gb-module,3d-printing-maker,TH,seed_derived,1
20260730_04,351,digital-clinical-thermometer,medical-products-accessories,CN,seed_derived,1
20260730_04,351,digital-clinical-thermometer,medical-products-accessories,IN,seed_derived,1
20260730_04,351,digital-clinical-thermometer,medical-products-accessories,SG,seed_derived,1
20260730_04,352,infrared-forehead-thermometer,medical-products-accessories,CN,seed_derived,1
20260730_04,352,infrared-forehead-thermometer,medical-products-accessories,IN,seed_derived,1
20260730_04,352,infrared-forehead-thermometer,medical-products-accessories,SG,seed_derived,1
20260730_04,353,fingertip-pulse-oximeter,medical-products-accessories,CN,seed_derived,1
20260730_04,353,fingertip-pulse-oximeter,medical-products-accessories,IN,seed_derived,1
20260730_04,353,fingertip-pulse-oximeter,medical-products-accessories,SG,seed_derived,1
20260730_04,354,automatic-blood-pressure-monitor,medical-products-accessories,CN,seed_derived,1
20260730_04,354,automatic-blood-pressure-monitor,medical-products-accessories,IN,seed_derived,1
20260730_04,354,automatic-blood-pressure-monitor,medical-products-accessories,SG,seed_derived,1
20260730_04,355,aneroid-blood-pressure-kit,medical-products-accessories,CN,seed_derived,1
20260730_04,355,aneroid-blood-pressure-kit,medical-products-accessories,IN,seed_derived,1
20260730_04,355,aneroid-blood-pressure-kit,medical-products-accessories,SG,seed_derived,1
20260730_04,356,dual-head-stethoscope,medical-products-accessories,CN,seed_derived,1
20260730_04,356,dual-head-stethoscope,medical-products-accessories,IN,seed_derived,1
20260730_04,356,dual-head-stethoscope,medical-products-accessories,SG,seed_derived,1
20260730_04,357,blood-glucose-monitoring-kit,medical-products-accessories,CN,seed_derived,1
20260730_04,357,blood-glucose-monitoring-kit,medical-products-accessories,IN,seed_derived,1
20260730_04,357,blood-glucose-monitoring-kit,medical-products-accessories,SG,seed_derived,1
20260730_04,358,glucose-test-strip-pack,medical-products-accessories,CN,seed_derived,1
20260730_04,358,glucose-test-strip-pack,medical-products-accessories,IN,seed_derived,1
20260730_04,358,glucose-test-strip-pack,medical-products-accessories,SG,seed_derived,1
20260730_04,359,portable-compressor-nebulizer,medical-products-accessories,CN,seed_derived,1
20260730_04,359,portable-compressor-nebulizer,medical-products-accessories,IN,seed_derived,1
20260730_04,359,portable-compressor-nebulizer,medical-products-accessories,SG,seed_derived,1
20260730_04,360,personal-steam-inhaler,medical-products-accessories,CN,seed_derived,1
20260730_04,360,personal-steam-inhaler,medical-products-accessories,IN,seed_derived,1
20260730_04,360,personal-steam-inhaler,medical-products-accessories,SG,seed_derived,1
20260730_04,361,comprehensive-first-aid-kit,medical-products-accessories,CN,seed_derived,1
20260730_04,361,comprehensive-first-aid-kit,medical-products-accessories,IN,seed_derived,1
20260730_04,361,comprehensive-first-aid-kit,medical-products-accessories,SG,seed_derived,1
20260730_04,362,cotton-bandage-roll,medical-products-accessories,CN,seed_derived,1
20260730_04,362,cotton-bandage-roll,medical-products-accessories,IN,seed_derived,1
20260730_04,362,cotton-bandage-roll,medical-products-accessories,SG,seed_derived,1
20260730_04,363,adhesive-bandage-assortment,medical-products-accessories,CN,seed_derived,1
20260730_04,363,adhesive-bandage-assortment,medical-products-accessories,IN,seed_derived,1
20260730_04,363,adhesive-bandage-assortment,medical-products-accessories,SG,seed_derived,1
20260730_04,364,sterile-gauze-pad-pack,medical-products-accessories,CN,seed_derived,1
20260730_04,364,sterile-gauze-pad-pack,medical-products-accessories,IN,seed_derived,1
20260730_04,364,sterile-gauze-pad-pack,medical-products-accessories,SG,seed_derived,1
20260730_04,365,medical-adhesive-tape,medical-products-accessories,CN,seed_derived,1
20260730_04,365,medical-adhesive-tape,medical-products-accessories,IN,seed_derived,1
20260730_04,365,medical-adhesive-tape,medical-products-accessories,SG,seed_derived,1
20260730_04,366,elastic-crepe-bandage,medical-products-accessories,CN,seed_derived,1
20260730_04,366,elastic-crepe-bandage,medical-products-accessories,IN,seed_derived,1
20260730_04,366,elastic-crepe-bandage,medical-products-accessories,SG,seed_derived,1
20260730_04,367,adjustable-knee-support,medical-products-accessories,CN,seed_derived,1
20260730_04,367,adjustable-knee-support,medical-products-accessories,IN,seed_derived,1
20260730_04,367,adjustable-knee-support,medical-products-accessories,SG,seed_derived,1
20260730_04,368,compression-ankle-support,medical-products-accessories,CN,seed_derived,1
20260730_04,368,compression-ankle-support,medical-products-accessories,IN,seed_derived,1
20260730_04,368,compression-ankle-support,medical-products-accessories,SG,seed_derived,1
20260730_04,369,wrist-support-brace,medical-products-accessories,CN,seed_derived,1
20260730_04,369,wrist-support-brace,medical-products-accessories,IN,seed_derived,1
20260730_04,369,wrist-support-brace,medical-products-accessories,SG,seed_derived,1
20260730_04,370,lumbar-support-belt,medical-products-accessories,CN,seed_derived,1
20260730_04,370,lumbar-support-belt,medical-products-accessories,IN,seed_derived,1
20260730_04,370,lumbar-support-belt,medical-products-accessories,SG,seed_derived,1
20260730_04,371,soft-cervical-collar,medical-products-accessories,CN,seed_derived,1
20260730_04,371,soft-cervical-collar,medical-products-accessories,IN,seed_derived,1
20260730_04,371,soft-cervical-collar,medical-products-accessories,SG,seed_derived,1
20260730_04,372,adjustable-arm-sling,medical-products-accessories,CN,seed_derived,1
20260730_04,372,adjustable-arm-sling,medical-products-accessories,IN,seed_derived,1
20260730_04,372,adjustable-arm-sling,medical-products-accessories,SG,seed_derived,1
20260730_04,373,aluminum-underarm-crutches,medical-products-accessories,CN,seed_derived,1
20260730_04,373,aluminum-underarm-crutches,medical-products-accessories,IN,seed_derived,1
20260730_04,373,aluminum-underarm-crutches,medical-products-accessories,SG,seed_derived,1
20260730_04,374,height-adjustable-walking-cane,medical-products-accessories,CN,seed_derived,1
20260730_04,374,height-adjustable-walking-cane,medical-products-accessories,IN,seed_derived,1
20260730_04,374,height-adjustable-walking-cane,medical-products-accessories,SG,seed_derived,1
20260730_04,375,foldable-walking-frame,medical-products-accessories,CN,seed_derived,1
20260730_04,375,foldable-walking-frame,medical-products-accessories,IN,seed_derived,1
20260730_04,375,foldable-walking-frame,medical-products-accessories,SG,seed_derived,1
20260730_04,376,lightweight-manual-wheelchair,medical-products-accessories,CN,seed_derived,1
20260730_04,376,lightweight-manual-wheelchair,medical-products-accessories,IN,seed_derived,1
20260730_04,376,lightweight-manual-wheelchair,medical-products-accessories,SG,seed_derived,1
20260730_04,377,adjustable-shower-chair,medical-products-accessories,CN,seed_derived,1
20260730_04,377,adjustable-shower-chair,medical-products-accessories,IN,seed_derived,1
20260730_04,377,adjustable-shower-chair,medical-products-accessories,SG,seed_derived,1
20260730_04,378,portable-commode-chair,medical-products-accessories,CN,seed_derived,1
20260730_04,378,portable-commode-chair,medical-products-accessories,IN,seed_derived,1
20260730_04,378,portable-commode-chair,medical-products-accessories,SG,seed_derived,1
20260730_04,379,safety-bed-rail,medical-products-accessories,CN,seed_derived,1
20260730_04,379,safety-bed-rail,medical-products-accessories,IN,seed_derived,1
20260730_04,379,safety-bed-rail,medical-products-accessories,SG,seed_derived,1
20260730_04,380,anti-decubitus-air-mattress,medical-products-accessories,CN,seed_derived,1
20260730_04,380,anti-decubitus-air-mattress,medical-products-accessories,IN,seed_derived,1
20260730_04,380,anti-decubitus-air-mattress,medical-products-accessories,SG,seed_derived,1
20260730_04,381,reusable-hot-and-cold-pack,medical-products-accessories,CN,seed_derived,1
20260730_04,381,reusable-hot-and-cold-pack,medical-products-accessories,IN,seed_derived,1
20260730_04,381,reusable-hot-and-cold-pack,medical-products-accessories,SG,seed_derived,1
20260730_04,382,electric-heating-pad,medical-products-accessories,CN,seed_derived,1
20260730_04,382,electric-heating-pad,medical-products-accessories,IN,seed_derived,1
20260730_04,382,electric-heating-pad,medical-products-accessories,SG,seed_derived,1
20260730_04,383,reusable-ice-bag,medical-products-accessories,CN,seed_derived,1
20260730_04,383,reusable-ice-bag,medical-products-accessories,IN,seed_derived,1
20260730_04,383,reusable-ice-bag,medical-products-accessories,SG,seed_derived,1
20260730_04,384,disposable-adult-face-mask,medical-products-accessories,CN,seed_derived,1
20260730_04,384,disposable-adult-face-mask,medical-products-accessories,IN,seed_derived,1
20260730_04,384,disposable-adult-face-mask,medical-products-accessories,SG,seed_derived,1
20260730_04,385,disposable-child-face-mask,medical-products-accessories,CN,seed_derived,1
20260730_04,385,disposable-child-face-mask,medical-products-accessories,IN,seed_derived,1
20260730_04,385,disposable-child-face-mask,medical-products-accessories,SG,seed_derived,1
20260730_04,386,protective-face-shield,medical-products-accessories,CN,seed_derived,1
20260730_04,386,protective-face-shield,medical-products-accessories,IN,seed_derived,1
20260730_04,386,protective-face-shield,medical-products-accessories,SG,seed_derived,1
20260730_04,387,nitrile-examination-gloves,medical-products-accessories,CN,seed_derived,1
20260730_04,387,nitrile-examination-gloves,medical-products-accessories,IN,seed_derived,1
20260730_04,387,nitrile-examination-gloves,medical-products-accessories,SG,seed_derived,1
20260730_04,388,latex-examination-gloves,medical-products-accessories,CN,seed_derived,1
20260730_04,388,latex-examination-gloves,medical-products-accessories,IN,seed_derived,1
20260730_04,388,latex-examination-gloves,medical-products-accessories,SG,seed_derived,1
20260730_04,389,touchless-sanitizer-dispenser,medical-products-accessories,CN,seed_derived,1
20260730_04,389,touchless-sanitizer-dispenser,medical-products-accessories,IN,seed_derived,1
20260730_04,389,touchless-sanitizer-dispenser,medical-products-accessories,SG,seed_derived,1
20260730_04,390,weekly-pill-organizer,medical-products-accessories,CN,seed_derived,1
20260730_04,390,weekly-pill-organizer,medical-products-accessories,IN,seed_derived,1
20260730_04,390,weekly-pill-organizer,medical-products-accessories,SG,seed_derived,1
20260730_04,391,lockable-medicine-storage-box,medical-products-accessories,CN,seed_derived,1
20260730_04,391,lockable-medicine-storage-box,medical-products-accessories,IN,seed_derived,1
20260730_04,391,lockable-medicine-storage-box,medical-products-accessories,SG,seed_derived,1
20260730_04,392,tablet-cutter,medical-products-accessories,CN,seed_derived,1
20260730_04,392,tablet-cutter,medical-products-accessories,IN,seed_derived,1
20260730_04,392,tablet-cutter,medical-products-accessories,SG,seed_derived,1
20260730_04,393,tablet-crusher,medical-products-accessories,CN,seed_derived,1
20260730_04,393,tablet-crusher,medical-products-accessories,IN,seed_derived,1
20260730_04,393,tablet-crusher,medical-products-accessories,SG,seed_derived,1
20260730_04,394,hearing-aid-battery-pack,medical-products-accessories,CN,seed_derived,1
20260730_04,394,hearing-aid-battery-pack,medical-products-accessories,IN,seed_derived,1
20260730_04,394,hearing-aid-battery-pack,medical-products-accessories,SG,seed_derived,1
20260730_04,395,thermometer-probe-cover-pack,medical-products-accessories,CN,seed_derived,1
20260730_04,395,thermometer-probe-cover-pack,medical-products-accessories,IN,seed_derived,1
20260730_04,395,thermometer-probe-cover-pack,medical-products-accessories,SG,seed_derived,1
20260730_04,396,manual-nasal-aspirator,medical-products-accessories,CN,seed_derived,1
20260730_04,396,manual-nasal-aspirator,medical-products-accessories,IN,seed_derived,1
20260730_04,396,manual-nasal-aspirator,medical-products-accessories,SG,seed_derived,1
20260730_04,397,digital-baby-weighing-scale,medical-products-accessories,CN,seed_derived,1
20260730_04,397,digital-baby-weighing-scale,medical-products-accessories,IN,seed_derived,1
20260730_04,397,digital-baby-weighing-scale,medical-products-accessories,SG,seed_derived,1
20260730_04,398,digital-body-weight-scale,medical-products-accessories,CN,seed_derived,1
20260730_04,398,digital-body-weight-scale,medical-products-accessories,IN,seed_derived,1
20260730_04,398,digital-body-weight-scale,medical-products-accessories,SG,seed_derived,1
20260730_04,399,medical-measuring-tape,medical-products-accessories,CN,seed_derived,1
20260730_04,399,medical-measuring-tape,medical-products-accessories,IN,seed_derived,1
20260730_04,399,medical-measuring-tape,medical-products-accessories,SG,seed_derived,1
20260730_04,400,reusable-diagnostic-penlight,medical-products-accessories,CN,seed_derived,1
20260730_04,400,reusable-diagnostic-penlight,medical-products-accessories,IN,seed_derived,1
20260730_04,400,reusable-diagnostic-penlight,medical-products-accessories,SG,seed_derived,1
20260730_04,401,neurological-reflex-hammer,medical-products-accessories,CN,seed_derived,1
20260730_04,401,neurological-reflex-hammer,medical-products-accessories,IN,seed_derived,1
20260730_04,401,neurological-reflex-hammer,medical-products-accessories,SG,seed_derived,1
20260730_04,402,medical-tuning-fork-set,medical-products-accessories,CN,seed_derived,1
20260730_04,402,medical-tuning-fork-set,medical-products-accessories,IN,seed_derived,1
20260730_04,402,medical-tuning-fork-set,medical-products-accessories,SG,seed_derived,1
20260730_04,403,portable-otoscope-set,medical-products-accessories,CN,seed_derived,1
20260730_04,403,portable-otoscope-set,medical-products-accessories,IN,seed_derived,1
20260730_04,403,portable-otoscope-set,medical-products-accessories,SG,seed_derived,1
20260730_04,404,portable-ophthalmoscope-set,medical-products-accessories,CN,seed_derived,1
20260730_04,404,portable-ophthalmoscope-set,medical-products-accessories,IN,seed_derived,1
20260730_04,404,portable-ophthalmoscope-set,medical-products-accessories,SG,seed_derived,1
20260730_04,405,led-examination-light,medical-products-accessories,CN,seed_derived,1
20260730_04,405,led-examination-light,medical-products-accessories,IN,seed_derived,1
20260730_04,405,led-examination-light,medical-products-accessories,SG,seed_derived,1
20260730_04,406,portable-suction-machine,medical-products-accessories,CN,seed_derived,1
20260730_04,406,portable-suction-machine,medical-products-accessories,IN,seed_derived,1
20260730_04,406,portable-suction-machine,medical-products-accessories,SG,seed_derived,1
20260730_04,407,oxygen-mask-kit,medical-products-accessories,CN,seed_derived,1
20260730_04,407,oxygen-mask-kit,medical-products-accessories,IN,seed_derived,1
20260730_04,407,oxygen-mask-kit,medical-products-accessories,SG,seed_derived,1
20260730_04,408,oxygen-nasal-cannula,medical-products-accessories,CN,seed_derived,1
20260730_04,408,oxygen-nasal-cannula,medical-products-accessories,IN,seed_derived,1
20260730_04,408,oxygen-nasal-cannula,medical-products-accessories,SG,seed_derived,1
20260730_04,409,handheld-incentive-spirometer,medical-products-accessories,CN,seed_derived,1
20260730_04,409,handheld-incentive-spirometer,medical-products-accessories,IN,seed_derived,1
20260730_04,409,handheld-incentive-spirometer,medical-products-accessories,SG,seed_derived,1
20260730_04,410,peak-flow-meter,medical-products-accessories,CN,seed_derived,1
20260730_04,410,peak-flow-meter,medical-products-accessories,IN,seed_derived,1
20260730_04,410,peak-flow-meter,medical-products-accessories,SG,seed_derived,1
20260730_04,411,gold-cable-chain-necklace,jewelry-gems-precious-metals,CN,seed_derived,1
20260730_04,411,gold-cable-chain-necklace,jewelry-gems-precious-metals,IN,seed_derived,1
20260730_04,411,gold-cable-chain-necklace,jewelry-gems-precious-metals,SG,seed_derived,1
20260730_04,412,gold-figaro-chain-necklace,jewelry-gems-precious-metals,CN,seed_derived,1
20260730_04,412,gold-figaro-chain-necklace,jewelry-gems-precious-metals,IN,seed_derived,1
20260730_04,412,gold-figaro-chain-necklace,jewelry-gems-precious-metals,SG,seed_derived,1
20260730_04,413,gold-rope-chain-necklace,jewelry-gems-precious-metals,CN,seed_derived,1
20260730_04,413,gold-rope-chain-necklace,jewelry-gems-precious-metals,IN,seed_derived,1
20260730_04,413,gold-rope-chain-necklace,jewelry-gems-precious-metals,SG,seed_derived,1
20260730_04,414,gold-pendant-necklace,jewelry-gems-precious-metals,CN,seed_derived,1
20260730_04,414,gold-pendant-necklace,jewelry-gems-precious-metals,IN,seed_derived,1
20260730_04,414,gold-pendant-necklace,jewelry-gems-precious-metals,SG,seed_derived,1
20260730_04,415,gold-link-bracelet,jewelry-gems-precious-metals,CN,seed_derived,1
20260730_04,415,gold-link-bracelet,jewelry-gems-precious-metals,IN,seed_derived,1
20260730_04,415,gold-link-bracelet,jewelry-gems-precious-metals,SG,seed_derived,1
20260730_04,416,gold-cuff-bracelet,jewelry-gems-precious-metals,CN,seed_derived,1
20260730_04,416,gold-cuff-bracelet,jewelry-gems-precious-metals,IN,seed_derived,1
20260730_04,416,gold-cuff-bracelet,jewelry-gems-precious-metals,SG,seed_derived,1
20260730_04,417,gold-classic-bangle,jewelry-gems-precious-metals,CN,seed_derived,1
20260730_04,417,gold-classic-bangle,jewelry-gems-precious-metals,IN,seed_derived,1
20260730_04,417,gold-classic-bangle,jewelry-gems-precious-metals,SG,seed_derived,1
20260730_04,418,gold-stackable-ring,jewelry-gems-precious-metals,CN,seed_derived,1
20260730_04,418,gold-stackable-ring,jewelry-gems-precious-metals,IN,seed_derived,1
20260730_04,418,gold-stackable-ring,jewelry-gems-precious-metals,SG,seed_derived,1
20260730_04,419,gold-signet-ring,jewelry-gems-precious-metals,CN,seed_derived,1
20260730_04,419,gold-signet-ring,jewelry-gems-precious-metals,IN,seed_derived,1
20260730_04,419,gold-signet-ring,jewelry-gems-precious-metals,SG,seed_derived,1
20260730_04,420,gold-wedding-band,jewelry-gems-precious-metals,CN,seed_derived,1
20260730_04,420,gold-wedding-band,jewelry-gems-precious-metals,IN,seed_derived,1
20260730_04,420,gold-wedding-band,jewelry-gems-precious-metals,SG,seed_derived,1
20260730_04,421,gold-stud-earrings,jewelry-gems-precious-metals,CN,seed_derived,1
20260730_04,421,gold-stud-earrings,jewelry-gems-precious-metals,IN,seed_derived,1
20260730_04,421,gold-stud-earrings,jewelry-gems-precious-metals,SG,seed_derived,1
20260730_04,422,gold-hoop-earrings,jewelry-gems-precious-metals,CN,seed_derived,1
20260730_04,422,gold-hoop-earrings,jewelry-gems-precious-metals,IN,seed_derived,1
20260730_04,422,gold-hoop-earrings,jewelry-gems-precious-metals,SG,seed_derived,1
20260730_04,423,gold-bullion-bar,jewelry-gems-precious-metals,CN,seed_derived,1
20260730_04,423,gold-bullion-bar,jewelry-gems-precious-metals,IN,seed_derived,1
20260730_04,423,gold-bullion-bar,jewelry-gems-precious-metals,SG,seed_derived,1
20260730_04,424,gold-bullion-coin,jewelry-gems-precious-metals,CN,seed_derived,1
20260730_04,424,gold-bullion-coin,jewelry-gems-precious-metals,IN,seed_derived,1
20260730_04,424,gold-bullion-coin,jewelry-gems-precious-metals,SG,seed_derived,1
20260730_04,425,silver-cable-chain-necklace,jewelry-gems-precious-metals,CN,seed_derived,1
20260730_04,425,silver-cable-chain-necklace,jewelry-gems-precious-metals,IN,seed_derived,1
20260730_04,425,silver-cable-chain-necklace,jewelry-gems-precious-metals,SG,seed_derived,1
20260730_04,426,silver-figaro-chain-necklace,jewelry-gems-precious-metals,CN,seed_derived,1
20260730_04,426,silver-figaro-chain-necklace,jewelry-gems-precious-metals,IN,seed_derived,1
20260730_04,426,silver-figaro-chain-necklace,jewelry-gems-precious-metals,SG,seed_derived,1
20260730_04,427,silver-rope-chain-necklace,jewelry-gems-precious-metals,CN,seed_derived,1
20260730_04,427,silver-rope-chain-necklace,jewelry-gems-precious-metals,IN,seed_derived,1
20260730_04,427,silver-rope-chain-necklace,jewelry-gems-precious-metals,SG,seed_derived,1
20260730_04,428,silver-pendant-necklace,jewelry-gems-precious-metals,CN,seed_derived,1
20260730_04,428,silver-pendant-necklace,jewelry-gems-precious-metals,IN,seed_derived,1
20260730_04,428,silver-pendant-necklace,jewelry-gems-precious-metals,SG,seed_derived,1
20260730_04,429,silver-link-bracelet,jewelry-gems-precious-metals,CN,seed_derived,1
20260730_04,429,silver-link-bracelet,jewelry-gems-precious-metals,IN,seed_derived,1
20260730_04,429,silver-link-bracelet,jewelry-gems-precious-metals,SG,seed_derived,1
20260730_04,430,silver-cuff-bracelet,jewelry-gems-precious-metals,CN,seed_derived,1
20260730_04,430,silver-cuff-bracelet,jewelry-gems-precious-metals,IN,seed_derived,1
20260730_04,430,silver-cuff-bracelet,jewelry-gems-precious-metals,SG,seed_derived,1
20260730_04,431,silver-classic-bangle,jewelry-gems-precious-metals,CN,seed_derived,1
20260730_04,431,silver-classic-bangle,jewelry-gems-precious-metals,IN,seed_derived,1
20260730_04,431,silver-classic-bangle,jewelry-gems-precious-metals,SG,seed_derived,1
20260730_04,432,silver-stackable-ring,jewelry-gems-precious-metals,CN,seed_derived,1
20260730_04,432,silver-stackable-ring,jewelry-gems-precious-metals,IN,seed_derived,1
20260730_04,432,silver-stackable-ring,jewelry-gems-precious-metals,SG,seed_derived,1
20260730_04,433,silver-signet-ring,jewelry-gems-precious-metals,CN,seed_derived,1
20260730_04,433,silver-signet-ring,jewelry-gems-precious-metals,IN,seed_derived,1
20260730_04,433,silver-signet-ring,jewelry-gems-precious-metals,SG,seed_derived,1
20260730_04,434,silver-wedding-band,jewelry-gems-precious-metals,CN,seed_derived,1
20260730_04,434,silver-wedding-band,jewelry-gems-precious-metals,IN,seed_derived,1
20260730_04,434,silver-wedding-band,jewelry-gems-precious-metals,SG,seed_derived,1
20260730_04,435,silver-stud-earrings,jewelry-gems-precious-metals,CN,seed_derived,1
20260730_04,435,silver-stud-earrings,jewelry-gems-precious-metals,IN,seed_derived,1
20260730_04,435,silver-stud-earrings,jewelry-gems-precious-metals,SG,seed_derived,1
20260730_04,436,silver-hoop-earrings,jewelry-gems-precious-metals,CN,seed_derived,1
20260730_04,436,silver-hoop-earrings,jewelry-gems-precious-metals,IN,seed_derived,1
20260730_04,436,silver-hoop-earrings,jewelry-gems-precious-metals,SG,seed_derived,1
20260730_04,437,silver-bullion-bar,jewelry-gems-precious-metals,CN,seed_derived,1
20260730_04,437,silver-bullion-bar,jewelry-gems-precious-metals,IN,seed_derived,1
20260730_04,437,silver-bullion-bar,jewelry-gems-precious-metals,SG,seed_derived,1
20260730_04,438,silver-bullion-coin,jewelry-gems-precious-metals,CN,seed_derived,1
20260730_04,438,silver-bullion-coin,jewelry-gems-precious-metals,IN,seed_derived,1
20260730_04,438,silver-bullion-coin,jewelry-gems-precious-metals,SG,seed_derived,1
20260730_04,439,platinum-chain-necklace,jewelry-gems-precious-metals,CN,seed_derived,1
20260730_04,439,platinum-chain-necklace,jewelry-gems-precious-metals,IN,seed_derived,1
20260730_04,439,platinum-chain-necklace,jewelry-gems-precious-metals,SG,seed_derived,1
20260730_04,440,platinum-link-bracelet,jewelry-gems-precious-metals,CN,seed_derived,1
20260730_04,440,platinum-link-bracelet,jewelry-gems-precious-metals,IN,seed_derived,1
20260730_04,440,platinum-link-bracelet,jewelry-gems-precious-metals,SG,seed_derived,1
20260730_04,441,platinum-wedding-band,jewelry-gems-precious-metals,CN,seed_derived,1
20260730_04,441,platinum-wedding-band,jewelry-gems-precious-metals,IN,seed_derived,1
20260730_04,441,platinum-wedding-band,jewelry-gems-precious-metals,SG,seed_derived,1
20260730_04,442,platinum-stud-earrings,jewelry-gems-precious-metals,CN,seed_derived,1
20260730_04,442,platinum-stud-earrings,jewelry-gems-precious-metals,IN,seed_derived,1
20260730_04,442,platinum-stud-earrings,jewelry-gems-precious-metals,SG,seed_derived,1
20260730_04,443,palladium-wedding-band,jewelry-gems-precious-metals,CN,seed_derived,1
20260730_04,443,palladium-wedding-band,jewelry-gems-precious-metals,IN,seed_derived,1
20260730_04,443,palladium-wedding-band,jewelry-gems-precious-metals,SG,seed_derived,1
20260730_04,444,rose-gold-bracelet,jewelry-gems-precious-metals,CN,seed_derived,1
20260730_04,444,rose-gold-bracelet,jewelry-gems-precious-metals,IN,seed_derived,1
20260730_04,444,rose-gold-bracelet,jewelry-gems-precious-metals,SG,seed_derived,1
20260730_04,445,white-gold-pendant-setting,jewelry-gems-precious-metals,CN,seed_derived,1
20260730_04,445,white-gold-pendant-setting,jewelry-gems-precious-metals,IN,seed_derived,1
20260730_04,445,white-gold-pendant-setting,jewelry-gems-precious-metals,SG,seed_derived,1
20260730_04,446,two-tone-gold-ring,jewelry-gems-precious-metals,CN,seed_derived,1
20260730_04,446,two-tone-gold-ring,jewelry-gems-precious-metals,IN,seed_derived,1
20260730_04,446,two-tone-gold-ring,jewelry-gems-precious-metals,SG,seed_derived,1
20260730_04,447,round-cut-diamond-stone,jewelry-gems-precious-metals,CN,seed_derived,1
20260730_04,447,round-cut-diamond-stone,jewelry-gems-precious-metals,IN,seed_derived,1
20260730_04,447,round-cut-diamond-stone,jewelry-gems-precious-metals,SG,seed_derived,1
20260730_04,448,princess-cut-diamond-stone,jewelry-gems-precious-metals,CN,seed_derived,1
20260730_04,448,princess-cut-diamond-stone,jewelry-gems-precious-metals,IN,seed_derived,1
20260730_04,448,princess-cut-diamond-stone,jewelry-gems-precious-metals,SG,seed_derived,1
20260730_04,449,emerald-cut-diamond-stone,jewelry-gems-precious-metals,CN,seed_derived,1
20260730_04,449,emerald-cut-diamond-stone,jewelry-gems-precious-metals,IN,seed_derived,1
20260730_04,449,emerald-cut-diamond-stone,jewelry-gems-precious-metals,SG,seed_derived,1
20260730_04,450,oval-cut-diamond-stone,jewelry-gems-precious-metals,CN,seed_derived,1
20260730_04,450,oval-cut-diamond-stone,jewelry-gems-precious-metals,IN,seed_derived,1
20260730_04,450,oval-cut-diamond-stone,jewelry-gems-precious-metals,SG,seed_derived,1
20260730_04,451,pear-cut-diamond-stone,jewelry-gems-precious-metals,CN,seed_derived,1
20260730_04,451,pear-cut-diamond-stone,jewelry-gems-precious-metals,IN,seed_derived,1
20260730_04,451,pear-cut-diamond-stone,jewelry-gems-precious-metals,SG,seed_derived,1
20260730_04,452,marquise-cut-diamond-stone,jewelry-gems-precious-metals,CN,seed_derived,1
20260730_04,452,marquise-cut-diamond-stone,jewelry-gems-precious-metals,IN,seed_derived,1
20260730_04,452,marquise-cut-diamond-stone,jewelry-gems-precious-metals,SG,seed_derived,1
20260730_04,453,cushion-cut-diamond-stone,jewelry-gems-precious-metals,CN,seed_derived,1
20260730_04,453,cushion-cut-diamond-stone,jewelry-gems-precious-metals,IN,seed_derived,1
20260730_04,453,cushion-cut-diamond-stone,jewelry-gems-precious-metals,SG,seed_derived,1
20260730_04,454,radiant-cut-diamond-stone,jewelry-gems-precious-metals,CN,seed_derived,1
20260730_04,454,radiant-cut-diamond-stone,jewelry-gems-precious-metals,IN,seed_derived,1
20260730_04,454,radiant-cut-diamond-stone,jewelry-gems-precious-metals,SG,seed_derived,1
20260730_04,455,asscher-cut-diamond-stone,jewelry-gems-precious-metals,CN,seed_derived,1
20260730_04,455,asscher-cut-diamond-stone,jewelry-gems-precious-metals,IN,seed_derived,1
20260730_04,455,asscher-cut-diamond-stone,jewelry-gems-precious-metals,SG,seed_derived,1
20260730_04,456,heart-cut-diamond-stone,jewelry-gems-precious-metals,CN,seed_derived,1
20260730_04,456,heart-cut-diamond-stone,jewelry-gems-precious-metals,IN,seed_derived,1
20260730_04,456,heart-cut-diamond-stone,jewelry-gems-precious-metals,SG,seed_derived,1
20260730_04,457,diamond-solitaire-pendant,jewelry-gems-precious-metals,CN,seed_derived,1
20260730_04,457,diamond-solitaire-pendant,jewelry-gems-precious-metals,IN,seed_derived,1
20260730_04,457,diamond-solitaire-pendant,jewelry-gems-precious-metals,SG,seed_derived,1
20260730_04,458,diamond-tennis-bracelet,jewelry-gems-precious-metals,CN,seed_derived,1
20260730_04,458,diamond-tennis-bracelet,jewelry-gems-precious-metals,IN,seed_derived,1
20260730_04,458,diamond-tennis-bracelet,jewelry-gems-precious-metals,SG,seed_derived,1
20260730_04,459,diamond-stud-earrings,jewelry-gems-precious-metals,CN,seed_derived,1
20260730_04,459,diamond-stud-earrings,jewelry-gems-precious-metals,IN,seed_derived,1
20260730_04,459,diamond-stud-earrings,jewelry-gems-precious-metals,SG,seed_derived,1
20260730_04,460,diamond-cluster-ring,jewelry-gems-precious-metals,CN,seed_derived,1
20260730_04,460,diamond-cluster-ring,jewelry-gems-precious-metals,IN,seed_derived,1
20260730_04,460,diamond-cluster-ring,jewelry-gems-precious-metals,SG,seed_derived,1
20260730_04,461,ruby-gemstone,jewelry-gems-precious-metals,CN,seed_derived,1
20260730_04,461,ruby-gemstone,jewelry-gems-precious-metals,IN,seed_derived,1
20260730_04,461,ruby-gemstone,jewelry-gems-precious-metals,SG,seed_derived,1
20260730_04,462,blue-sapphire-gemstone,jewelry-gems-precious-metals,CN,seed_derived,1
20260730_04,462,blue-sapphire-gemstone,jewelry-gems-precious-metals,IN,seed_derived,1
20260730_04,462,blue-sapphire-gemstone,jewelry-gems-precious-metals,SG,seed_derived,1
20260730_04,463,emerald-gemstone,jewelry-gems-precious-metals,CN,seed_derived,1
20260730_04,463,emerald-gemstone,jewelry-gems-precious-metals,IN,seed_derived,1
20260730_04,463,emerald-gemstone,jewelry-gems-precious-metals,SG,seed_derived,1
20260730_04,464,amethyst-gemstone,jewelry-gems-precious-metals,CN,seed_derived,1
20260730_04,464,amethyst-gemstone,jewelry-gems-precious-metals,IN,seed_derived,1
20260730_04,464,amethyst-gemstone,jewelry-gems-precious-metals,SG,seed_derived,1
20260730_04,465,aquamarine-gemstone,jewelry-gems-precious-metals,CN,seed_derived,1
20260730_04,465,aquamarine-gemstone,jewelry-gems-precious-metals,IN,seed_derived,1
20260730_04,465,aquamarine-gemstone,jewelry-gems-precious-metals,SG,seed_derived,1
20260730_04,466,citrine-gemstone,jewelry-gems-precious-metals,CN,seed_derived,1
20260730_04,466,citrine-gemstone,jewelry-gems-precious-metals,IN,seed_derived,1
20260730_04,466,citrine-gemstone,jewelry-gems-precious-metals,SG,seed_derived,1
20260730_04,467,garnet-gemstone,jewelry-gems-precious-metals,CN,seed_derived,1
20260730_04,467,garnet-gemstone,jewelry-gems-precious-metals,IN,seed_derived,1
20260730_04,467,garnet-gemstone,jewelry-gems-precious-metals,SG,seed_derived,1
20260730_04,468,opal-gemstone,jewelry-gems-precious-metals,CN,seed_derived,1
20260730_04,468,opal-gemstone,jewelry-gems-precious-metals,IN,seed_derived,1
20260730_04,468,opal-gemstone,jewelry-gems-precious-metals,SG,seed_derived,1
20260730_04,469,peridot-gemstone,jewelry-gems-precious-metals,CN,seed_derived,1
20260730_04,469,peridot-gemstone,jewelry-gems-precious-metals,IN,seed_derived,1
20260730_04,469,peridot-gemstone,jewelry-gems-precious-metals,SG,seed_derived,1
20260730_04,470,tanzanite-gemstone,jewelry-gems-precious-metals,CN,seed_derived,1
20260730_04,470,tanzanite-gemstone,jewelry-gems-precious-metals,IN,seed_derived,1
20260730_04,470,tanzanite-gemstone,jewelry-gems-precious-metals,SG,seed_derived,1
20260730_04,471,mobile-accessories-adjustable-phone-stand,mobile-accessories,CN,seed_derived,1
20260730_04,471,mobile-accessories-adjustable-phone-stand,mobile-accessories,MY,seed_derived,1
20260730_04,471,mobile-accessories-adjustable-phone-stand,mobile-accessories,VN,seed_derived,1
20260730_04,472,mobile-accessories-magnetic-phone-grip,mobile-accessories,CN,seed_derived,1
20260730_04,472,mobile-accessories-magnetic-phone-grip,mobile-accessories,MY,seed_derived,1
20260730_04,472,mobile-accessories-magnetic-phone-grip,mobile-accessories,VN,seed_derived,1
20260730_04,473,mobile-accessories-shockproof-phone-case,mobile-accessories,CN,seed_derived,1
20260730_04,473,mobile-accessories-shockproof-phone-case,mobile-accessories,MY,seed_derived,1
20260730_04,473,mobile-accessories-shockproof-phone-case,mobile-accessories,VN,seed_derived,1
20260730_04,474,mobile-accessories-tempered-glass-screen-protector,mobile-accessories,CN,seed_derived,1
20260730_04,474,mobile-accessories-tempered-glass-screen-protector,mobile-accessories,MY,seed_derived,1
20260730_04,474,mobile-accessories-tempered-glass-screen-protector,mobile-accessories,VN,seed_derived,1
20260730_04,475,mobile-accessories-usb-c-wall-charger,mobile-accessories,CN,seed_derived,1
20260730_04,475,mobile-accessories-usb-c-wall-charger,mobile-accessories,MY,seed_derived,1
20260730_04,475,mobile-accessories-usb-c-wall-charger,mobile-accessories,VN,seed_derived,1
20260730_04,476,mobile-accessories-usb-c-mobile-data-cable,mobile-accessories,CN,seed_derived,1
20260730_04,476,mobile-accessories-usb-c-mobile-data-cable,mobile-accessories,MY,seed_derived,1
20260730_04,476,mobile-accessories-usb-c-mobile-data-cable,mobile-accessories,VN,seed_derived,1
20260730_04,477,mobile-accessories-eight-pin-mobile-data-cable,mobile-accessories,CN,seed_derived,1
20260730_04,477,mobile-accessories-eight-pin-mobile-data-cable,mobile-accessories,MY,seed_derived,1
20260730_04,477,mobile-accessories-eight-pin-mobile-data-cable,mobile-accessories,VN,seed_derived,1
20260730_04,478,mobile-accessories-braided-multi-connector-cable,mobile-accessories,CN,seed_derived,1
20260730_04,478,mobile-accessories-braided-multi-connector-cable,mobile-accessories,MY,seed_derived,1
20260730_04,478,mobile-accessories-braided-multi-connector-cable,mobile-accessories,VN,seed_derived,1
20260730_04,479,mobile-accessories-waterproof-phone-pouch,mobile-accessories,CN,seed_derived,1
20260730_04,479,mobile-accessories-waterproof-phone-pouch,mobile-accessories,MY,seed_derived,1
20260730_04,479,mobile-accessories-waterproof-phone-pouch,mobile-accessories,VN,seed_derived,1
20260730_04,480,mobile-accessories-car-dashboard-phone-mount,mobile-accessories,CN,seed_derived,1
20260730_04,480,mobile-accessories-car-dashboard-phone-mount,mobile-accessories,MY,seed_derived,1
20260730_04,480,mobile-accessories-car-dashboard-phone-mount,mobile-accessories,VN,seed_derived,1
20260730_04,481,mobile-accessories-bicycle-phone-mount,mobile-accessories,CN,seed_derived,1
20260730_04,481,mobile-accessories-bicycle-phone-mount,mobile-accessories,MY,seed_derived,1
20260730_04,481,mobile-accessories-bicycle-phone-mount,mobile-accessories,VN,seed_derived,1
20260730_04,482,mobile-accessories-mobile-cable-organizer-kit,mobile-accessories,CN,seed_derived,1
20260730_04,482,mobile-accessories-mobile-cable-organizer-kit,mobile-accessories,MY,seed_derived,1
20260730_04,482,mobile-accessories-mobile-cable-organizer-kit,mobile-accessories,VN,seed_derived,1
20260730_04,483,laptop-pc-accessories-adjustable-laptop-stand,laptop-pc-accessories,CN,seed_derived,1
20260730_04,483,laptop-pc-accessories-adjustable-laptop-stand,laptop-pc-accessories,MY,seed_derived,1
20260730_04,483,laptop-pc-accessories-adjustable-laptop-stand,laptop-pc-accessories,SG,seed_derived,1
20260730_04,484,laptop-pc-accessories-padded-laptop-sleeve,laptop-pc-accessories,CN,seed_derived,1
20260730_04,484,laptop-pc-accessories-padded-laptop-sleeve,laptop-pc-accessories,MY,seed_derived,1
20260730_04,484,laptop-pc-accessories-padded-laptop-sleeve,laptop-pc-accessories,SG,seed_derived,1
20260730_04,485,laptop-pc-accessories-1080p-usb-webcam,laptop-pc-accessories,CN,seed_derived,1
20260730_04,485,laptop-pc-accessories-1080p-usb-webcam,laptop-pc-accessories,MY,seed_derived,1
20260730_04,485,laptop-pc-accessories-1080p-usb-webcam,laptop-pc-accessories,SG,seed_derived,1
20260730_04,486,laptop-pc-accessories-wireless-computer-mouse,laptop-pc-accessories,CN,seed_derived,1
20260730_04,486,laptop-pc-accessories-wireless-computer-mouse,laptop-pc-accessories,MY,seed_derived,1
20260730_04,486,laptop-pc-accessories-wireless-computer-mouse,laptop-pc-accessories,SG,seed_derived,1
20260730_04,487,laptop-pc-accessories-compact-usb-keyboard,laptop-pc-accessories,CN,seed_derived,1
20260730_04,487,laptop-pc-accessories-compact-usb-keyboard,laptop-pc-accessories,MY,seed_derived,1
20260730_04,487,laptop-pc-accessories-compact-usb-keyboard,laptop-pc-accessories,SG,seed_derived,1
20260730_04,488,laptop-pc-accessories-usb-c-multiport-hub,laptop-pc-accessories,CN,seed_derived,1
20260730_04,488,laptop-pc-accessories-usb-c-multiport-hub,laptop-pc-accessories,MY,seed_derived,1
20260730_04,488,laptop-pc-accessories-usb-c-multiport-hub,laptop-pc-accessories,SG,seed_derived,1
20260730_04,489,laptop-pc-accessories-usb-mini-condenser-microphone,laptop-pc-accessories,CN,seed_derived,1
20260730_04,489,laptop-pc-accessories-usb-mini-condenser-microphone,laptop-pc-accessories,MY,seed_derived,1
20260730_04,489,laptop-pc-accessories-usb-mini-condenser-microphone,laptop-pc-accessories,SG,seed_derived,1
20260730_04,490,laptop-pc-accessories-foldable-laptop-riser,laptop-pc-accessories,CN,seed_derived,1
20260730_04,490,laptop-pc-accessories-foldable-laptop-riser,laptop-pc-accessories,MY,seed_derived,1
20260730_04,490,laptop-pc-accessories-foldable-laptop-riser,laptop-pc-accessories,SG,seed_derived,1
20260730_04,491,laptop-pc-accessories-webcam-privacy-cover-pack,laptop-pc-accessories,CN,seed_derived,1
20260730_04,491,laptop-pc-accessories-webcam-privacy-cover-pack,laptop-pc-accessories,MY,seed_derived,1
20260730_04,491,laptop-pc-accessories-webcam-privacy-cover-pack,laptop-pc-accessories,SG,seed_derived,1
20260730_04,492,laptop-pc-accessories-desk-cable-management-tray,laptop-pc-accessories,CN,seed_derived,1
20260730_04,492,laptop-pc-accessories-desk-cable-management-tray,laptop-pc-accessories,MY,seed_derived,1
20260730_04,492,laptop-pc-accessories-desk-cable-management-tray,laptop-pc-accessories,SG,seed_derived,1
20260730_04,493,laptop-pc-accessories-extended-desk-mouse-pad,laptop-pc-accessories,CN,seed_derived,1
20260730_04,493,laptop-pc-accessories-extended-desk-mouse-pad,laptop-pc-accessories,MY,seed_derived,1
20260730_04,493,laptop-pc-accessories-extended-desk-mouse-pad,laptop-pc-accessories,SG,seed_derived,1
20260730_04,494,laptop-pc-accessories-laptop-cooling-pad,laptop-pc-accessories,CN,seed_derived,1
20260730_04,494,laptop-pc-accessories-laptop-cooling-pad,laptop-pc-accessories,MY,seed_derived,1
20260730_04,494,laptop-pc-accessories-laptop-cooling-pad,laptop-pc-accessories,SG,seed_derived,1
20260730_04,495,educational-academic-tools-geometry-instrument-set,educational-academic-tools,CN,seed_derived,1
20260730_04,495,educational-academic-tools-geometry-instrument-set,educational-academic-tools,IN,seed_derived,1
20260730_04,495,educational-academic-tools-geometry-instrument-set,educational-academic-tools,MY,seed_derived,1
20260730_04,496,educational-academic-tools-dry-erase-student-lapboard,educational-academic-tools,CN,seed_derived,1
20260730_04,496,educational-academic-tools-dry-erase-student-lapboard,educational-academic-tools,IN,seed_derived,1
20260730_04,496,educational-academic-tools-dry-erase-student-lapboard,educational-academic-tools,MY,seed_derived,1
20260730_04,497,educational-academic-tools-magnetic-letter-learning-set,educational-academic-tools,CN,seed_derived,1
20260730_04,497,educational-academic-tools-magnetic-letter-learning-set,educational-academic-tools,IN,seed_derived,1
20260730_04,497,educational-academic-tools-magnetic-letter-learning-set,educational-academic-tools,MY,seed_derived,1
20260730_04,498,educational-academic-tools-educational-flash-card-set,educational-academic-tools,CN,seed_derived,1
20260730_04,498,educational-academic-tools-educational-flash-card-set,educational-academic-tools,IN,seed_derived,1
20260730_04,498,educational-academic-tools-educational-flash-card-set,educational-academic-tools,MY,seed_derived,1
20260730_04,499,educational-academic-tools-document-reading-stand,educational-academic-tools,CN,seed_derived,1
20260730_04,499,educational-academic-tools-document-reading-stand,educational-academic-tools,IN,seed_derived,1
20260730_04,499,educational-academic-tools-document-reading-stand,educational-academic-tools,MY,seed_derived,1
20260730_04,500,educational-academic-tools-undated-academic-planner,educational-academic-tools,CN,seed_derived,1
20260730_04,500,educational-academic-tools-undated-academic-planner,educational-academic-tools,IN,seed_derived,1
20260730_04,500,educational-academic-tools-undated-academic-planner,educational-academic-tools,MY,seed_derived,1
20260730_04,501,educational-academic-tools-protective-calculator-case,educational-academic-tools,CN,seed_derived,1
20260730_04,501,educational-academic-tools-protective-calculator-case,educational-academic-tools,IN,seed_derived,1
20260730_04,501,educational-academic-tools-protective-calculator-case,educational-academic-tools,MY,seed_derived,1
20260730_04,502,educational-academic-tools-digital-classroom-timer,educational-academic-tools,CN,seed_derived,1
20260730_04,502,educational-academic-tools-digital-classroom-timer,educational-academic-tools,IN,seed_derived,1
20260730_04,502,educational-academic-tools-digital-classroom-timer,educational-academic-tools,MY,seed_derived,1
20260730_04,503,educational-academic-tools-retractable-map-pointer,educational-academic-tools,CN,seed_derived,1
20260730_04,503,educational-academic-tools-retractable-map-pointer,educational-academic-tools,IN,seed_derived,1
20260730_04,503,educational-academic-tools-retractable-map-pointer,educational-academic-tools,MY,seed_derived,1
20260730_04,504,educational-academic-tools-adjustable-book-stand,educational-academic-tools,CN,seed_derived,1
20260730_04,504,educational-academic-tools-adjustable-book-stand,educational-academic-tools,IN,seed_derived,1
20260730_04,504,educational-academic-tools-adjustable-book-stand,educational-academic-tools,MY,seed_derived,1
20260730_04,505,educational-academic-tools-student-mini-microscope,educational-academic-tools,CN,seed_derived,1
20260730_04,505,educational-academic-tools-student-mini-microscope,educational-academic-tools,IN,seed_derived,1
20260730_04,505,educational-academic-tools-student-mini-microscope,educational-academic-tools,MY,seed_derived,1
20260730_04,506,educational-academic-tools-molecular-model-kit,educational-academic-tools,CN,seed_derived,1
20260730_04,506,educational-academic-tools-molecular-model-kit,educational-academic-tools,IN,seed_derived,1
20260730_04,506,educational-academic-tools-molecular-model-kit,educational-academic-tools,MY,seed_derived,1
20260730_04,507,creator-content-tools-desktop-microphone-arm,creator-content-tools,CN,seed_derived,1
20260730_04,507,creator-content-tools-desktop-microphone-arm,creator-content-tools,MY,seed_derived,1
20260730_04,507,creator-content-tools-desktop-microphone-arm,creator-content-tools,SG,seed_derived,1
20260730_04,508,creator-content-tools-tabletop-camera-tripod,creator-content-tools,CN,seed_derived,1
20260730_04,508,creator-content-tools-tabletop-camera-tripod,creator-content-tools,MY,seed_derived,1
20260730_04,508,creator-content-tools-tabletop-camera-tripod,creator-content-tools,SG,seed_derived,1
20260730_04,509,creator-content-tools-smartphone-video-rig,creator-content-tools,CN,seed_derived,1
20260730_04,509,creator-content-tools-smartphone-video-rig,creator-content-tools,MY,seed_derived,1
20260730_04,509,creator-content-tools-smartphone-video-rig,creator-content-tools,SG,seed_derived,1
20260730_04,510,creator-content-tools-foldable-photography-reflector,creator-content-tools,CN,seed_derived,1
20260730_04,510,creator-content-tools-foldable-photography-reflector,creator-content-tools,MY,seed_derived,1
20260730_04,510,creator-content-tools-foldable-photography-reflector,creator-content-tools,SG,seed_derived,1
20260730_04,511,creator-content-tools-photo-backdrop-support-stand,creator-content-tools,CN,seed_derived,1
20260730_04,511,creator-content-tools-photo-backdrop-support-stand,creator-content-tools,MY,seed_derived,1
20260730_04,511,creator-content-tools-photo-backdrop-support-stand,creator-content-tools,SG,seed_derived,1
20260730_04,512,creator-content-tools-green-screen-backdrop-cloth,creator-content-tools,CN,seed_derived,1
20260730_04,512,creator-content-tools-green-screen-backdrop-cloth,creator-content-tools,MY,seed_derived,1
20260730_04,512,creator-content-tools-green-screen-backdrop-cloth,creator-content-tools,SG,seed_derived,1
20260730_04,513,creator-content-tools-camera-cold-shoe-mount,creator-content-tools,CN,seed_derived,1
20260730_04,513,creator-content-tools-camera-cold-shoe-mount,creator-content-tools,MY,seed_derived,1
20260730_04,513,creator-content-tools-camera-cold-shoe-mount,creator-content-tools,SG,seed_derived,1
20260730_04,514,creator-content-tools-teleprompter-phone-bracket,creator-content-tools,CN,seed_derived,1
20260730_04,514,creator-content-tools-teleprompter-phone-bracket,creator-content-tools,MY,seed_derived,1
20260730_04,514,creator-content-tools-teleprompter-phone-bracket,creator-content-tools,SG,seed_derived,1
20260730_04,515,creator-content-tools-led-ring-light-kit,creator-content-tools,CN,seed_derived,1
20260730_04,515,creator-content-tools-led-ring-light-kit,creator-content-tools,MY,seed_derived,1
20260730_04,515,creator-content-tools-led-ring-light-kit,creator-content-tools,SG,seed_derived,1
20260730_04,516,creator-content-tools-clip-on-lavalier-mini-microphone,creator-content-tools,CN,seed_derived,1
20260730_04,516,creator-content-tools-clip-on-lavalier-mini-microphone,creator-content-tools,MY,seed_derived,1
20260730_04,516,creator-content-tools-clip-on-lavalier-mini-microphone,creator-content-tools,SG,seed_derived,1
20260730_04,517,creator-content-tools-adjustable-creator-phone-mount,creator-content-tools,CN,seed_derived,1
20260730_04,517,creator-content-tools-adjustable-creator-phone-mount,creator-content-tools,MY,seed_derived,1
20260730_04,517,creator-content-tools-adjustable-creator-phone-mount,creator-content-tools,SG,seed_derived,1
20260730_04,518,creator-content-tools-portable-light-diffuser,creator-content-tools,CN,seed_derived,1
20260730_04,518,creator-content-tools-portable-light-diffuser,creator-content-tools,MY,seed_derived,1
20260730_04,518,creator-content-tools-portable-light-diffuser,creator-content-tools,SG,seed_derived,1
20260730_04,519,ecommerce-packaging-supplies-poly-mailer-pack,ecommerce-packaging-supplies,CN,seed_derived,1
20260730_04,519,ecommerce-packaging-supplies-poly-mailer-pack,ecommerce-packaging-supplies,TH,seed_derived,1
20260730_04,519,ecommerce-packaging-supplies-poly-mailer-pack,ecommerce-packaging-supplies,VN,seed_derived,1
20260730_04,520,ecommerce-packaging-supplies-corrugated-shipping-box-set,ecommerce-packaging-supplies,CN,seed_derived,1
20260730_04,520,ecommerce-packaging-supplies-corrugated-shipping-box-set,ecommerce-packaging-supplies,TH,seed_derived,1
20260730_04,520,ecommerce-packaging-supplies-corrugated-shipping-box-set,ecommerce-packaging-supplies,VN,seed_derived,1
20260730_04,521,ecommerce-packaging-supplies-padded-mailer-pack,ecommerce-packaging-supplies,CN,seed_derived,1
20260730_04,521,ecommerce-packaging-supplies-padded-mailer-pack,ecommerce-packaging-supplies,TH,seed_derived,1
20260730_04,521,ecommerce-packaging-supplies-padded-mailer-pack,ecommerce-packaging-supplies,VN,seed_derived,1
20260730_04,522,ecommerce-packaging-supplies-paper-void-fill-roll,ecommerce-packaging-supplies,CN,seed_derived,1
20260730_04,522,ecommerce-packaging-supplies-paper-void-fill-roll,ecommerce-packaging-supplies,TH,seed_derived,1
20260730_04,522,ecommerce-packaging-supplies-paper-void-fill-roll,ecommerce-packaging-supplies,VN,seed_derived,1
20260730_04,523,ecommerce-packaging-supplies-honeycomb-wrapping-paper-roll,ecommerce-packaging-supplies,CN,seed_derived,1
20260730_04,523,ecommerce-packaging-supplies-honeycomb-wrapping-paper-roll,ecommerce-packaging-supplies,TH,seed_derived,1
20260730_04,523,ecommerce-packaging-supplies-honeycomb-wrapping-paper-roll,ecommerce-packaging-supplies,VN,seed_derived,1
20260730_04,524,ecommerce-packaging-supplies-kraft-packing-tape-pack,ecommerce-packaging-supplies,CN,seed_derived,1
20260730_04,524,ecommerce-packaging-supplies-kraft-packing-tape-pack,ecommerce-packaging-supplies,TH,seed_derived,1
20260730_04,524,ecommerce-packaging-supplies-kraft-packing-tape-pack,ecommerce-packaging-supplies,VN,seed_derived,1
20260730_04,525,ecommerce-packaging-supplies-tamper-evident-label-roll,ecommerce-packaging-supplies,CN,seed_derived,1
20260730_04,525,ecommerce-packaging-supplies-tamper-evident-label-roll,ecommerce-packaging-supplies,TH,seed_derived,1
20260730_04,525,ecommerce-packaging-supplies-tamper-evident-label-roll,ecommerce-packaging-supplies,VN,seed_derived,1
20260730_04,526,ecommerce-packaging-supplies-thermal-shipping-label-roll,ecommerce-packaging-supplies,CN,seed_derived,1
20260730_04,526,ecommerce-packaging-supplies-thermal-shipping-label-roll,ecommerce-packaging-supplies,TH,seed_derived,1
20260730_04,526,ecommerce-packaging-supplies-thermal-shipping-label-roll,ecommerce-packaging-supplies,VN,seed_derived,1
20260730_04,527,ecommerce-packaging-supplies-packing-slip-envelope-pack,ecommerce-packaging-supplies,CN,seed_derived,1
20260730_04,527,ecommerce-packaging-supplies-packing-slip-envelope-pack,ecommerce-packaging-supplies,TH,seed_derived,1
20260730_04,527,ecommerce-packaging-supplies-packing-slip-envelope-pack,ecommerce-packaging-supplies,VN,seed_derived,1
20260730_04,528,ecommerce-packaging-supplies-reusable-zip-shipping-bag,ecommerce-packaging-supplies,CN,seed_derived,1
20260730_04,528,ecommerce-packaging-supplies-reusable-zip-shipping-bag,ecommerce-packaging-supplies,TH,seed_derived,1
20260730_04,528,ecommerce-packaging-supplies-reusable-zip-shipping-bag,ecommerce-packaging-supplies,VN,seed_derived,1
20260730_04,529,ecommerce-packaging-supplies-cardboard-corner-protector-pack,ecommerce-packaging-supplies,CN,seed_derived,1
20260730_04,529,ecommerce-packaging-supplies-cardboard-corner-protector-pack,ecommerce-packaging-supplies,TH,seed_derived,1
20260730_04,529,ecommerce-packaging-supplies-cardboard-corner-protector-pack,ecommerce-packaging-supplies,VN,seed_derived,1
20260730_04,530,ecommerce-packaging-supplies-barcode-sticker-roll,ecommerce-packaging-supplies,CN,seed_derived,1
20260730_04,530,ecommerce-packaging-supplies-barcode-sticker-roll,ecommerce-packaging-supplies,TH,seed_derived,1
20260730_04,530,ecommerce-packaging-supplies-barcode-sticker-roll,ecommerce-packaging-supplies,VN,seed_derived,1
20260730_04,531,home-organization-storage-stackable-storage-bin,home-organization-storage,CN,seed_derived,1
20260730_04,531,home-organization-storage-stackable-storage-bin,home-organization-storage,TR,seed_derived,1
20260730_04,531,home-organization-storage-stackable-storage-bin,home-organization-storage,VN,seed_derived,1
20260730_04,532,home-organization-storage-under-bed-storage-bag,home-organization-storage,CN,seed_derived,1
20260730_04,532,home-organization-storage-under-bed-storage-bag,home-organization-storage,TR,seed_derived,1
20260730_04,532,home-organization-storage-under-bed-storage-bag,home-organization-storage,VN,seed_derived,1
20260730_04,533,home-organization-storage-adjustable-drawer-divider-set,home-organization-storage,CN,seed_derived,1
20260730_04,533,home-organization-storage-adjustable-drawer-divider-set,home-organization-storage,TR,seed_derived,1
20260730_04,533,home-organization-storage-adjustable-drawer-divider-set,home-organization-storage,VN,seed_derived,1
20260730_04,534,home-organization-storage-closet-shelf-organizer,home-organization-storage,CN,seed_derived,1
20260730_04,534,home-organization-storage-closet-shelf-organizer,home-organization-storage,TR,seed_derived,1
20260730_04,534,home-organization-storage-closet-shelf-organizer,home-organization-storage,VN,seed_derived,1
20260730_04,535,home-organization-storage-hanging-wardrobe-organizer,home-organization-storage,CN,seed_derived,1
20260730_04,535,home-organization-storage-hanging-wardrobe-organizer,home-organization-storage,TR,seed_derived,1
20260730_04,535,home-organization-storage-hanging-wardrobe-organizer,home-organization-storage,VN,seed_derived,1
20260730_04,536,home-organization-storage-foldable-fabric-storage-cube,home-organization-storage,CN,seed_derived,1
20260730_04,536,home-organization-storage-foldable-fabric-storage-cube,home-organization-storage,TR,seed_derived,1
20260730_04,536,home-organization-storage-foldable-fabric-storage-cube,home-organization-storage,VN,seed_derived,1
20260730_04,537,home-organization-storage-cabinet-shelf-riser,home-organization-storage,CN,seed_derived,1
20260730_04,537,home-organization-storage-cabinet-shelf-riser,home-organization-storage,TR,seed_derived,1
20260730_04,537,home-organization-storage-cabinet-shelf-riser,home-organization-storage,VN,seed_derived,1
20260730_04,538,home-organization-storage-clear-shoe-storage-box,home-organization-storage,CN,seed_derived,1
20260730_04,538,home-organization-storage-clear-shoe-storage-box,home-organization-storage,TR,seed_derived,1
20260730_04,538,home-organization-storage-clear-shoe-storage-box,home-organization-storage,VN,seed_derived,1
20260730_04,539,home-organization-storage-cable-storage-box,home-organization-storage,CN,seed_derived,1
20260730_04,539,home-organization-storage-cable-storage-box,home-organization-storage,TR,seed_derived,1
20260730_04,539,home-organization-storage-cable-storage-box,home-organization-storage,VN,seed_derived,1
20260730_04,540,home-organization-storage-bathroom-counter-organizer,home-organization-storage,CN,seed_derived,1
20260730_04,540,home-organization-storage-bathroom-counter-organizer,home-organization-storage,TR,seed_derived,1
20260730_04,540,home-organization-storage-bathroom-counter-organizer,home-organization-storage,VN,seed_derived,1
20260730_04,541,home-organization-storage-vacuum-storage-bag-set,home-organization-storage,CN,seed_derived,1
20260730_04,541,home-organization-storage-vacuum-storage-bag-set,home-organization-storage,TR,seed_derived,1
20260730_04,541,home-organization-storage-vacuum-storage-bag-set,home-organization-storage,VN,seed_derived,1
20260730_04,542,home-organization-storage-rolling-utility-cart,home-organization-storage,CN,seed_derived,1
20260730_04,542,home-organization-storage-rolling-utility-cart,home-organization-storage,TR,seed_derived,1
20260730_04,542,home-organization-storage-rolling-utility-cart,home-organization-storage,VN,seed_derived,1
20260730_04,543,fashion-accessories-faux-leather-belt,fashion-accessories,IN,seed_derived,1
20260730_04,543,fashion-accessories-faux-leather-belt,fashion-accessories,TH,seed_derived,1
20260730_04,543,fashion-accessories-faux-leather-belt,fashion-accessories,TR,seed_derived,1
20260730_04,544,fashion-accessories-woven-fabric-belt,fashion-accessories,IN,seed_derived,1
20260730_04,544,fashion-accessories-woven-fabric-belt,fashion-accessories,TH,seed_derived,1
20260730_04,544,fashion-accessories-woven-fabric-belt,fashion-accessories,TR,seed_derived,1
20260730_04,545,fashion-accessories-casual-crossbody-bag,fashion-accessories,IN,seed_derived,1
20260730_04,545,fashion-accessories-casual-crossbody-bag,fashion-accessories,TH,seed_derived,1
20260730_04,545,fashion-accessories-casual-crossbody-bag,fashion-accessories,TR,seed_derived,1
20260730_04,546,fashion-accessories-cotton-blend-baseball-cap,fashion-accessories,IN,seed_derived,1
20260730_04,546,fashion-accessories-cotton-blend-baseball-cap,fashion-accessories,TH,seed_derived,1
20260730_04,546,fashion-accessories-cotton-blend-baseball-cap,fashion-accessories,TR,seed_derived,1
20260730_04,547,fashion-accessories-unbranded-bucket-hat,fashion-accessories,IN,seed_derived,1
20260730_04,547,fashion-accessories-unbranded-bucket-hat,fashion-accessories,TH,seed_derived,1
20260730_04,547,fashion-accessories-unbranded-bucket-hat,fashion-accessories,TR,seed_derived,1
20260730_04,548,fashion-accessories-hair-claw-clip-set,fashion-accessories,IN,seed_derived,1
20260730_04,548,fashion-accessories-hair-claw-clip-set,fashion-accessories,TH,seed_derived,1
20260730_04,548,fashion-accessories-hair-claw-clip-set,fashion-accessories,TR,seed_derived,1
20260730_04,549,fashion-accessories-fabric-headband-set,fashion-accessories,IN,seed_derived,1
20260730_04,549,fashion-accessories-fabric-headband-set,fashion-accessories,TH,seed_derived,1
20260730_04,549,fashion-accessories-fabric-headband-set,fashion-accessories,TR,seed_derived,1
20260730_04,550,fashion-accessories-non-precious-brooch-set,fashion-accessories,IN,seed_derived,1
20260730_04,550,fashion-accessories-non-precious-brooch-set,fashion-accessories,TH,seed_derived,1
20260730_04,550,fashion-accessories-non-precious-brooch-set,fashion-accessories,TR,seed_derived,1
20260730_04,551,fashion-accessories-costume-jewelry-bracelet,fashion-accessories,IN,seed_derived,1
20260730_04,551,fashion-accessories-costume-jewelry-bracelet,fashion-accessories,TH,seed_derived,1
20260730_04,551,fashion-accessories-costume-jewelry-bracelet,fashion-accessories,TR,seed_derived,1
20260730_04,552,fashion-accessories-sunglasses-storage-case,fashion-accessories,IN,seed_derived,1
20260730_04,552,fashion-accessories-sunglasses-storage-case,fashion-accessories,TH,seed_derived,1
20260730_04,552,fashion-accessories-sunglasses-storage-case,fashion-accessories,TR,seed_derived,1
20260730_04,553,fashion-accessories-unbranded-fashion-wallet,fashion-accessories,IN,seed_derived,1
20260730_04,553,fashion-accessories-unbranded-fashion-wallet,fashion-accessories,TH,seed_derived,1
20260730_04,553,fashion-accessories-unbranded-fashion-wallet,fashion-accessories,TR,seed_derived,1
20260730_04,554,fashion-accessories-school-backpack,fashion-accessories,IN,seed_derived,1
20260730_04,554,fashion-accessories-school-backpack,fashion-accessories,TH,seed_derived,1
20260730_04,554,fashion-accessories-school-backpack,fashion-accessories,TR,seed_derived,1
20260730_04,555,beauty-tools-accessories-makeup-brush-set,beauty-tools-accessories,CN,seed_derived,1
20260730_04,555,beauty-tools-accessories-makeup-brush-set,beauty-tools-accessories,IN,seed_derived,1
20260730_04,555,beauty-tools-accessories-makeup-brush-set,beauty-tools-accessories,TH,seed_derived,1
20260730_04,556,beauty-tools-accessories-cosmetic-sponge-set,beauty-tools-accessories,CN,seed_derived,1
20260730_04,556,beauty-tools-accessories-cosmetic-sponge-set,beauty-tools-accessories,IN,seed_derived,1
20260730_04,556,beauty-tools-accessories-cosmetic-sponge-set,beauty-tools-accessories,TH,seed_derived,1
20260730_04,557,beauty-tools-accessories-eyelash-curler,beauty-tools-accessories,CN,seed_derived,1
20260730_04,557,beauty-tools-accessories-eyelash-curler,beauty-tools-accessories,IN,seed_derived,1
20260730_04,557,beauty-tools-accessories-eyelash-curler,beauty-tools-accessories,TH,seed_derived,1
20260730_04,558,beauty-tools-accessories-precision-tweezers-set,beauty-tools-accessories,CN,seed_derived,1
20260730_04,558,beauty-tools-accessories-precision-tweezers-set,beauty-tools-accessories,IN,seed_derived,1
20260730_04,558,beauty-tools-accessories-precision-tweezers-set,beauty-tools-accessories,TH,seed_derived,1
20260730_04,559,beauty-tools-accessories-manual-facial-cleansing-brush,beauty-tools-accessories,CN,seed_derived,1
20260730_04,559,beauty-tools-accessories-manual-facial-cleansing-brush,beauty-tools-accessories,IN,seed_derived,1
20260730_04,559,beauty-tools-accessories-manual-facial-cleansing-brush,beauty-tools-accessories,TH,seed_derived,1
20260730_04,560,beauty-tools-accessories-hair-sectioning-clip-set,beauty-tools-accessories,CN,seed_derived,1
20260730_04,560,beauty-tools-accessories-hair-sectioning-clip-set,beauty-tools-accessories,IN,seed_derived,1
20260730_04,560,beauty-tools-accessories-hair-sectioning-clip-set,beauty-tools-accessories,TH,seed_derived,1
20260730_04,561,beauty-tools-accessories-manicure-tool-organizer,beauty-tools-accessories,CN,seed_derived,1
20260730_04,561,beauty-tools-accessories-manicure-tool-organizer,beauty-tools-accessories,IN,seed_derived,1
20260730_04,561,beauty-tools-accessories-manicure-tool-organizer,beauty-tools-accessories,TH,seed_derived,1
20260730_04,562,beauty-tools-accessories-nail-file-set,beauty-tools-accessories,CN,seed_derived,1
20260730_04,562,beauty-tools-accessories-nail-file-set,beauty-tools-accessories,IN,seed_derived,1
20260730_04,562,beauty-tools-accessories-nail-file-set,beauty-tools-accessories,TH,seed_derived,1
20260730_04,563,beauty-tools-accessories-scalp-massage-brush,beauty-tools-accessories,CN,seed_derived,1
20260730_04,563,beauty-tools-accessories-scalp-massage-brush,beauty-tools-accessories,IN,seed_derived,1
20260730_04,563,beauty-tools-accessories-scalp-massage-brush,beauty-tools-accessories,TH,seed_derived,1
20260730_04,564,beauty-tools-accessories-refillable-travel-bottle-set,beauty-tools-accessories,CN,seed_derived,1
20260730_04,564,beauty-tools-accessories-refillable-travel-bottle-set,beauty-tools-accessories,IN,seed_derived,1
20260730_04,564,beauty-tools-accessories-refillable-travel-bottle-set,beauty-tools-accessories,TH,seed_derived,1
20260730_04,565,beauty-tools-accessories-compact-vanity-mirror,beauty-tools-accessories,CN,seed_derived,1
20260730_04,565,beauty-tools-accessories-compact-vanity-mirror,beauty-tools-accessories,IN,seed_derived,1
20260730_04,565,beauty-tools-accessories-compact-vanity-mirror,beauty-tools-accessories,TH,seed_derived,1
20260730_04,566,beauty-tools-accessories-cosmetic-organizer-tray,beauty-tools-accessories,CN,seed_derived,1
20260730_04,566,beauty-tools-accessories-cosmetic-organizer-tray,beauty-tools-accessories,IN,seed_derived,1
20260730_04,566,beauty-tools-accessories-cosmetic-organizer-tray,beauty-tools-accessories,TH,seed_derived,1
20260730_04,567,kitchen-utility-tools-silicone-spatula-set,kitchen-utility-tools,CN,seed_derived,1
20260730_04,567,kitchen-utility-tools-silicone-spatula-set,kitchen-utility-tools,IN,seed_derived,1
20260730_04,567,kitchen-utility-tools-silicone-spatula-set,kitchen-utility-tools,TR,seed_derived,1
20260730_04,568,kitchen-utility-tools-measuring-spoon-set,kitchen-utility-tools,CN,seed_derived,1
20260730_04,568,kitchen-utility-tools-measuring-spoon-set,kitchen-utility-tools,IN,seed_derived,1
20260730_04,568,kitchen-utility-tools-measuring-spoon-set,kitchen-utility-tools,TR,seed_derived,1
20260730_04,569,kitchen-utility-tools-insulated-lunch-box,kitchen-utility-tools,CN,seed_derived,1
20260730_04,569,kitchen-utility-tools-insulated-lunch-box,kitchen-utility-tools,IN,seed_derived,1
20260730_04,569,kitchen-utility-tools-insulated-lunch-box,kitchen-utility-tools,TR,seed_derived,1
20260730_04,570,kitchen-utility-tools-vegetable-peeler,kitchen-utility-tools,CN,seed_derived,1
20260730_04,570,kitchen-utility-tools-vegetable-peeler,kitchen-utility-tools,IN,seed_derived,1
20260730_04,570,kitchen-utility-tools-vegetable-peeler,kitchen-utility-tools,TR,seed_derived,1
20260730_04,571,kitchen-utility-tools-fine-mesh-strainer,kitchen-utility-tools,CN,seed_derived,1
20260730_04,571,kitchen-utility-tools-fine-mesh-strainer,kitchen-utility-tools,IN,seed_derived,1
20260730_04,571,kitchen-utility-tools-fine-mesh-strainer,kitchen-utility-tools,TR,seed_derived,1
20260730_04,572,kitchen-utility-tools-collapsible-colander,kitchen-utility-tools,CN,seed_derived,1
20260730_04,572,kitchen-utility-tools-collapsible-colander,kitchen-utility-tools,IN,seed_derived,1
20260730_04,572,kitchen-utility-tools-collapsible-colander,kitchen-utility-tools,TR,seed_derived,1
20260730_04,573,kitchen-utility-tools-cutting-board-set,kitchen-utility-tools,CN,seed_derived,1
20260730_04,573,kitchen-utility-tools-cutting-board-set,kitchen-utility-tools,IN,seed_derived,1
20260730_04,573,kitchen-utility-tools-cutting-board-set,kitchen-utility-tools,TR,seed_derived,1
20260730_04,574,kitchen-utility-tools-food-storage-container-set,kitchen-utility-tools,CN,seed_derived,1
20260730_04,574,kitchen-utility-tools-food-storage-container-set,kitchen-utility-tools,IN,seed_derived,1
20260730_04,574,kitchen-utility-tools-food-storage-container-set,kitchen-utility-tools,TR,seed_derived,1
20260730_04,575,kitchen-utility-tools-spice-jar-organizer,kitchen-utility-tools,CN,seed_derived,1
20260730_04,575,kitchen-utility-tools-spice-jar-organizer,kitchen-utility-tools,IN,seed_derived,1
20260730_04,575,kitchen-utility-tools-spice-jar-organizer,kitchen-utility-tools,TR,seed_derived,1
20260730_04,576,kitchen-utility-tools-kitchen-tongs,kitchen-utility-tools,CN,seed_derived,1
20260730_04,576,kitchen-utility-tools-kitchen-tongs,kitchen-utility-tools,IN,seed_derived,1
20260730_04,576,kitchen-utility-tools-kitchen-tongs,kitchen-utility-tools,TR,seed_derived,1
20260730_04,577,kitchen-utility-tools-manual-citrus-juicer,kitchen-utility-tools,CN,seed_derived,1
20260730_04,577,kitchen-utility-tools-manual-citrus-juicer,kitchen-utility-tools,IN,seed_derived,1
20260730_04,577,kitchen-utility-tools-manual-citrus-juicer,kitchen-utility-tools,TR,seed_derived,1
20260730_04,578,kitchen-utility-tools-dish-drying-rack,kitchen-utility-tools,CN,seed_derived,1
20260730_04,578,kitchen-utility-tools-dish-drying-rack,kitchen-utility-tools,IN,seed_derived,1
20260730_04,578,kitchen-utility-tools-dish-drying-rack,kitchen-utility-tools,TR,seed_derived,1
20260730_04,579,office-desk-accessories-desktop-file-organizer,office-desk-accessories,CN,seed_derived,1
20260730_04,579,office-desk-accessories-desktop-file-organizer,office-desk-accessories,IN,seed_derived,1
20260730_04,579,office-desk-accessories-desktop-file-organizer,office-desk-accessories,MY,seed_derived,1
20260730_04,580,office-desk-accessories-metal-mesh-pen-holder,office-desk-accessories,CN,seed_derived,1
20260730_04,580,office-desk-accessories-metal-mesh-pen-holder,office-desk-accessories,IN,seed_derived,1
20260730_04,580,office-desk-accessories-metal-mesh-pen-holder,office-desk-accessories,MY,seed_derived,1
20260730_04,581,office-desk-accessories-stapler-and-staple-set,office-desk-accessories,CN,seed_derived,1
20260730_04,581,office-desk-accessories-stapler-and-staple-set,office-desk-accessories,IN,seed_derived,1
20260730_04,581,office-desk-accessories-stapler-and-staple-set,office-desk-accessories,MY,seed_derived,1
20260730_04,582,office-desk-accessories-desktop-tape-dispenser,office-desk-accessories,CN,seed_derived,1
20260730_04,582,office-desk-accessories-desktop-tape-dispenser,office-desk-accessories,IN,seed_derived,1
20260730_04,582,office-desk-accessories-desktop-tape-dispenser,office-desk-accessories,MY,seed_derived,1
20260730_04,583,office-desk-accessories-document-letter-tray,office-desk-accessories,CN,seed_derived,1
20260730_04,583,office-desk-accessories-document-letter-tray,office-desk-accessories,IN,seed_derived,1
20260730_04,583,office-desk-accessories-document-letter-tray,office-desk-accessories,MY,seed_derived,1
20260730_04,584,office-desk-accessories-monitor-riser-stand,office-desk-accessories,CN,seed_derived,1
20260730_04,584,office-desk-accessories-monitor-riser-stand,office-desk-accessories,IN,seed_derived,1
20260730_04,584,office-desk-accessories-monitor-riser-stand,office-desk-accessories,MY,seed_derived,1
20260730_04,585,office-desk-accessories-under-desk-cable-tray,office-desk-accessories,CN,seed_derived,1
20260730_04,585,office-desk-accessories-under-desk-cable-tray,office-desk-accessories,IN,seed_derived,1
20260730_04,585,office-desk-accessories-under-desk-cable-tray,office-desk-accessories,MY,seed_derived,1
20260730_04,586,office-desk-accessories-desk-drawer-organizer,office-desk-accessories,CN,seed_derived,1
20260730_04,586,office-desk-accessories-desk-drawer-organizer,office-desk-accessories,IN,seed_derived,1
20260730_04,586,office-desk-accessories-desk-drawer-organizer,office-desk-accessories,MY,seed_derived,1
20260730_04,587,office-desk-accessories-business-card-holder,office-desk-accessories,CN,seed_derived,1
20260730_04,587,office-desk-accessories-business-card-holder,office-desk-accessories,IN,seed_derived,1
20260730_04,587,office-desk-accessories-business-card-holder,office-desk-accessories,MY,seed_derived,1
20260730_04,588,office-desk-accessories-clipboard-set,office-desk-accessories,CN,seed_derived,1
20260730_04,588,office-desk-accessories-clipboard-set,office-desk-accessories,IN,seed_derived,1
20260730_04,588,office-desk-accessories-clipboard-set,office-desk-accessories,MY,seed_derived,1
20260730_04,589,office-desk-accessories-desktop-whiteboard,office-desk-accessories,CN,seed_derived,1
20260730_04,589,office-desk-accessories-desktop-whiteboard,office-desk-accessories,IN,seed_derived,1
20260730_04,589,office-desk-accessories-desktop-whiteboard,office-desk-accessories,MY,seed_derived,1
20260730_04,590,office-desk-accessories-under-desk-footrest,office-desk-accessories,CN,seed_derived,1
20260730_04,590,office-desk-accessories-under-desk-footrest,office-desk-accessories,IN,seed_derived,1
20260730_04,590,office-desk-accessories-under-desk-footrest,office-desk-accessories,MY,seed_derived,1
20260730_04,591,travel-luggage-accessories-packing-cube-set,travel-luggage-accessories,CN,seed_derived,1
20260730_04,591,travel-luggage-accessories-packing-cube-set,travel-luggage-accessories,TR,seed_derived,1
20260730_04,591,travel-luggage-accessories-packing-cube-set,travel-luggage-accessories,VN,seed_derived,1
20260730_04,592,travel-luggage-accessories-luggage-organizer-pouch,travel-luggage-accessories,CN,seed_derived,1
20260730_04,592,travel-luggage-accessories-luggage-organizer-pouch,travel-luggage-accessories,TR,seed_derived,1
20260730_04,592,travel-luggage-accessories-luggage-organizer-pouch,travel-luggage-accessories,VN,seed_derived,1
20260730_04,593,travel-luggage-accessories-travel-document-wallet,travel-luggage-accessories,CN,seed_derived,1
20260730_04,593,travel-luggage-accessories-travel-document-wallet,travel-luggage-accessories,TR,seed_derived,1
20260730_04,593,travel-luggage-accessories-travel-document-wallet,travel-luggage-accessories,VN,seed_derived,1
20260730_04,594,travel-luggage-accessories-unbranded-passport-cover,travel-luggage-accessories,CN,seed_derived,1
20260730_04,594,travel-luggage-accessories-unbranded-passport-cover,travel-luggage-accessories,TR,seed_derived,1
20260730_04,594,travel-luggage-accessories-unbranded-passport-cover,travel-luggage-accessories,VN,seed_derived,1
20260730_04,595,travel-luggage-accessories-luggage-tag-set,travel-luggage-accessories,CN,seed_derived,1
20260730_04,595,travel-luggage-accessories-luggage-tag-set,travel-luggage-accessories,TR,seed_derived,1
20260730_04,595,travel-luggage-accessories-luggage-tag-set,travel-luggage-accessories,VN,seed_derived,1
20260730_04,596,travel-luggage-accessories-foldable-travel-hanger-set,travel-luggage-accessories,CN,seed_derived,1
20260730_04,596,travel-luggage-accessories-foldable-travel-hanger-set,travel-luggage-accessories,TR,seed_derived,1
20260730_04,596,travel-luggage-accessories-foldable-travel-hanger-set,travel-luggage-accessories,VN,seed_derived,1
20260730_04,597,travel-luggage-accessories-shoe-travel-bag,travel-luggage-accessories,CN,seed_derived,1
20260730_04,597,travel-luggage-accessories-shoe-travel-bag,travel-luggage-accessories,TR,seed_derived,1
20260730_04,597,travel-luggage-accessories-shoe-travel-bag,travel-luggage-accessories,VN,seed_derived,1
20260730_04,598,travel-luggage-accessories-travel-cable-organizer,travel-luggage-accessories,CN,seed_derived,1
20260730_04,598,travel-luggage-accessories-travel-cable-organizer,travel-luggage-accessories,TR,seed_derived,1
20260730_04,598,travel-luggage-accessories-travel-cable-organizer,travel-luggage-accessories,VN,seed_derived,1
20260730_04,599,travel-luggage-accessories-travel-neck-pillow,travel-luggage-accessories,CN,seed_derived,1
20260730_04,599,travel-luggage-accessories-travel-neck-pillow,travel-luggage-accessories,TR,seed_derived,1
20260730_04,599,travel-luggage-accessories-travel-neck-pillow,travel-luggage-accessories,VN,seed_derived,1
20260730_04,600,travel-luggage-accessories-collapsible-travel-laundry-bag,travel-luggage-accessories,CN,seed_derived,1
20260730_04,600,travel-luggage-accessories-collapsible-travel-laundry-bag,travel-luggage-accessories,TR,seed_derived,1
20260730_04,600,travel-luggage-accessories-collapsible-travel-laundry-bag,travel-luggage-accessories,VN,seed_derived,1
20260730_04,601,pet-care-accessories-pet-grooming-brush,pet-care-accessories,CN,seed_derived,1
20260730_04,601,pet-care-accessories-pet-grooming-brush,pet-care-accessories,TH,seed_derived,1
20260730_04,601,pet-care-accessories-pet-grooming-brush,pet-care-accessories,VN,seed_derived,1
20260730_04,602,pet-care-accessories-pet-nail-file,pet-care-accessories,CN,seed_derived,1
20260730_04,602,pet-care-accessories-pet-nail-file,pet-care-accessories,TH,seed_derived,1
20260730_04,602,pet-care-accessories-pet-nail-file,pet-care-accessories,VN,seed_derived,1
20260730_04,603,pet-care-accessories-pet-feeding-mat,pet-care-accessories,CN,seed_derived,1
20260730_04,603,pet-care-accessories-pet-feeding-mat,pet-care-accessories,TH,seed_derived,1
20260730_04,603,pet-care-accessories-pet-feeding-mat,pet-care-accessories,VN,seed_derived,1
20260730_04,604,pet-care-accessories-collapsible-pet-bowl,pet-care-accessories,CN,seed_derived,1
20260730_04,604,pet-care-accessories-collapsible-pet-bowl,pet-care-accessories,TH,seed_derived,1
20260730_04,604,pet-care-accessories-collapsible-pet-bowl,pet-care-accessories,VN,seed_derived,1
20260730_04,605,pet-care-accessories-pet-toy-storage-basket,pet-care-accessories,CN,seed_derived,1
20260730_04,605,pet-care-accessories-pet-toy-storage-basket,pet-care-accessories,TH,seed_derived,1
20260730_04,605,pet-care-accessories-pet-toy-storage-basket,pet-care-accessories,VN,seed_derived,1
20260730_04,606,pet-care-accessories-pet-waste-bag-dispenser,pet-care-accessories,CN,seed_derived,1
20260730_04,606,pet-care-accessories-pet-waste-bag-dispenser,pet-care-accessories,TH,seed_derived,1
20260730_04,606,pet-care-accessories-pet-waste-bag-dispenser,pet-care-accessories,VN,seed_derived,1
20260730_04,607,pet-care-accessories-pet-hair-remover-roller,pet-care-accessories,CN,seed_derived,1
20260730_04,607,pet-care-accessories-pet-hair-remover-roller,pet-care-accessories,TH,seed_derived,1
20260730_04,607,pet-care-accessories-pet-hair-remover-roller,pet-care-accessories,VN,seed_derived,1
20260730_04,608,pet-care-accessories-pet-bath-towel,pet-care-accessories,CN,seed_derived,1
20260730_04,608,pet-care-accessories-pet-bath-towel,pet-care-accessories,TH,seed_derived,1
20260730_04,608,pet-care-accessories-pet-bath-towel,pet-care-accessories,VN,seed_derived,1
20260730_04,609,pet-care-accessories-washable-pet-bed-cover,pet-care-accessories,CN,seed_derived,1
20260730_04,609,pet-care-accessories-washable-pet-bed-cover,pet-care-accessories,TH,seed_derived,1
20260730_04,609,pet-care-accessories-washable-pet-bed-cover,pet-care-accessories,VN,seed_derived,1
20260730_04,610,pet-care-accessories-pet-travel-organizer-bag,pet-care-accessories,CN,seed_derived,1
20260730_04,610,pet-care-accessories-pet-travel-organizer-bag,pet-care-accessories,TH,seed_derived,1
20260730_04,610,pet-care-accessories-pet-travel-organizer-bag,pet-care-accessories,VN,seed_derived,1
